trading_date,open,high,low,close,source_url,source_sha256
2002-10-31,83.9,83.92,83.9,83.91,https://www.sge.com.cn/sjzx/mrhqsj/509565,fed80a15aa2653af1520402fd4d2e49946dc5e7a30b2481aa5fc7e68bb17b847
2002-11-01,84.5,84.65,84.0,84.51,https://www.sge.com.cn/sjzx/mrhqsj/509566,babf20d05bd9660ec514c41974d990989dff04fa4e943f0bf4cede5794150a12
2002-11-04,84.9,85.06,84.9,84.99,https://www.sge.com.cn/sjzx/mrhqsj/509567,8d12c078b472071aab30843c70beb23ddefbc43e56048f943ee3971343c03126
2002-11-05,85.1,85.2,85.1,85.13,https://www.sge.com.cn/sjzx/mrhqsj/509568,51c8245267e9d45c5968a83b27c35248819e21d1d87e0490e023c669a9d651ee
2002-11-06,84.9,84.9,84.9,84.9,https://www.sge.com.cn/sjzx/mrhqsj/509569,4772254d7b22aa77e15c41bcd78e293d61ac0d3faf4ae05aaa33f3f6387260aa
2002-11-07,85.0,85.15,85.0,85.14,https://www.sge.com.cn/sjzx/mrhqsj/509570,381a3a1fde8f3d4f34b4f374ce7676190083b2f922c98e092961e886cf514cf0
2002-11-08,85.25,85.28,85.1,85.16,https://www.sge.com.cn/sjzx/mrhqsj/509571,6ed90f4c79d549f5d86e63a0c3f7f1a36cd942e650ea6480b62011c023503c6e
2002-11-11,85.18,85.19,85.18,85.19,https://www.sge.com.cn/sjzx/mrhqsj/509572,bf49335118093573d82ffd63baf7d0a7959cdf5d72924e93bb5701b79d56c044
2002-11-12,85.26,85.32,85.26,85.29,https://www.sge.com.cn/sjzx/mrhqsj/509573,13f2b2d670a55a9f1ee902e81d6036c8f3e4da20682825771661acab1262eaed
2002-11-13,85.7,86.3,85.5,85.99,https://www.sge.com.cn/sjzx/mrhqsj/509574,9743c6fcebb5410c034d79f293ff25c25f6be55aec6e14ef1384de226e19aa43
2002-11-14,84.62,85.48,84.62,84.97,https://www.sge.com.cn/sjzx/mrhqsj/509575,308ebfb4ba6dee4c4f721b2213bfa90d7f8df1ddcad21b1b679be46b5ebc5b99
2002-11-15,85.0,85.02,85.0,85.0,https://www.sge.com.cn/sjzx/mrhqsj/509576,f33408f50e8cf0d73e8158d029d89451dabc637dbf4d11e0cb1f27b58c5a6fb4
2002-11-18,85.26,85.31,85.25,85.28,https://www.sge.com.cn/sjzx/mrhqsj/509577,efce9b93ae851190dc21ad4ec82770b603c68196302e121b55ae407d1267df58
2002-11-19,84.85,85.32,84.85,85.22,https://www.sge.com.cn/sjzx/mrhqsj/509578,fb4246dbcdeb341b2e8f266ab90b89c424a3b3522c4a8ad85f2167d08d7010ad
2002-11-20,85.3,85.3,84.85,85.0,https://www.sge.com.cn/sjzx/mrhqsj/509579,80436c9a20a5ec0976bef6978c5b21970d8ee3f4ce5207fc54aa6a92c92fde79
2002-11-21,84.78,85.06,84.77,85.04,https://www.sge.com.cn/sjzx/mrhqsj/509580,633800d398e28df501572cd0d31247f645cb173f53a820d376c06caa59d47f42
2002-11-22,85.1,85.19,85.1,85.18,https://www.sge.com.cn/sjzx/mrhqsj/509581,e586c2dfad22de8ef62dba97e426cd95012443d9dae272101790d3f2fc7059c3
2002-11-25,85.21,85.5,85.21,85.39,https://www.sge.com.cn/sjzx/mrhqsj/509582,811b42ac78ce68b4d3442bb9035b90c2b4e477d59f6ce227caf5e6d59c21f276
2002-11-26,85.32,85.38,85.32,85.37,https://www.sge.com.cn/sjzx/mrhqsj/509583,df07078e132a513463cf45090c2a0f5f62951ea9cef4079d52a2a6e3bb4eb5e0
2002-11-27,85.4,85.55,85.4,85.52,https://www.sge.com.cn/sjzx/mrhqsj/509585,8c3802b69d9449e7ac992ccf0c5e303e610e8aaa3834999325311c4aeb609501
2002-11-28,85.55,85.55,85.51,85.53,https://www.sge.com.cn/sjzx/mrhqsj/509586,772e910735b496a82ca52248d66e4548c147e118ae0f04573fc9982cf2c52826
2002-12-02,85.33,85.55,85.33,85.55,https://www.sge.com.cn/sjzx/mrhqsj/509588,42c032abcbc484efc2e38665a3ebf0ab6c559088702dff8ce3c5e638704d7687
2002-12-03,85.5,85.55,85.5,85.55,https://www.sge.com.cn/sjzx/mrhqsj/509589,1eaa15885bca9c93ef4edb2e868d88b101950dd7ba7eb0a4854c737b9fdec7c3
2002-12-04,86.0,86.0,85.8,85.95,https://www.sge.com.cn/sjzx/mrhqsj/509590,c22a62e72f1c070fe93de9f7053e6e469cfd0df790f7d378b7a614f1cbc783eb
2002-12-05,86.0,86.0,85.8,85.95,https://www.sge.com.cn/sjzx/mrhqsj/509591,45f9265423889d4a669b2a613a086ce3ba479079db1f63ed3c6012ec8d5cf906
2002-12-06,85.95,86.27,85.95,86.23,https://www.sge.com.cn/sjzx/mrhqsj/509592,d71488123685dfb854d84beea076f26b653799b191a0337559c3c3fbd1665c40
2002-12-09,86.69,86.69,86.54,86.55,https://www.sge.com.cn/sjzx/mrhqsj/509593,c62015aeea02e4ae76617ce70b739a11f374877c656d0de420c459dd6497045c
2002-12-10,86.6,86.61,86.59,86.6,https://www.sge.com.cn/sjzx/mrhqsj/509594,6c953ecaa0232fe5006882d465cc3bd6069c706db09ef94455651d3a45743caf
2002-12-11,86.55,86.55,86.22,86.32,https://www.sge.com.cn/sjzx/mrhqsj/509595,9eac7c8c202791a2b6ba9cdf4055366cb0c1fe7fd7109e8aeb8c01617e01a9c0
2002-12-12,86.4,86.45,86.4,86.45,https://www.sge.com.cn/sjzx/mrhqsj/509596,0f108bcfb76c8b958381b2d398e8e6d39c289179dd9e58de801cbff356100094
2002-12-13,87.84,87.9,87.84,87.9,https://www.sge.com.cn/sjzx/mrhqsj/509597,ca2a98c0a66fbe382b0af3adb60ce8c9b963dc99f8d984d6bbae39122c534f4c
2002-12-16,88.8,90.0,88.78,89.53,https://www.sge.com.cn/sjzx/mrhqsj/509598,af53b8c0bb4ce1bb9101b6e1e983478d059053fec13693484c9c9a5583ae48e8
2002-12-17,89.8,90.15,89.8,90.11,https://www.sge.com.cn/sjzx/mrhqsj/509599,a305cde24227cbe4b2d89bb023c53d2d4b3ff314abd3086de9e390349996a259
2002-12-18,90.15,90.15,90.07,90.15,https://www.sge.com.cn/sjzx/mrhqsj/509600,22b6e8099aa6610ced41a9b8d0787bf8903a16f8af386759a8490d8b38773e7d
2002-12-19,91.62,94.5,91.62,93.66,https://www.sge.com.cn/sjzx/mrhqsj/509601,4fe8d881ee5cc13e366144684bf658a27060eca40eff9579df64ebf79c8fe1cd
2002-12-20,94.0,94.8,93.88,94.4,https://www.sge.com.cn/sjzx/mrhqsj/509602,5d81607d35aa3ff6631b049fbe88a8d2404b8d80fad62efa0e3b7cfe6a9e87e3
2002-12-23,93.8,94.0,93.28,93.44,https://www.sge.com.cn/sjzx/mrhqsj/509603,5a769a80073f20bfb96e142bbd03a1714e7dae29b50ba396e81d9c0a61090ca6
2002-12-24,93.65,93.65,92.9,93.1,https://www.sge.com.cn/sjzx/mrhqsj/509604,f3b048fec69fce33a6613ecbf5c38481db7009c97e152401a2c38a0b304d5780
2002-12-25,93.2,93.25,93.05,93.05,https://www.sge.com.cn/sjzx/mrhqsj/509605,2d05f992daf3589f373b4175045c9dead732e0aef5f7deffe2c5935b6af308e8
2002-12-26,92.55,93.08,92.55,93.01,https://www.sge.com.cn/sjzx/mrhqsj/509606,32e7c1dc77e225cca038c9be054675b4d07ce53c2692f27bc603e6690a392486
2002-12-27,93.8,93.85,93.5,93.61,https://www.sge.com.cn/sjzx/mrhqsj/509607,1aae3179887f38086256bfefac852f5ae44b361d67bacd54728d07a3a1da032b
2002-12-30,93.8,94.0,93.6,93.86,https://www.sge.com.cn/sjzx/mrhqsj/509608,c0e3aa3dca5fb77e82ea569166b7dd116dd7031974b29d67bd96d493deafd1a3
2002-12-31,93.35,93.35,92.51,92.79,https://www.sge.com.cn/sjzx/mrhqsj/509609,348b750ad42ba8fe5d0f0f01a21cc6d50648511a570bb736a2b2b71b20cbfcf8
2003-01-02,93.0,93.0,92.8,92.87,https://www.sge.com.cn/sjzx/mrhqsj/509610,7e08248c1acfad38ec83228da900b11507043e893ecf14c469269ee4e124c42b
2003-01-03,92.8,92.84,92.75,92.81,https://www.sge.com.cn/sjzx/mrhqsj/509611,c197555f5a3da8c24bb98767a5550b13cfd7299d552019b5b1229869cc8d00e1
2003-01-06,93.99,94.0,93.9,93.95,https://www.sge.com.cn/sjzx/mrhqsj/509613,62ff6beddeee60445aff41d3f659577590ae8b8274ee019fc54fee74958f38ac
2003-01-07,93.75,93.75,93.66,93.67,https://www.sge.com.cn/sjzx/mrhqsj/509614,b2e318896f601406bd5a0e0d9cbb42b8860a17771106c91dbe4725ea96186ebe
2003-01-08,93.6,93.6,93.3,93.37,https://www.sge.com.cn/sjzx/mrhqsj/509615,3c132a1df1454427baf3f0abf5e3fc396cbdb5e385c58b59b398f38973961550
2003-01-09,94.36,94.36,94.1,94.22,https://www.sge.com.cn/sjzx/mrhqsj/509616,57b887e9f967599ae50317cad6fef84371073b1826ac3a7e72d60312a17cc9a2
2003-01-10,94.38,94.38,94.18,94.2,https://www.sge.com.cn/sjzx/mrhqsj/509617,126ccc6c7284006e500b86af19fc252ba661d9c889b7c77d4bd39031a9cfd178
2003-01-13,94.3,94.4,94.3,94.4,https://www.sge.com.cn/sjzx/mrhqsj/509618,f39b6b03b5b268c2a964f6c405634ca5d838b7810cae3b9b36675075bd9b5d2f
2003-01-14,94.75,94.8,94.75,94.8,https://www.sge.com.cn/sjzx/mrhqsj/509619,7a7bf7a88d11ad1f2cbb9598b057913146c52481727c8869c42ff261b042dae9
2003-01-15,94.8,94.9,94.65,94.88,https://www.sge.com.cn/sjzx/mrhqsj/509620,6020d64a6e94ebe694ab9e31e873e2c95edf5217bf5e80161a69f0339abfb524
2003-01-17,95.5,95.68,95.5,95.58,https://www.sge.com.cn/sjzx/mrhqsj/509622,92d4484c7e1d5ab3216ca043af97d18386019f73877f89fb9b02589f131da2a2
2003-01-21,96.0,96.28,96.0,96.27,https://www.sge.com.cn/sjzx/mrhqsj/509623,5047a173c6bbb8cdf2b78b78a5c7847eb598e246b963d598b64f93d84342d6a3
2003-01-22,97.5,97.5,97.35,97.42,https://www.sge.com.cn/sjzx/mrhqsj/509624,797453ee8f1ef6ba9e993b10ac17c848ca37ed1ba16b29ac60068c6210b5b6f8
2003-01-23,98.48,98.5,97.65,97.7,https://www.sge.com.cn/sjzx/mrhqsj/509625,438375b2de9a30741914304bbc124294abce18c62b8c2321e296e53134dad641
2003-01-24,98.3,98.3,97.94,97.98,https://www.sge.com.cn/sjzx/mrhqsj/509626,f20522a1e5057d5a785884bb52265da358026091f2400340e81bbf366c353a59
2003-01-27,98.5,98.52,98.0,98.1,https://www.sge.com.cn/sjzx/mrhqsj/509627,c5308ffffcf2426f8bfa0167130013f27d67bf0b5794d1b5513d5d51541e6977
2003-01-28,98.12,98.12,97.15,97.24,https://www.sge.com.cn/sjzx/mrhqsj/509628,ba0d68d74d2e219c91c16210582fde9353bf032ef17d4c7e1de6e1cc641416e6
2003-01-29,97.78,97.78,97.5,97.7,https://www.sge.com.cn/sjzx/mrhqsj/509629,5eb351af7e28d8c2e5665bffdcf03b32d7e622822ffc8756fbe5ba22ca773cce
2003-02-10,98.5,99.4,98.5,99.07,https://www.sge.com.cn/sjzx/mrhqsj/509630,41a2b247f46140c161154729b91c25257997482915de2db8ec57c5d9c891f1de
2003-02-11,97.55,97.8,97.18,97.41,https://www.sge.com.cn/sjzx/mrhqsj/509631,fe08e32e970471aa93140f953c195e991dd8751b2624b9146a44c7c8aff1f5c4
2003-02-12,97.11,97.36,97.0,97.2,https://www.sge.com.cn/sjzx/mrhqsj/509632,1f3199517495d0c3dea51913c630ba07fde3e5875cb1291b13665d236e2b76c8
2003-02-13,94.1,95.0,94.1,94.36,https://www.sge.com.cn/sjzx/mrhqsj/509633,c4858f252ddcd9e9ad58e23f50c5838863ddb6d9eed2b931c90eb30a216912ac
2003-02-14,96.58,96.58,96.0,96.46,https://www.sge.com.cn/sjzx/mrhqsj/509634,e92fe952fd91edf64ff59dc0000c3e99bd8273143d6925f04fe5d1ee9387f22d
2003-02-17,92.5,94.6,92.5,93.22,https://www.sge.com.cn/sjzx/mrhqsj/509635,d7da6590ac3236c3cf9c841f9394a209d53d51ebcf9ca994f565adb0f7d32584
2003-02-18,94.0,94.48,94.0,94.07,https://www.sge.com.cn/sjzx/mrhqsj/509636,77063ce37f1148c7dd55a4a00c49908587f78872d9e275b53d120ce7e6981bbd
2003-02-19,93.0,93.6,93.0,93.43,https://www.sge.com.cn/sjzx/mrhqsj/509637,3c52efaa1c2a360e334d7d4ee4a31878c76b3c6c981652e0a6d0db0cc8945f71
2003-02-20,94.9,95.0,94.83,94.88,https://www.sge.com.cn/sjzx/mrhqsj/509638,e83510f25b0284bd938969264f591d1a2213c5e907368dd9b604b8c1fd5ce047
2003-02-21,95.5,95.55,95.08,95.19,https://www.sge.com.cn/sjzx/mrhqsj/509639,53d5c0fadc68a795e122d014f8cfabc811b19c2f68baf75443748a287390ac6b
2003-02-24,94.31,95.0,94.31,94.74,https://www.sge.com.cn/sjzx/mrhqsj/509640,b13c2e93de541af1560553630ecb2593eec50091101c96f85814bba08c17cfdb
2003-02-25,96.5,96.5,95.67,95.74,https://www.sge.com.cn/sjzx/mrhqsj/509641,67fd9cf922b3871789afe94ad7d82cf22dc20036ac5b8bd32859a0aa90858577
2003-02-26,95.18,95.56,94.6,94.65,https://www.sge.com.cn/sjzx/mrhqsj/509642,22f244b19888f84bc93f69fe30436100881a933ffab8e1ccc95d2c47dea7f549
2003-02-27,95.3,95.3,94.8,94.93,https://www.sge.com.cn/sjzx/mrhqsj/509643,ef6bd765d5b824e0c71f46f39bb547eb8c951ba1a3cbf2dabf82eca322fda5ee
2003-02-28,93.78,93.78,93.5,93.59,https://www.sge.com.cn/sjzx/mrhqsj/509644,1c78141fbdf8beba158b616e02185d20a745f288814117a6557aa2ec48f3d461
2003-03-03,93.28,93.45,93.0,93.02,https://www.sge.com.cn/sjzx/mrhqsj/509645,85142db7f1333f53599d799bd6b6edd811146dd481a9097c53ed6ec6e1a6fe3a
2003-03-04,93.88,93.99,93.73,93.95,https://www.sge.com.cn/sjzx/mrhqsj/509646,02de8f654db42c093a6460765555875c742cf6f32ea9d96d604c25b0da5e26d7
2003-03-05,95.0,95.08,94.9,94.93,https://www.sge.com.cn/sjzx/mrhqsj/509647,2c00be5463ce26353963837ca77a03df6d741053da975fbba2e5cc5f0d108e42
2003-03-06,94.97,94.97,94.4,94.61,https://www.sge.com.cn/sjzx/mrhqsj/509648,e456840e4fc96efaba15841608e90186783b32931608ef953bcd57c61a6a3dc7
2003-03-07,94.9,95.0,94.81,94.89,https://www.sge.com.cn/sjzx/mrhqsj/509649,2d987224cc743abe594ddd49880085d21f1a426f307fa973dffeb05f33d0d22c
2003-03-10,94.75,94.85,94.55,94.56,https://www.sge.com.cn/sjzx/mrhqsj/509650,9ed09966f5179b2fc55fd66861397a1752efec7961dbc2119cbd20bc2b3cc892
2003-03-11,94.8,94.8,94.25,94.26,https://www.sge.com.cn/sjzx/mrhqsj/509651,e2f555e1ab67d47d1e8ffff18e49bcdbbecb42c4c596ab9bfee297a9e8b8617d
2003-03-12,93.6,93.8,93.5,93.73,https://www.sge.com.cn/sjzx/mrhqsj/509652,41424ed02359179fb38fc8de0a318995bc273f6f8aa220c26c7ecae5e81521a0
2003-03-13,92.5,92.8,92.49,92.76,https://www.sge.com.cn/sjzx/mrhqsj/509653,303e9f5eee6187fb366fa7aa12515ce326bc0cb92ef0b91b5834b7682260c44b
2003-03-14,91.2,91.2,89.95,90.24,https://www.sge.com.cn/sjzx/mrhqsj/509654,48c0dd0cd796d1fdddd6e1e5c968d65276115f3ff1155223da9acaf5985a3fbb
2003-03-17,92.3,92.3,91.95,92.15,https://www.sge.com.cn/sjzx/mrhqsj/509655,01c4fe6d3b4f2e0ca2dfcd11c50be5280ef4159ec3b3434d01880044be194b72
2003-03-18,91.03,91.1,90.86,91.1,https://www.sge.com.cn/sjzx/mrhqsj/509656,4f710bccee827bacbcde502a00acb2f66ca0966d29c6d7c3c758f3fa13f2203d
2003-03-20,90.0,90.15,89.0,89.65,https://www.sge.com.cn/sjzx/mrhqsj/509657,c6816acbab25b75c33386756edc4773378f43bbf6857cf1241cd061a91141166
2003-03-21,89.8,90.15,89.8,90.15,https://www.sge.com.cn/sjzx/mrhqsj/509658,29b3f38a59316c5877aaccc344a5d68aa00aedfb3d0fbbcf030f2558acac859a
2003-03-24,88.6,89.3,88.6,89.28,https://www.sge.com.cn/sjzx/mrhqsj/509659,472ba1d37ed05fae9847381032cc637eaf1b9e4926526547e21c25753247b583
2003-03-26,89.35,89.35,88.7,88.75,https://www.sge.com.cn/sjzx/mrhqsj/509661,e0541feb3c714a623c40f6578353d646c80fe82f7eb784105f95137e94c8a6fe
2003-03-27,89.25,89.35,89.08,89.09,https://www.sge.com.cn/sjzx/mrhqsj/509662,ddb742a6f369abc21960afe273a983ebfcc4ad004be22b9313329b396a6d62d4
2003-03-28,88.81,89.0,88.35,88.4,https://www.sge.com.cn/sjzx/mrhqsj/509663,2256e85d62dee18c09fe8132b48b6efac85113e2c61163b9ecd09dd5ce594844
2003-03-31,89.3,89.7,89.3,89.35,https://www.sge.com.cn/sjzx/mrhqsj/509664,2d326f41007e133ff5304fdeb5903768daad259a9e6400d8d4f09918a335254d
2003-04-01,89.78,89.98,89.52,89.7,https://www.sge.com.cn/sjzx/mrhqsj/509665,d8527e63444fcc9c00790ce0ff9d3ed8e7599bfd00485cbb826efa1cde771bf0
2003-04-02,89.7,89.7,88.88,89.01,https://www.sge.com.cn/sjzx/mrhqsj/509666,aebb5ea4a7f82cce9d71dc782b6b128798ae9fdec5a6d8c7197691e7011fe545
2003-04-03,88.51,88.51,88.11,88.22,https://www.sge.com.cn/sjzx/mrhqsj/509667,b79b196dec43e9b2b2667c96decdd4634ec042b57ea0718454865f231697e993
2003-04-04,87.5,87.5,86.6,86.81,https://www.sge.com.cn/sjzx/mrhqsj/509668,c3067db857870f9c087054de4960e84aef4459fe63e96516ed87f5083c4791f0
2003-04-07,86.5,86.5,86.0,86.01,https://www.sge.com.cn/sjzx/mrhqsj/509669,580520442e7d10e895f125dd2e9e09ea8cab4602b10d5ae4a362738cbf488253
2003-04-08,86.89,86.89,85.92,86.01,https://www.sge.com.cn/sjzx/mrhqsj/509670,40232a70b95f5f43fcc7fe59c66c343384246f729cd27c8b24ba25137bdc6a53
2003-04-09,86.41,86.99,86.41,86.86,https://www.sge.com.cn/sjzx/mrhqsj/509671,f8f94f019b359a05e371a7925e183b8b3fcf973f81c73b34cb9bc75d005a38a3
2003-04-10,87.45,87.63,87.41,87.41,https://www.sge.com.cn/sjzx/mrhqsj/509672,3f96f9e5c34458e2c48c66babed4b468bd3215f53022323a2b485c45d3f8044d
2003-04-11,87.2,87.25,87.05,87.2,https://www.sge.com.cn/sjzx/mrhqsj/509673,9d2040605e4d4dfbdc82cfa27f6cf1d2d5fc67f5077b9e81042fe39a8d187192
2003-04-14,87.4,87.45,87.25,87.3,https://www.sge.com.cn/sjzx/mrhqsj/509674,88545ae27e0dbac57b6b9b07e3e1ffd464e4da0ecc447cf7438f348911fa18ca
2003-04-15,86.89,86.89,86.61,86.65,https://www.sge.com.cn/sjzx/mrhqsj/509675,ac51bed77563febac50a0330c399fc71b5911c106496be064021cd4cac9e6f4c
2008-08-11,193.0,193.0,189.8,189.88,https://www.sge.com.cn/sjzx/mrhqsj/509676,0392f53852e91767efab6f2ffaba594b6d640033b11990bc31267785eef8c41f
2008-08-12,190.28,190.28,177.9,180.0,https://www.sge.com.cn/sjzx/mrhqsj/509677,0bdf3c7b4f868abc7d657801cb30e6fe80e388c8aada0fe3375139084e9a5d03
2008-08-13,182.0,182.9,179.0,182.84,https://www.sge.com.cn/sjzx/mrhqsj/509678,c2ce1d2a4e57aa739d9b576e2e0d939e639e3fdc642b916ce6453138695d3e58
2008-08-14,182.0,184.5,180.0,184.26,https://www.sge.com.cn/sjzx/mrhqsj/509679,cc63e091c8c9988043734f2c0286765ac614161eea1aa275ac09492739be8c28
2008-08-15,182.0,182.3,174.9,175.5,https://www.sge.com.cn/sjzx/mrhqsj/509680,5590c7b51fc55e47340bc436affea1fed56e5929e39e69613a3ff4cf78f57fa4
2008-08-18,178.0,178.6,176.6,178.06,https://www.sge.com.cn/sjzx/mrhqsj/509681,36a0b58d5a2bc48a879486295d1af98827b33bea21f9f543257fdd89f48650fc
2008-08-19,178.06,178.06,174.0,174.0,https://www.sge.com.cn/sjzx/mrhqsj/509682,2305bd4c046fe842c5fff8998744b179894aa6d6deb7ab734fb52e5e6991ae45
2008-08-21,179.25,181.18,177.0,180.94,https://www.sge.com.cn/sjzx/mrhqsj/509683,6bbf7d19b6d584cfec1c1bcf2b735377e8f8b9220b03ac3d36946f010f30bdbd
2008-08-22,183.22,184.99,182.4,184.04,https://www.sge.com.cn/sjzx/mrhqsj/509684,f7dde48910749f0d48787a8e90afdc697aa8267e9120d10b9b6c512963c0a314
2008-08-25,182.0,182.0,179.6,181.19,https://www.sge.com.cn/sjzx/mrhqsj/509685,948cc8681ed4de39102d61194c963bea8768cfe15e96672c7a02ed2d0ae12a97
2008-08-26,181.03,182.28,180.6,180.88,https://www.sge.com.cn/sjzx/mrhqsj/509686,727450ce0ed6d72124b5d2f062b99063a82a25ae85f9f2036db6a220be7b44e8
2008-08-27,180.0,183.2,180.0,182.58,https://www.sge.com.cn/sjzx/mrhqsj/509687,ad819ac9f158ca8ad521c943ff9cf86a9ccda09479c5d675c3e1607b764d0e15
2008-08-28,183.4,183.8,181.75,183.78,https://www.sge.com.cn/sjzx/mrhqsj/509688,7d4f4a161c959455bd9c053898ad1fc8b6711a5cefe6b31bd5a061d241cf277b
2008-08-29,185.0,185.2,182.28,183.98,https://www.sge.com.cn/sjzx/mrhqsj/509689,9923a0e5736da35872f28970bf3998581869edbd59b1851cf25b7c1b1f88b23b
2008-09-01,183.98,183.98,182.5,183.8,https://www.sge.com.cn/sjzx/mrhqsj/509690,f96d57d54bd06269d985ce82c89804cf8269666142abf9d162cf75eefb7e62e7
2008-09-02,182.6,182.6,177.7,178.28,https://www.sge.com.cn/sjzx/mrhqsj/509691,d9d6760c533507930220c3914e9d45faa8d42a281fc626579ef41715ba58e27d
2008-09-03,175.03,179.0,175.03,176.3,https://www.sge.com.cn/sjzx/mrhqsj/509692,45b6fa028665052664ee248c15d1e35c6ed3320a799d51fb49ccb66902e01f58
2008-09-04,177.19,178.78,176.38,178.71,https://www.sge.com.cn/sjzx/mrhqsj/509693,b5962dbd63cd021fecbdda15c758c74f28ba242dc2fd3ea32e7fb3bfbf3eda30
2008-09-05,179.0,179.0,175.3,176.9,https://www.sge.com.cn/sjzx/mrhqsj/509694,421a65c75ee92002ef760355a31e5473c2177c6de5734a47ff3dc3e14f0761e0
2008-09-08,178.7,180.6,178.7,179.89,https://www.sge.com.cn/sjzx/mrhqsj/509695,38faf737a7b87fb28b87c018ad77424e2cd5bc6d6013d47ed8892bd6c405d779
2008-09-09,179.0,179.5,176.01,176.59,https://www.sge.com.cn/sjzx/mrhqsj/509696,9e7666b3aaf040556041bc2e6cf38e960c98f3bc160856b95ddf173c26c7247a
2008-09-10,175.0,175.2,169.6,171.68,https://www.sge.com.cn/sjzx/mrhqsj/509697,ec508056ce7929956af20b3f60550800ccc3c4496692e44d15f1967ae470fb25
2008-09-11,172.3,172.95,166.69,167.36,https://www.sge.com.cn/sjzx/mrhqsj/509698,0531ab7b8629221955815968ccdb83bc24fc0793fdb29da9dc9f14f33c64a1bc
2008-09-12,168.0,168.0,163.16,167.87,https://www.sge.com.cn/sjzx/mrhqsj/509699,7d88f7aa86a06eaddbabd4606ae1b55720a71fa9235ddf7d4c1511fb70fbc415
2008-09-16,172.0,172.0,170.5,171.45,https://www.sge.com.cn/sjzx/mrhqsj/509700,1f5b7c05029fbaad051b2913da61cb686950c0206ab0161106d64bbe424ea896
2008-09-17,172.0,174.0,171.0,173.99,https://www.sge.com.cn/sjzx/mrhqsj/509701,d5a02a15c44d11f2befe8c17f631260aab042ffd68f57dfe487b502e5f9b7232
2008-09-18,173.99,196.0,173.1,191.19,https://www.sge.com.cn/sjzx/mrhqsj/509702,6aab1469c27796c949205146f03d935b2dd26b34deaca608bb460363d1c8fbc6
2008-09-19,191.0,197.5,185.0,185.07,https://www.sge.com.cn/sjzx/mrhqsj/509703,e4b21e6a63c8740f724d29223407d651d5e2f70a39acbbc03473341d605212c8
2008-09-22,190.0,191.3,186.0,191.29,https://www.sge.com.cn/sjzx/mrhqsj/509704,33b7ed8fa5fd040459e8e9103964d1753e83aaff9bbf77abf65717900a436f44
2008-09-23,193.0,199.0,191.5,193.98,https://www.sge.com.cn/sjzx/mrhqsj/509705,6074451474ee5a08f469182fddfa0da3fc757d52b0cdeef1bee8aef30f95a6d5
2008-09-24,195.6,197.5,193.0,194.4,https://www.sge.com.cn/sjzx/mrhqsj/509706,5afc86504db3c9add3fd5ecbaaa6f1554885a3be5988178e0801944418c5172c
2008-09-25,197.8,197.98,193.78,195.7,https://www.sge.com.cn/sjzx/mrhqsj/509707,d967993ab9b3d59c6840918b811264fc94122ce72a4d07f0d10a8856be1f308e
2008-09-26,195.7,195.98,190.07,192.75,https://www.sge.com.cn/sjzx/mrhqsj/509708,010863fafab8674711638a3e4365f33b51cdf021df0727b24b0c4666fc124336
2008-10-06,183.0,184.35,182.8,183.18,https://www.sge.com.cn/sjzx/mrhqsj/509709,4ff6cba42b48102a0a4e23cf7f889264e80cb60419cc7d0721f280195bddadd6
2008-10-07,188.0,192.2,188.0,191.3,https://www.sge.com.cn/sjzx/mrhqsj/509710,1b38c6913bc3a4795f1fc7073bffc4f7f5d7a0f2abd004da65f3d2a9cd3d87c1
2008-10-08,194.5,197.3,191.0,196.28,https://www.sge.com.cn/sjzx/mrhqsj/509711,aca92d9617735c7a759a24766d4a1e1a94bed3836154888587c4f026e8f05db2
2008-10-09,200.0,201.0,194.1,194.31,https://www.sge.com.cn/sjzx/mrhqsj/509712,ae6d579e3813774e453234926adce59705f193b2ff6c6fde988fb8dff81b06ab
2008-10-10,195.0,203.0,193.55,202.39,https://www.sge.com.cn/sjzx/mrhqsj/509713,9ec822ac1755ed9e001fd5d9c15ee0148598f31df9bf17719fb40813b958a309
2008-10-13,197.5,197.5,188.8,189.67,https://www.sge.com.cn/sjzx/mrhqsj/509714,aa649ad01b19729519db0890f7b2f143ab3d7845671faccbb3d9fc808e8407e6
2008-10-14,189.67,189.67,183.0,186.79,https://www.sge.com.cn/sjzx/mrhqsj/509715,0d09c7468837d207a88b61e681b5312a85d1061c921e734ccbe14c48f620fdf8
2008-10-15,186.0,187.4,185.05,186.97,https://www.sge.com.cn/sjzx/mrhqsj/509716,734e2a1b36e3b89e5fcb4523f701600f7c36cfdb004d45f536d89f7c621eeda5
2008-10-16,185.7,187.5,183.88,184.25,https://www.sge.com.cn/sjzx/mrhqsj/509717,010fc8700c2ac8821fe73786447a25fc1bd9d6f00b55da115eff18a2128c5700
2008-10-17,184.25,184.51,175.38,179.04,https://www.sge.com.cn/sjzx/mrhqsj/509718,11b65d82d0073aecdd5deac744707ffc4d26d42f4de1197cd08ff044a0438460
2008-10-20,179.0,179.0,175.98,178.49,https://www.sge.com.cn/sjzx/mrhqsj/509719,fcefefd3fe8d62d1533f9b4837784ffd26c3aeef25b70b27c8a17cae799a5b8e
2008-10-21,178.49,178.49,174.5,175.0,https://www.sge.com.cn/sjzx/mrhqsj/509720,9f00817f9e9719d0ccb441eef2aa3e01a900b171dc7e918edf89a977f8945c96
2008-10-22,173.0,173.0,169.0,169.0,https://www.sge.com.cn/sjzx/mrhqsj/509721,85d92c0c7839718f5c674e9b8e49bdaf9d1617de60d4ba5f81c9eedb00f8235c
2008-10-23,169.0,170.4,160.5,162.9,https://www.sge.com.cn/sjzx/mrhqsj/509722,d82a0f04bc6b7d36bb513fd79ff01fa221dd722b04ffb6d052e9651c30981350
2008-10-24,162.0,163.2,157.5,160.81,https://www.sge.com.cn/sjzx/mrhqsj/509723,521685fb75fe02bfed8a742b9a2f57ef73224fe61b9cd4666a4d40f515636b5e
2008-10-27,164.5,165.5,161.0,162.87,https://www.sge.com.cn/sjzx/mrhqsj/509724,c070d0fdbb5e4d8838285c9a0cbe46e5c8c99ce13a03a85e98f61e3783d5c333
2008-10-28,163.0,167.2,161.8,167.03,https://www.sge.com.cn/sjzx/mrhqsj/509725,488eabe14351e9b4fec79b0517848ab84af982cac59db5573ed164057451a83c
2008-10-29,167.0,168.0,163.8,167.56,https://www.sge.com.cn/sjzx/mrhqsj/509726,a9c8f87ba5b9ccab75e42d0f9cd7409e0bcf3d334f4a85b0ed99d589cb62513a
2008-10-30,167.56,171.28,167.56,171.06,https://www.sge.com.cn/sjzx/mrhqsj/509727,c2078d75f92b633751a45c2d3cad4f5e8f53ad3a72bb35ce324ff52e2a8e87ff
2008-10-31,171.06,171.06,162.0,164.0,https://www.sge.com.cn/sjzx/mrhqsj/509728,737bc769b20693d13e8252e32afca9e07cb66d6013d6f0bba378cf6dac6bd2d5
2008-11-03,163.0,165.8,163.0,165.8,https://www.sge.com.cn/sjzx/mrhqsj/509729,8091fc7557cb0f02c56f8fda60006c36d2b628a81583d627ce97fd6f8c7e962b
2008-11-04,168.0,168.0,162.7,164.82,https://www.sge.com.cn/sjzx/mrhqsj/509730,da348a8f41902c84040f0bdb4091454e368f49c1625e46ad1d5ae99728753c1f
2008-11-05,167.99,169.29,165.0,167.5,https://www.sge.com.cn/sjzx/mrhqsj/509731,a31fb6141355ed7f5b288604cfcdbe0f2ced7d6ac374ff98453b1b246d8eb30c
2008-11-06,169.0,169.0,165.5,165.51,https://www.sge.com.cn/sjzx/mrhqsj/509732,37c098ad86749dea9744130f44bf575032dee718a520c06741008bef6c133480
2008-11-07,167.5,167.74,163.8,165.52,https://www.sge.com.cn/sjzx/mrhqsj/509733,67e03e070bc0ccd346c79207a75cebe3be424ed3d02ed52ba08a63c4f71647e7
2008-11-10,168.33,168.5,166.0,167.9,https://www.sge.com.cn/sjzx/mrhqsj/509734,e51364fd22a8cee807f3503a3517b6f5c8735d1debe7cacb407aa48118975bd4
2008-11-11,169.0,169.48,166.71,167.18,https://www.sge.com.cn/sjzx/mrhqsj/509735,2651c23337b85020d6fce014005a44bf590b3fef6bc09aee74b170cfb9054637
2008-11-12,165.5,166.45,164.2,165.64,https://www.sge.com.cn/sjzx/mrhqsj/509736,c719ead5b9966c6d4599a758a13c516c1a90cdbf2ffd3ce3495059df0fa069fb
2008-11-13,165.64,165.64,160.0,161.79,https://www.sge.com.cn/sjzx/mrhqsj/509737,9f75215a139ccf545198acad97139cc95c6c5e24554b79c38da76ff988e27e02
2008-11-14,162.6,165.0,161.26,164.44,https://www.sge.com.cn/sjzx/mrhqsj/509738,ec81e60550e936f0c206968e771c9eff9a274848d63e337cd69e07fe233e64c9
2008-11-17,165.0,166.3,165.0,166.0,https://www.sge.com.cn/sjzx/mrhqsj/509739,16e6bc8bcaf7bf9f2ecf476033f5d116f1a05bc4f0b2d295ae92c71c6f22d2b5
2008-11-18,166.0,166.48,163.2,165.43,https://www.sge.com.cn/sjzx/mrhqsj/509740,0e9fffae23b0bb06556a761f4421838e86595c2ae11570f6fe8dd1abb51b242d
2008-11-19,165.0,165.9,164.91,165.6,https://www.sge.com.cn/sjzx/mrhqsj/509741,d0025919151c7097db7184d8280a3718aa3dd30e7f529861969e762fb0ffb8c1
2008-11-20,165.44,167.5,164.5,166.0,https://www.sge.com.cn/sjzx/mrhqsj/509742,0880d629003df01984acb2d05d3b4b13278349a56b7e885825ad6b2808037d81
2008-11-21,167.47,167.7,165.5,167.66,https://www.sge.com.cn/sjzx/mrhqsj/509743,44a4cbd67b72254538baa6790db58ce909a0d0292bc3a9ae004fd7f598606998
2008-11-24,175.0,176.5,173.5,173.5,https://www.sge.com.cn/sjzx/mrhqsj/509744,515a4f27845d060f94d14f9394d9f708f2442847c8f859718dcb5aff911aa9ea
2008-11-25,179.68,181.2,178.0,178.49,https://www.sge.com.cn/sjzx/mrhqsj/509745,72b4696e27c38a70abe06784577129f250ce7bbd82e93694f2b6c943845795af
2008-11-26,180.0,181.4,177.0,178.8,https://www.sge.com.cn/sjzx/mrhqsj/509746,401dcc3473cbce59a1a3fb2944f947449927970669d6da800c28e6ac5f77f405
2008-11-27,178.8,180.2,178.2,178.8,https://www.sge.com.cn/sjzx/mrhqsj/509747,128f94a908709d0e19b2af22cda3e8de98bda4040984080fe590be243b9e5dc0
2008-11-28,178.5,179.5,178.5,179.01,https://www.sge.com.cn/sjzx/mrhqsj/509748,8a671ec028b18064621d05d291bded4f0c142db3adc278329af035236151b42a
2008-12-01,178.6,179.0,177.71,178.39,https://www.sge.com.cn/sjzx/mrhqsj/509749,9891dbd43febaa3e631aac41d322c6d038d6db40b83bbe7b315ad7e09af44d49
2008-12-02,177.48,177.48,170.1,170.76,https://www.sge.com.cn/sjzx/mrhqsj/509750,26d0360174f4467c083ed413451474d1365f8bad09e54142186eb3a78d5806e1
2008-12-03,174.0,174.1,171.8,173.54,https://www.sge.com.cn/sjzx/mrhqsj/509751,ca59b4a7d1bdd509abc09f5352f5a41fcbb849e2426b12da2893926f3fe8501f
2008-12-04,173.54,173.54,170.61,171.56,https://www.sge.com.cn/sjzx/mrhqsj/509752,2a1be1dd0338cba14dbc0464ecfe006a690456db4a0b2fb6257f071bc1691c34
2008-12-05,171.0,173.2,171.0,173.12,https://www.sge.com.cn/sjzx/mrhqsj/509753,0aa566e8680028a8944b826fadba20e9ccf6e3f2cf97d0dcb65da0d2141efe64
2008-12-08,172.99,172.99,169.85,172.3,https://www.sge.com.cn/sjzx/mrhqsj/509754,c8b73a2a8359a399e0d7a19aefa5dace75c69a2b60202e9db41facc611eaeb01
2008-12-09,172.7,173.98,172.5,173.61,https://www.sge.com.cn/sjzx/mrhqsj/509755,cc654ed61c566676b2f1f421c5cf3bbff779813c2173b0a47e067e09fda27dc0
2008-12-10,173.5,175.15,172.35,175.0,https://www.sge.com.cn/sjzx/mrhqsj/509756,e80360666e99fb88b44c24324a4c993a37c160717bde6290fff5e1a1655920ec
2008-12-11,175.5,180.65,175.4,180.53,https://www.sge.com.cn/sjzx/mrhqsj/509757,5d08757fc47b1c5f8b8f1d3399f3410ffae0a287e1a98cb136b6111594856897
2008-12-12,183.26,183.9,178.3,178.49,https://www.sge.com.cn/sjzx/mrhqsj/509758,ae7db67b763bf4f6d6e1cdb8406c3d42c338899e238ccc5e4f3459db33bc01b9
2008-12-15,180.1,182.98,180.1,182.01,https://www.sge.com.cn/sjzx/mrhqsj/509759,ecfc23b8918b2fae0737bb3d4771464360d8c6c616208c64c12fed7522e61b57
2008-12-16,182.01,184.5,181.2,183.8,https://www.sge.com.cn/sjzx/mrhqsj/509760,a3d9a44b6d644a2d9c26731c33c87acce0f748d95c14162e5a83b5e41af4517f
2008-12-17,183.99,186.5,183.5,186.0,https://www.sge.com.cn/sjzx/mrhqsj/509761,b4c7eec31f339763c792d5ac6cac056e73877e3534a959ce5d1589f6c182a31e
2008-12-18,186.11,189.2,186.0,188.83,https://www.sge.com.cn/sjzx/mrhqsj/509762,4fbe9e93660b64f9a87868e8cc20aaf53dfa04c2277cafc858ffab4de19abe76
2008-12-19,190.6,191.0,185.81,187.15,https://www.sge.com.cn/sjzx/mrhqsj/509763,249787d70d579e70c10a526a176683a033a2fc6970d6ce48f190a7c92e75389c
2008-12-22,186.0,186.98,185.11,186.01,https://www.sge.com.cn/sjzx/mrhqsj/509764,402c0ec822fbf746b2582b674c66c02463067ba929382336e60e9fa51e80c24c
2008-12-23,186.5,187.3,185.7,187.17,https://www.sge.com.cn/sjzx/mrhqsj/509765,b3cda0e2cbc6458630783184df06a772456cf5ef9d6208ca6bfbc2f7778d817b
2008-12-24,187.1,187.1,185.21,185.3,https://www.sge.com.cn/sjzx/mrhqsj/509766,61fa44d37134d2cfee38ccd521de0fec869472f0824ba6daf62b963d79913699
2008-12-25,184.8,187.2,184.62,186.6,https://www.sge.com.cn/sjzx/mrhqsj/509767,510c9c5034027ecaf66c78353653e92ce40cc6e67b379eda272416028c4e52e5
2008-12-26,186.9,187.25,186.0,187.2,https://www.sge.com.cn/sjzx/mrhqsj/509768,be98d5371469930a1a2d10787c0607d81aeb8b5370a81daa33f3c58822e54619
2008-12-29,190.5,195.0,190.5,194.8,https://www.sge.com.cn/sjzx/mrhqsj/509769,ff1d9ad59ea8652cd22a632ff768c0245dc62ced98f29b117d056280e841af4c
2008-12-30,193.5,194.38,192.03,192.69,https://www.sge.com.cn/sjzx/mrhqsj/509770,2134aed790bbf9f51555f75b29585bd5de7fc6ea89333b9129f7674f2118259e
2008-12-31,190.5,192.35,190.0,190.65,https://www.sge.com.cn/sjzx/mrhqsj/509771,e4993918126b548b3b70b14012ad8720818617fe760e160431db9e2df67646e2
2009-01-05,193.0,193.0,191.25,192.02,https://www.sge.com.cn/sjzx/mrhqsj/509772,dcea5bbf131174d3580a060d3c1035faf301f639e79f8132389a87d1d8540eb2
2009-01-06,189.0,189.0,186.5,187.67,https://www.sge.com.cn/sjzx/mrhqsj/509773,b97ab1787fb982b51099a762c836d4b51f0c67e9b3a1dc89b9b4f8c4f37979d5
2009-01-07,186.57,190.45,186.1,189.77,https://www.sge.com.cn/sjzx/mrhqsj/509774,7e0d7a5679ae9d70175e9b26f91e0d2f2bedc60b43c0b9bc21f8171ddddca1f9
2009-01-08,190.0,190.6,186.2,187.5,https://www.sge.com.cn/sjzx/mrhqsj/509775,3413cc7b5258d176d7c053f4684423937f3ccc1bc8dc04561d44613a6e2cbb27
2009-01-09,187.5,189.85,186.11,189.69,https://www.sge.com.cn/sjzx/mrhqsj/509776,fb1e63f5388feb091745745482ed0a61173da7716880da5938df4f1aadce761c
2009-01-12,188.79,188.96,187.8,188.59,https://www.sge.com.cn/sjzx/mrhqsj/509777,dc4987e49b996fff78f5241c727e4a0540b582e84dfd03042f06b310426b0b04
2009-01-13,186.9,186.9,181.8,181.81,https://www.sge.com.cn/sjzx/mrhqsj/509778,03c85513fe0304255dc56b64d7074e8f7f4323c29935722e5a07c90bea88ce3e
2009-01-14,182.7,183.79,181.22,182.99,https://www.sge.com.cn/sjzx/mrhqsj/509779,e717ba365fe69b9b4dd55b1b2b3222cc2d74f3e665221974a4d963873d719b5e
2009-01-15,182.51,182.51,179.8,180.33,https://www.sge.com.cn/sjzx/mrhqsj/509780,56e4ef7263ed4b67b02379c3c02f90651cb90d2c9f9d68550fccb0f1dbabb93d
2009-01-16,180.8,182.7,179.8,182.47,https://www.sge.com.cn/sjzx/mrhqsj/509781,6236c17499d2bbe25bfbb150e3113c96a7434faeef6ba448102d7c78307ae978
2009-01-19,184.2,185.6,184.2,185.2,https://www.sge.com.cn/sjzx/mrhqsj/509782,ce1b0b590a89524047e2333911916c8d57bdae7f151383080ee349c4470beb6d
2009-01-20,184.02,184.8,182.9,182.95,https://www.sge.com.cn/sjzx/mrhqsj/509783,7da005edcd15c68ed2538c7ac782371851a23f137b8b1f275ccf4afea576a1ae
2009-01-21,187.0,189.5,186.0,187.57,https://www.sge.com.cn/sjzx/mrhqsj/509784,587965399b4aeba11ebb476d40ad3e59232430b3cf602909ea718e82a513017f
2009-01-22,188.8,188.98,186.7,187.8,https://www.sge.com.cn/sjzx/mrhqsj/509785,d5273e1b672c6e1a280ec98ba0c6150a03da9c1fab4c3014ee05de0eb1fe8f76
2009-01-23,187.0,189.3,186.6,188.49,https://www.sge.com.cn/sjzx/mrhqsj/509786,cde9ad19021f27a7e405ee7db7f3c6ed6d42bdbf908e568deb238456c5c1f57c
2009-02-02,200.8,202.4,198.9,199.75,https://www.sge.com.cn/sjzx/mrhqsj/509787,e1b62576ada13ca658651ed653be551fc942323491b9fcd39927354df98bbe82
2009-02-03,199.0,200.8,197.8,198.09,https://www.sge.com.cn/sjzx/mrhqsj/509788,b4e6067598b6ba415069e1604e4f7ab8462b6dee2f1bc16805145c85d77b35f7
2009-02-04,198.0,199.6,196.8,197.53,https://www.sge.com.cn/sjzx/mrhqsj/509789,496648e8a4ad3c474138ea96d2811ce2a9ea8975679c6f274005b40aeb17471e
2009-02-05,197.0,199.7,196.8,199.0,https://www.sge.com.cn/sjzx/mrhqsj/509790,c3d29cb2c9b6a189cab9ae0d00215c4248f5fb6e90a13a941eaa3c973a8f7283
2009-02-06,200.99,202.0,200.0,201.2,https://www.sge.com.cn/sjzx/mrhqsj/509791,314f6e1b904b2633cc15343dd6fa76dd7b00a46d1b474a3ae3c42d475d3ec97f
2009-02-09,199.0,199.76,198.65,198.87,https://www.sge.com.cn/sjzx/mrhqsj/509792,5994d2e7c78c0716f4f234eb1353d8e57388fdd6e658cae7681596bd9ff1e87a
2009-02-10,199.0,199.0,196.5,196.96,https://www.sge.com.cn/sjzx/mrhqsj/509793,63d5778fcbb9dd958cb54ea02ca04cf10a1a3470a7e57baee812fbb6251c142d
2009-02-11,198.7,200.8,198.5,200.72,https://www.sge.com.cn/sjzx/mrhqsj/509794,ed5920f71ca15588c04f641bbadd79e4aaf2f60227a6b717ae919883470a19cd
2009-02-12,202.52,207.0,201.6,206.58,https://www.sge.com.cn/sjzx/mrhqsj/509795,94c538028293ecf1b8750cf57ba5e947b3b4f53b2623706ad58746556ad27218
2009-02-13,207.0,208.0,205.55,206.8,https://www.sge.com.cn/sjzx/mrhqsj/509796,b0a8c7cfd850a85dac6b5d996f1b66944248fa423a31523b715b7149cc58b2de
2009-02-16,206.0,206.5,205.5,206.49,https://www.sge.com.cn/sjzx/mrhqsj/509797,809c96a364045cba6f84f6db9079d9a3c79935ad4f4452c4a21a56d030c13c7f
2009-02-17,206.8,211.5,206.0,211.1,https://www.sge.com.cn/sjzx/mrhqsj/509798,b3ebbc83ff612a917f5068deae1ee6100dac9beadf94f58165cb4048e5fed911
2009-02-18,212.0,214.1,210.62,213.65,https://www.sge.com.cn/sjzx/mrhqsj/509799,8ee78435349bf3ae3e97a26194fec3bc026b27c4f096e16e05cd78de9da1aff1
2009-02-19,213.6,215.7,211.2,214.22,https://www.sge.com.cn/sjzx/mrhqsj/509800,f17c18774dd65b6282a0c63b9d0b3b06db2e340f85ec7f5cbcb349e25bb0b2c7
2009-02-20,215.0,215.8,213.6,214.99,https://www.sge.com.cn/sjzx/mrhqsj/509801,835a4f2e85ad001215ae21828c3419bd46b41745e72407b970c7e58f20652b44
2009-02-23,218.0,218.0,216.6,216.62,https://www.sge.com.cn/sjzx/mrhqsj/509802,f7d124bcb068c3dca35f4076bbb4af20dfb4b68fbe9fe7ec071ab495ffbee8cd
2009-02-24,216.56,218.5,215.3,217.15,https://www.sge.com.cn/sjzx/mrhqsj/509803,6c8d6317efb365f9397af611f2bbe2f5086c21b24020b8660070c5a10df83c38
2009-02-25,218.0,218.47,209.9,210.4,https://www.sge.com.cn/sjzx/mrhqsj/509804,2087f2007a84e6bed9d0e13535bfcf70410940185274a48db639de78d6ae2d8b
2009-02-26,210.1,214.6,208.05,209.89,https://www.sge.com.cn/sjzx/mrhqsj/509805,7836e0f3467fa3b656c2595bd88c809f30265f05fe55584962dca0cf61ac323c
2009-02-27,206.65,208.18,205.67,207.51,https://www.sge.com.cn/sjzx/mrhqsj/509806,5f067016c0a019910c69043d28a287e7db708790862b72ead0f79f746bee7c96
2009-03-02,208.1,209.99,208.1,209.98,https://www.sge.com.cn/sjzx/mrhqsj/509807,292a1bb20779039634a144c2cb8e08fef6eebc96beee6624b3063fc409ae7efe
2009-03-03,209.35,209.5,203.4,203.42,https://www.sge.com.cn/sjzx/mrhqsj/509808,20d22b9bc9baabb18f5f721a9c770a5eb182ffc604397a49fcb4db88e694d2f7
2009-03-04,203.5,205.0,200.88,201.48,https://www.sge.com.cn/sjzx/mrhqsj/509809,1b5df16b794fb0008fa0996afa95e6c86678c6c152d64d5190ff8c4480036395
2009-03-05,201.0,203.5,200.9,201.43,https://www.sge.com.cn/sjzx/mrhqsj/509810,b8f6435c248379ad87803ce8372c8810d9a368a64e4c303536fc63564c85b573
2009-03-06,201.8,207.6,200.8,207.3,https://www.sge.com.cn/sjzx/mrhqsj/509811,66e3c850106a14dcf0acb232c9f68edb9938907d78f28fa9af963a27144d250e
2009-03-09,207.0,207.0,205.4,205.59,https://www.sge.com.cn/sjzx/mrhqsj/509812,1b3e8dc723440ead5f2606142008df330743cc74cd4e09e35d9c9b517365cce2
2009-03-10,206.0,206.69,201.0,201.8,https://www.sge.com.cn/sjzx/mrhqsj/509813,de5fb79a1c9851fde458e8376aa0a575879d0240c69dc73fc6286699df21f915
2009-03-11,201.01,201.5,196.81,198.04,https://www.sge.com.cn/sjzx/mrhqsj/509814,c7c5a10e2bdc1ce6dae9c6911f7fcfa49393142349d7ee1b39eaf5a197cf5422
2009-03-12,198.8,201.6,197.0,201.56,https://www.sge.com.cn/sjzx/mrhqsj/509815,5d1c8a001e3212128a6e88d8e3788f78b6a9dbde3a10ca889a1ba345b652a327
2009-03-13,200.0,204.0,200.0,203.37,https://www.sge.com.cn/sjzx/mrhqsj/509816,b599102b896f6c34f7b957d3b56372a7467a73ec84145bfdc7bdfd3e9f69d2cf
2009-03-16,203.37,204.69,203.37,203.99,https://www.sge.com.cn/sjzx/mrhqsj/509817,e1cc489dd96e4372babb3e5c9612cf74831fbb1bdfb0b9b4acb5b420a75c2546
2009-03-17,204.41,204.41,201.27,202.5,https://www.sge.com.cn/sjzx/mrhqsj/509818,3c43a93ba4f00e79ec04434211f1380d2dda7897ccaa4a5f4173d5a07b689117
2009-03-18,202.5,202.5,200.1,200.4,https://www.sge.com.cn/sjzx/mrhqsj/509819,8b99df97b6d538283c9a1a559b16c1b8beb3a464ee0e2cd98359f01d76d7682c
2009-03-19,200.0,205.1,195.3,204.85,https://www.sge.com.cn/sjzx/mrhqsj/509820,95d3b28a20d02b154b2e28d8b97b8b709d58765614381937eb33bbd20f8eb00b
2009-03-20,208.0,210.5,207.01,210.0,https://www.sge.com.cn/sjzx/mrhqsj/509821,92916eb316621831f748a964c477675e17bd5b9551a1440a96dd98683e3c7194
2009-03-23,210.0,210.34,208.54,210.32,https://www.sge.com.cn/sjzx/mrhqsj/509822,9dd771a18134e67560738ac08cf79a280755bd5d6bd35f5ba382e862d66e44af
2009-03-24,208.01,209.99,206.41,206.49,https://www.sge.com.cn/sjzx/mrhqsj/509823,5ac8ef173a891cbb906e88c0a2316c11990420446309fcbb68cbcd2e96a19364
2009-03-25,203.5,204.5,202.2,204.09,https://www.sge.com.cn/sjzx/mrhqsj/509824,fcde9a066e9b8b83d507144004c11ba487d5025fc8b5453238e9853cb0a4ad2e
2009-03-26,203.5,206.3,202.78,205.47,https://www.sge.com.cn/sjzx/mrhqsj/509825,40c204696ff41dc6b45c9b2d43f3ac39d0601d5b953014b117f0277b2afdc15b
2009-03-27,206.8,207.5,204.9,204.91,https://www.sge.com.cn/sjzx/mrhqsj/509826,732e8b87158dd8930ff8c11892cedc2fd34712ab11dbc930dcfc8ce3d9f90bcc
2009-03-30,204.91,204.91,202.8,203.69,https://www.sge.com.cn/sjzx/mrhqsj/509827,740611e8319c80a3c06a018620505a34a5527764bfc00a14ef2f9c4960979713
2009-03-31,201.26,204.99,201.26,202.56,https://www.sge.com.cn/sjzx/mrhqsj/509828,bc163cde06523aa634203a2061e7911d21d3f9225e863c39b7906ea34c386992
2009-04-01,203.0,203.3,200.7,202.1,https://www.sge.com.cn/sjzx/mrhqsj/509829,58b0c77ef09dc4618dccdebb8a7380dc9af238f5acfffac09cb6f5176aaf6ace
2009-04-02,203.7,204.0,202.0,202.88,https://www.sge.com.cn/sjzx/mrhqsj/509830,61c633948d9ffa9ef6bb31b91f6682d986a6289cb9dc077dedaefc4bf8dfd162
2009-04-03,202.5,202.5,197.2,199.7,https://www.sge.com.cn/sjzx/mrhqsj/509831,52b3a3debd306df400c74400275cc77b24000baa4cc96aa4b9a6f59320543b78
2009-04-07,194.0,194.1,192.7,193.99,https://www.sge.com.cn/sjzx/mrhqsj/509832,93147056edeca18972ea8a851a82b22287605401f982875f5694dbd495402a8c
2009-04-08,193.99,196.0,193.3,195.66,https://www.sge.com.cn/sjzx/mrhqsj/509833,dac1e63f2e03d99efc64eb6dcaed60d46bc98c43358929d25ca8b96a775cac04
2009-04-09,195.66,195.66,193.98,194.58,https://www.sge.com.cn/sjzx/mrhqsj/509834,b0be17a0ee8854a95250570414abe7099205ce582e514bc2a8ca4d0f8642c329
2009-04-10,194.0,194.8,193.4,194.75,https://www.sge.com.cn/sjzx/mrhqsj/509835,9a2057e745cb2edbf290508ed04213e394444a2c95112e063b6cb1ef4e569a1b
2009-04-13,195.0,196.1,194.8,196.05,https://www.sge.com.cn/sjzx/mrhqsj/509836,6fdf708ac22b78f49fd79518629d96474b2195752d7bbfad23c62ac3e5a336bf
2009-04-14,197.5,198.0,196.8,197.59,https://www.sge.com.cn/sjzx/mrhqsj/509837,b94e21b446c4ecc452a37bb4f67aa8d7ecef066f216539a05ae648440dd8b94f
2009-04-15,196.7,196.7,195.7,196.2,https://www.sge.com.cn/sjzx/mrhqsj/509838,f237b41d4d79a1986050caa46b893a7b65ad52b3f9907bc1174335b5db72cb45
2009-04-16,196.68,196.99,195.8,196.59,https://www.sge.com.cn/sjzx/mrhqsj/509839,69af3137ab73deab2559cbc8159a22145109b1019a4230eedc0d377370a0c2f5
2009-04-17,196.59,196.59,192.5,192.66,https://www.sge.com.cn/sjzx/mrhqsj/509840,c7c2652302f26088d9cf95cc1f22d887acd6fa506d824db7c48597ae4ae9a21d
2009-04-20,191.0,192.0,191.0,191.91,https://www.sge.com.cn/sjzx/mrhqsj/509841,344f9b4148aaeef3d3f0b6fe11bdcda450dab39719d9905e4eac7c44e544920f
2009-04-21,193.2,196.5,192.6,196.03,https://www.sge.com.cn/sjzx/mrhqsj/509842,0a1ef459634a3b91f371d534dbf42a70c7dc5cabbd66471d59ab9224c25b3794
2009-04-22,196.4,196.4,194.01,195.42,https://www.sge.com.cn/sjzx/mrhqsj/509843,beb1b23c371182025fdda53e4d527affa10787d6689ddc533fee17b658b848ae
2009-04-23,195.5,196.65,194.9,196.37,https://www.sge.com.cn/sjzx/mrhqsj/509844,89051c476c12274d08310601f9021433d80eb96851aadc886dd1402af7878562
2009-04-24,196.8,200.4,196.03,200.29,https://www.sge.com.cn/sjzx/mrhqsj/509845,0d7437f20719a59c8fdb0a99d82c2a13b0a9a24ca82e1efbf9ad32e9c94d3471
2009-04-27,201.69,201.7,200.0,200.0,https://www.sge.com.cn/sjzx/mrhqsj/509846,eba01c171a5529adf15717243acfefd0013f7c48922fc840e5f352f413b79f14
2009-04-28,200.0,200.0,197.0,197.2,https://www.sge.com.cn/sjzx/mrhqsj/509847,3a535e47d181b645ad1ab000be930f8b4043ef470409faf669ffcad77c5be037
2009-04-29,196.0,197.38,195.6,197.12,https://www.sge.com.cn/sjzx/mrhqsj/509848,9d7422beda9e1f15beb25b4efd3e40466fd6138a2b4c35a9b2a1cef51b321da4
2009-04-30,197.01,198.0,196.8,197.75,https://www.sge.com.cn/sjzx/mrhqsj/509849,584a04a65778af467aacd50420aaa76a1dbc52c39798a26d6440b7cf46b0f7e4
2009-05-04,195.21,196.75,195.21,196.7,https://www.sge.com.cn/sjzx/mrhqsj/509850,d1a75264c2ea188829cfc0e8c4b34e6204a5fe55283c2e54b22c378d8ef21099
2009-05-05,196.85,199.0,196.3,198.3,https://www.sge.com.cn/sjzx/mrhqsj/509851,b1e39d6cea61aa1a4feceebe34949513cc504da683887c9fdc58b700f087c8af
2009-05-06,200.0,200.1,197.4,198.4,https://www.sge.com.cn/sjzx/mrhqsj/509852,52b2a3f25ca3e79ab599054c7555268d27c79be58d329a2d216e3d068ce16213
2009-05-07,198.55,200.49,198.55,200.1,https://www.sge.com.cn/sjzx/mrhqsj/509853,7263fc09d4be4c87cefb9330f19129314888ed7b9649c7c952967899ece047cb
2009-05-08,201.11,201.34,200.0,200.53,https://www.sge.com.cn/sjzx/mrhqsj/509854,cfdba37fdf1287986abde2fad3ebdc9b4395371cad3c8adaae7b9b45945a41da
2009-05-11,200.5,201.3,200.5,200.85,https://www.sge.com.cn/sjzx/mrhqsj/509855,423ea858c8843286273a75dcd46be1477f0ec2a47ccbc18c93855caa7759bd6b
2009-05-12,200.03,200.99,200.02,200.67,https://www.sge.com.cn/sjzx/mrhqsj/509856,f0b1076e8256be33f1c4e60ce650b9012193cf9cb93b62bf85f9878eed99e4e0
2009-05-13,200.8,203.6,200.8,203.11,https://www.sge.com.cn/sjzx/mrhqsj/509857,e0e54540a3fc169e8981a52711bae2cf454bf7e4cd20358c4cc5c1cb3dceae8b
2009-05-14,202.1,203.6,202.1,202.19,https://www.sge.com.cn/sjzx/mrhqsj/509858,d45edff96adf7b17b310b6f757e91ddf487df620109168befeed74ec2948257e
2009-05-15,202.25,203.59,202.25,203.18,https://www.sge.com.cn/sjzx/mrhqsj/509859,efe1d31ceb30137a84d28730cc2e864873652e65dc652bbd801a5592e1992b81
2009-05-18,204.0,204.7,203.88,204.62,https://www.sge.com.cn/sjzx/mrhqsj/509860,6575dacdbcc5d7d7dcd23e2eb0a29dd49a24f8edf9858b6ac4eab8cdfb418613
2009-05-19,204.5,204.5,202.19,202.46,https://www.sge.com.cn/sjzx/mrhqsj/509861,6c3260d920cce71134a6bd52b35d7612bcb5d3ef9c64be2995bb1009cb30ae32
2009-05-20,202.11,203.8,202.1,203.74,https://www.sge.com.cn/sjzx/mrhqsj/509862,f7b67ee2954d7bcf353896dc3e449fe8fc7f205730afb80dc3dec5af94efd2cd
2009-05-21,203.5,207.0,203.5,207.0,https://www.sge.com.cn/sjzx/mrhqsj/509863,67fd0d5ba7ea26bebf06ea62ee7c75e5f3aa149921f3e7969760a43673b45fe6
2009-05-22,206.5,209.2,205.6,208.61,https://www.sge.com.cn/sjzx/mrhqsj/509864,35f4889ef870628df6e6ff4d463f735e1dcce04b6ec55e99ea91791d68138888
2009-05-25,209.5,210.0,209.01,209.05,https://www.sge.com.cn/sjzx/mrhqsj/509865,b279065881577d5326da9f7ea1c93b5ddb4323e188dd91b1b5529db0c8624273
2009-05-26,208.01,209.75,208.01,209.23,https://www.sge.com.cn/sjzx/mrhqsj/509866,8827a9df80cebf71ec76c8c816aa36e2e0bc121f718d9cadab89084a1872aeb4
2009-05-27,208.03,209.0,207.81,208.69,https://www.sge.com.cn/sjzx/mrhqsj/509867,d7af6dfede391c474e31a8a925b72f738e6d286e95b19a17108a2c8b42e7b032
2009-06-01,214.0,216.0,213.0,215.68,https://www.sge.com.cn/sjzx/mrhqsj/509868,306a72f287e994b6c73e7feab839c9e8849097037c4f630b0a30bbea75f4d7d9
2009-06-02,214.8,215.55,212.8,213.0,https://www.sge.com.cn/sjzx/mrhqsj/509869,fca55d387830494218546b864472ba386b8fbdf9abb111fe804f057c47a319d2
2009-06-03,215.48,216.88,214.53,216.4,https://www.sge.com.cn/sjzx/mrhqsj/509870,2185d41e987f586c3d6f4be289500820e70f6b263154afc0a28105d3626bebc7
2009-06-04,214.99,214.99,212.1,213.0,https://www.sge.com.cn/sjzx/mrhqsj/509871,1ca4e70bababf0572774c42e321ff2131a159bf7e0254761845cffc6076360a1
2009-06-05,214.2,215.59,213.02,215.5,https://www.sge.com.cn/sjzx/mrhqsj/509872,a277a586020401ab1e55e44d62bd1c7348de4e1c97f3c7bb6ed51c42292de55d
2009-06-08,210.61,211.5,209.5,209.5,https://www.sge.com.cn/sjzx/mrhqsj/509873,82d0a38a0eb8b753c355dde0cb29e0a3cca3e88eb8b8efa5e2b94c26c126510c
2009-06-09,209.0,210.2,207.8,209.69,https://www.sge.com.cn/sjzx/mrhqsj/509874,107ea28ed07ae0bb870c3cffd815c4076357832c9da2077de2d3e3114e6070a8
2009-06-10,211.0,211.3,209.82,210.95,https://www.sge.com.cn/sjzx/mrhqsj/509875,2f63742862ccdd30c5a1fd7a31f59d881386dac1fc8a48cf305294dfb4696517
2009-06-11,211.6,211.6,209.0,209.93,https://www.sge.com.cn/sjzx/mrhqsj/509876,e5eeade0d54c2295dfe1132222f51b3c839241f55ad0ace4111138b0a4894107
2009-06-12,208.99,210.9,208.23,209.39,https://www.sge.com.cn/sjzx/mrhqsj/509877,669c395d6b47478ccc1fe418f9ba8e89c4fe673eb94fe3b7d2d3d4b9cada6f10
2009-06-15,206.7,207.2,205.6,205.89,https://www.sge.com.cn/sjzx/mrhqsj/509878,695f9b1ddd963501a4215ad30e6341a3c8d6b1436cc362e303bd53056a7367e2
2009-06-16,207.2,207.2,205.0,206.29,https://www.sge.com.cn/sjzx/mrhqsj/509879,7c5172635d3e3c27d59fecd582257021c724596892030fdf69c52d990fed7767
2009-06-17,206.5,206.5,205.4,206.48,https://www.sge.com.cn/sjzx/mrhqsj/509880,ece4d1e629bdae9cd142c955eb729220994733a1f31c1c0ac16de225ff3d9a88
2009-06-18,206.48,206.98,204.96,206.78,https://www.sge.com.cn/sjzx/mrhqsj/509881,cc90baae6a6f7c43e378413f5ebb03a9138fd375e6fb6bb56b0a573c05bb7188
2009-06-19,207.0,207.0,205.6,205.8,https://www.sge.com.cn/sjzx/mrhqsj/509882,ae6e63306416d94e6b3d15c2b55cc89d4b064db98467f1da03c155804426f30b
2009-06-22,206.05,206.05,205.6,205.69,https://www.sge.com.cn/sjzx/mrhqsj/509883,dc638c3e40ac70c150de62e702809a77be611ad33cc4c5f2766682c1e2bc7ee0
2009-06-23,204.13,204.13,201.75,203.03,https://www.sge.com.cn/sjzx/mrhqsj/509884,cf8d78ae2c577f6f27e650a8a947639d8e47482989572b26c7d27a0762ac32d1
2009-06-24,203.18,204.25,202.3,204.21,https://www.sge.com.cn/sjzx/mrhqsj/509885,78c83c20f0ec6d39fb3489eb2c9c6d9c427feb218c0ca1b5d8d79ccc1c827d3b
2009-06-26,206.0,207.83,205.82,207.81,https://www.sge.com.cn/sjzx/mrhqsj/509886,f240e792990e4158a27454a1c941ca76ec80b826a1555ea8edb6d4ba1fb9f74e
2009-06-29,207.3,207.3,205.82,206.25,https://www.sge.com.cn/sjzx/mrhqsj/509887,6b94158a292a109850f16197d8044410926c23b81c8bb3016bf5568932cde3cb
2009-06-30,206.5,207.8,206.0,207.41,https://www.sge.com.cn/sjzx/mrhqsj/509888,e1a22619fbbe07ad7cdb7e46b0bbc2822dc0b315a6c40a544c24b13baf6a02ac
2009-07-01,207.0,207.0,204.01,205.16,https://www.sge.com.cn/sjzx/mrhqsj/509889,c9bd4cb4ab226695144ecbf6af83c6b01b51f570f1a2d6587a46485cc2eece3b
2009-07-02,206.7,207.0,206.0,206.47,https://www.sge.com.cn/sjzx/mrhqsj/509890,b1ef6e6a2ac00e931ae0b5f41389b3ac12fe155169a70943de76be734e9de2b5
2009-07-03,205.55,206.0,205.0,205.75,https://www.sge.com.cn/sjzx/mrhqsj/509891,eb609ae31a6595dc8c02beb6872a55b54b5707d4a0267eed9723a37460aafdc6
2009-07-06,205.2,205.2,203.8,203.8,https://www.sge.com.cn/sjzx/mrhqsj/509892,d60d5b3178668f5acbd28d88b20dfb4a2f9ba57ae9d45a25cff294f342e2b9a0
2009-07-07,204.45,204.49,203.3,203.36,https://www.sge.com.cn/sjzx/mrhqsj/509893,13e89667edb2380ffe717ce4df2ecd43c9df48e15fc0b3737cfb41132340d827
2009-07-08,204.0,204.0,202.6,203.68,https://www.sge.com.cn/sjzx/mrhqsj/509894,12a374bea06bbf1a9279053f51fb37a9c421d55f53de9ec65bd2fe9c526991a1
2009-07-09,203.0,203.0,199.99,201.3,https://www.sge.com.cn/sjzx/mrhqsj/509895,de802293094d752b9716d44623ff911d9e137946edb6dc72f83c960efb4480ff
2009-07-10,201.2,202.0,200.8,201.0,https://www.sge.com.cn/sjzx/mrhqsj/509896,20863ac66c05c49b387d4f4973d51a8996ff6b4c0afb601caa15faaeb8d996b6
2009-07-13,201.0,201.77,200.56,200.68,https://www.sge.com.cn/sjzx/mrhqsj/509897,65a9b7c62b1bc6b12f49158eef497e6b4225b08d74626422751f8851c96a7cfa
2009-07-14,201.5,202.89,200.6,202.76,https://www.sge.com.cn/sjzx/mrhqsj/509898,0cf74484f60fec475a12fe863f3f5940794dd44b526f2cc8f1650475eeed808c
2009-07-15,203.0,204.39,203.0,204.14,https://www.sge.com.cn/sjzx/mrhqsj/509899,3364dd3c0f2df85738508bdec8f6877b67ba85d131e04fd3b9a2fcabf261e1ff
2009-07-16,204.8,206.9,204.8,206.19,https://www.sge.com.cn/sjzx/mrhqsj/509900,caa3b2165adc63a0f09c1314339a71221c6116423363dfed70bb585fb4fddc8c
2009-07-17,205.5,206.2,205.21,205.91,https://www.sge.com.cn/sjzx/mrhqsj/509901,72b305a6916f7817934d0b8c76d0f7f616a691fe42fbf5be31b12419e262a311
2009-07-20,206.21,207.85,206.21,207.75,https://www.sge.com.cn/sjzx/mrhqsj/509902,004ae8fe16d51d1c730ea1bddcfa4274cd2bda8304c34bae1213805b90558e2f
2009-07-21,208.5,209.66,208.0,208.2,https://www.sge.com.cn/sjzx/mrhqsj/509903,9b8d22471dc82e8ec4b7a60f8b9ab69c978f9e9a7ee1d6c7899c89f958efc372
2009-07-22,208.58,209.5,207.99,208.08,https://www.sge.com.cn/sjzx/mrhqsj/509904,e74253032816cf41900f7183a5978668d814ee8068c275e1a0eb71ba96dab76a
2009-07-23,208.0,209.5,207.61,209.41,https://www.sge.com.cn/sjzx/mrhqsj/509905,52ee2d514488fe032c67c8339297f540cee770451c71c5de0c4def85538051b8
2009-07-24,209.0,210.0,208.3,208.55,https://www.sge.com.cn/sjzx/mrhqsj/509906,09e0620b4bc09b983062decc018b67aaadfbf6a01c1e427d3bae359532cb467d
2009-07-27,208.6,210.29,208.6,210.06,https://www.sge.com.cn/sjzx/mrhqsj/509907,94ab1ef2f3b8a79425154e3cebdd3bc306d5274ff75ad9820999ecd52d92856d
2009-07-28,210.2,210.2,209.2,209.86,https://www.sge.com.cn/sjzx/mrhqsj/509908,a14420aad38ed3a0162959ffd3d1705f237dbbd27cd51a18736f7d41bd731649
2009-07-29,209.0,209.2,205.4,205.81,https://www.sge.com.cn/sjzx/mrhqsj/509909,a1d7ca3ba01350901c29ded080ec2084ed13691ce911831394e5d006b2d73094
2009-07-30,206.0,206.0,204.0,205.02,https://www.sge.com.cn/sjzx/mrhqsj/509910,c218b1a4bd53f98c474f1bae716439b107b9d6041ef7ff053b2bdb1753d80977
2009-07-31,205.0,206.9,205.0,206.26,https://www.sge.com.cn/sjzx/mrhqsj/509911,fe3a5d2ba01e107e8dcae826b9ed2761f534b84a0404912c194335f81792bcd0
2009-08-03,208.5,209.65,208.5,209.4,https://www.sge.com.cn/sjzx/mrhqsj/509912,d19604330b33aab0c1b189dc1b81cc89696e0d3527de18489fa23ae8b865d55b
2009-08-04,210.5,211.01,209.5,209.89,https://www.sge.com.cn/sjzx/mrhqsj/509913,aec5c5c4e9e4daf726f7fb5cc88a6b348354db0eccbde426580abcd211563ff3
2009-08-05,210.0,212.49,209.95,212.02,https://www.sge.com.cn/sjzx/mrhqsj/509914,97a2eb8d04063d3e2eb486b20af9ed7c8f97d5cba0a1d7dd999ba75906702084
2009-08-06,212.0,212.21,210.8,211.95,https://www.sge.com.cn/sjzx/mrhqsj/509915,c81299fc388aa171a26234ed1fb3f51bc8067950f9bfd4ffc2393f1316db9829
2009-08-07,212.8,213.0,211.0,211.2,https://www.sge.com.cn/sjzx/mrhqsj/509916,e84f0e6f0f139db584e5f9645ae38ad7bc46c45ff4f3c049eecec64c30369afc
2009-08-10,210.0,210.59,209.69,210.01,https://www.sge.com.cn/sjzx/mrhqsj/509917,0d8819b96dd52d7b5f5036ede57cc3bf2c70d961f3fec3f8de50cd3364b96b72
2009-08-11,209.01,209.01,208.0,209.0,https://www.sge.com.cn/sjzx/mrhqsj/509918,18c9e5b90295a6fbbf6124febb6404dcf23b893629b8571776dfc9fecf49fc94
2009-08-12,208.4,208.9,207.6,207.91,https://www.sge.com.cn/sjzx/mrhqsj/509919,015678051867a88117f911e0b032a1b1896d34accaca5aa2969ccb835733a98e
2009-08-13,207.9,210.5,207.9,210.45,https://www.sge.com.cn/sjzx/mrhqsj/509920,5d08816adcaf344e7d0c83f8ee1c90ecbb0f6ae3316e1eeb4957e19935f68b16
2009-08-14,210.88,210.98,210.0,210.15,https://www.sge.com.cn/sjzx/mrhqsj/509921,4709aba1da418f6181a9c392bfc6b967d1871fbca5e41a75b43e4025b31626d0
2009-08-17,208.4,208.4,207.45,207.97,https://www.sge.com.cn/sjzx/mrhqsj/509922,753cf56e747c1e59fe5099a01497a6f67582a368ae576099b03eb8f0e720ab6b
2009-08-18,207.3,207.6,205.6,207.39,https://www.sge.com.cn/sjzx/mrhqsj/509923,c25a3daa52e8560f95b6d5632b5aebf6980bef84079bea046a5e7d54e0065e38
2009-08-19,206.98,207.7,206.0,206.6,https://www.sge.com.cn/sjzx/mrhqsj/509924,68b15a333332d4c7903479b05a0f7a2b6d416dd94be00d62256bfb90e18b711c
2009-08-20,206.5,208.6,206.15,208.29,https://www.sge.com.cn/sjzx/mrhqsj/509925,bd0b5d745341e0b2c6fd1ea1b0d9a3736bec0954ce0e24b574bcba92300d6be5
2009-08-21,207.9,207.9,206.9,207.31,https://www.sge.com.cn/sjzx/mrhqsj/509926,756ee577507e0960396ff134bf7f6d3432412d4da85d2c022c34670598c41203
2009-08-24,209.99,210.1,209.01,210.03,https://www.sge.com.cn/sjzx/mrhqsj/509927,5b9c04f2f80f9d70f879afe40532a3da2076717a9552ea9d1e31d8b983a62a11
2009-08-25,209.5,210.0,207.6,208.19,https://www.sge.com.cn/sjzx/mrhqsj/509928,876c6e1c85ad9137e7283b14e68d6cee8b10eb19f7e633465fcda323c3af6d68
2009-08-26,208.5,209.35,208.1,208.75,https://www.sge.com.cn/sjzx/mrhqsj/509929,2fb4d632d7aab5782b0acac9deaf4a2753dbbef4378c821cc8a59ac779e5fbec
2009-08-27,209.0,209.0,207.4,208.6,https://www.sge.com.cn/sjzx/mrhqsj/509930,2dddc7aac2743e10a721d2484536f94d1af4b5d7c6513e9122647eb4d7047f86
2009-08-28,208.0,209.4,207.65,209.17,https://www.sge.com.cn/sjzx/mrhqsj/509931,080a5a5fbb1885b79778c3785491a3018985d92c964536f6549ec9d1f26423c7
2009-08-31,210.5,210.51,209.4,209.85,https://www.sge.com.cn/sjzx/mrhqsj/509932,b91318c333f96593c282de5d2e16fd4f0a7c44bade901cb0fa45d358053b1df9
2009-09-01,209.0,210.4,208.5,210.22,https://www.sge.com.cn/sjzx/mrhqsj/509933,a1853fe3aa1e21d64dcca77d17dbbe085112e0672fdbb25434398de9cbf74b0f
2009-09-02,210.2,210.4,209.0,210.39,https://www.sge.com.cn/sjzx/mrhqsj/509934,350f1f673c7e89ea98add3bf10ef4b62059d1f2d9737d62b8d982fc11a1ac3e4
2009-09-03,211.8,215.5,211.25,215.44,https://www.sge.com.cn/sjzx/mrhqsj/509935,3b9b79661f573f55a4d676754ea0f1f635c3428166f4da1236d6e135f8394b63
2009-09-04,215.9,218.3,215.01,217.34,https://www.sge.com.cn/sjzx/mrhqsj/509936,0e710923c915183a6ca29e4d92a73c07be5053119747e27bebdab0d678e05bab
2009-09-07,217.85,218.4,217.63,218.4,https://www.sge.com.cn/sjzx/mrhqsj/509937,582e2a3ce8053405b5c936f90e4e9843bf915eb85edef0a1e55b50e0de88349b
2009-09-08,218.0,220.65,218.0,220.27,https://www.sge.com.cn/sjzx/mrhqsj/509938,727aaf710957af175718f5dccd570b95bc29d3f5abd0b9fbe5f8775695e252bb
2009-09-09,220.27,221.2,218.66,219.53,https://www.sge.com.cn/sjzx/mrhqsj/509939,daa1f07bdd1e4f0e49fa94b37dd2f6b30c8f792c31bb79eee9896cbc47a630b0
2009-09-10,219.0,220.0,218.05,218.44,https://www.sge.com.cn/sjzx/mrhqsj/509940,14d4669c921b0aeb0a21bd16c85a0a62f3ee9615885d9b3511221c5180932fe2
2009-09-11,217.05,220.49,217.01,219.7,https://www.sge.com.cn/sjzx/mrhqsj/509941,a469cff08c90a7713810c5c1e2715486c55b24914359dce801878d17e79d9925
2009-09-14,219.94,220.44,219.0,219.2,https://www.sge.com.cn/sjzx/mrhqsj/509942,3020256e1b309f156994e0f2ba5219819760ef05095ebbf226a45799f1ef72d6
2009-09-15,219.01,220.19,219.01,220.0,https://www.sge.com.cn/sjzx/mrhqsj/509943,256b34e199411f8d4e007429150d245f8f68504a57e7c093cd412a94fb64215f
2009-09-16,218.75,223.6,218.7,223.41,https://www.sge.com.cn/sjzx/mrhqsj/509944,57aa190fa7d5f1a690196bd4f46e5d8c6af84ad02d64c5cd77e76b50851a99b3
2009-09-17,223.7,225.1,223.0,224.01,https://www.sge.com.cn/sjzx/mrhqsj/509945,f7c933865e9dc45b12c078a68543692e743b8693b47b82f47ce62cd2b53d7619
2009-09-18,223.02,224.0,222.2,222.69,https://www.sge.com.cn/sjzx/mrhqsj/509946,e48ce8f66997624042462417893eb68e25f07990b0682692aa521c3a2dc4ac01
2009-09-21,220.65,221.2,219.8,220.16,https://www.sge.com.cn/sjzx/mrhqsj/509947,e112475fe87a1f6cb9b7d95e7b0941f54fc839fdefc92ab70a11678999992697
2009-09-22,220.16,222.2,219.16,222.16,https://www.sge.com.cn/sjzx/mrhqsj/509948,9c1851019c79cf91ecd7e428cd306bd6236044384fa62f16c6e93b7c33050abd
2009-09-23,223.0,223.5,222.6,222.87,https://www.sge.com.cn/sjzx/mrhqsj/509949,1f0b4934f61eaf7cf3b3d98aaf5bc9cfe182d45d084f5f7b8a172d393022c863
2009-09-24,222.6,223.2,221.3,222.78,https://www.sge.com.cn/sjzx/mrhqsj/509950,fc9e6ad786f29b8298a9e2238a12937debbb9e00702dc18352affa1c956b12f6
2009-09-25,223.5,224.0,218.61,218.86,https://www.sge.com.cn/sjzx/mrhqsj/509951,8b2b7125071c4cf0f4e78080e19e51ad8f92ab7c6642803e400591dd9cb03654
2009-09-28,219.3,219.3,217.28,217.43,https://www.sge.com.cn/sjzx/mrhqsj/509952,c2cccdcb06bdab082db4f59f29ac45cd3e8b9ad8c6bbab653c2361e502c86c6c
2009-09-29,217.8,218.6,217.66,218.33,https://www.sge.com.cn/sjzx/mrhqsj/509953,c4c4f41a5c0c0847999f9153ca3c73ba74b0f539419414ac06810cde85007330
2009-09-30,218.0,219.8,217.3,219.71,https://www.sge.com.cn/sjzx/mrhqsj/509954,9105ace070b9a5bcc880bddc5998fc084379e4afe999d2072afdc0828aac46fe
2009-10-09,231.0,231.0,228.5,229.0,https://www.sge.com.cn/sjzx/mrhqsj/509955,b4629292ddd4c04b848ac2550524d7a8325978c9351d9543a9bac4d452205898
2009-10-12,229.0,230.12,229.0,229.92,https://www.sge.com.cn/sjzx/mrhqsj/509956,13c52de515e40f0b411f68305744aa7528a9ed4a0c61bfd42c30b9c98e9b60d8
2009-10-13,230.0,231.85,230.0,231.3,https://www.sge.com.cn/sjzx/mrhqsj/509957,a3e90b9dccb94ac8b47501daecf45adab62a12b8558df5256022d684dd17d117
2009-10-14,233.0,234.6,231.8,234.3,https://www.sge.com.cn/sjzx/mrhqsj/509958,4715be0b93df4089354e1110788690309999bcd39ce303c94ab993977d0932ff
2009-10-15,234.29,234.29,231.8,231.97,https://www.sge.com.cn/sjzx/mrhqsj/509959,19e592546331fd09ac918e3585c7e6ab0eee179a77d83e2661eb64bf77b3b431
2009-10-16,232.0,232.5,230.2,230.6,https://www.sge.com.cn/sjzx/mrhqsj/509960,488e981ead9e0eef276054947d2a69499a3feaad9d19b09bd3a27cc9da691e11
2009-10-19,231.0,232.0,230.6,232.0,https://www.sge.com.cn/sjzx/mrhqsj/509961,651bdab419e1b570708d85c933f9a0718a2d44b9d0fb8094da0cb78de714394f
2009-10-20,231.1,234.5,230.8,234.39,https://www.sge.com.cn/sjzx/mrhqsj/509962,9dd5cf21b306b9f6452c6976a46e1bda9421c24060a295ce9b27742d7a64cf53
2009-10-21,231.0,233.75,231.0,233.0,https://www.sge.com.cn/sjzx/mrhqsj/509963,cf06a7ce755149d458420543fb6f2dcc131490ac065d4346f0a6eae5282b19c5
2009-10-22,231.0,233.6,231.0,232.45,https://www.sge.com.cn/sjzx/mrhqsj/509964,690d73391b2e80ba9b62dc8cb45537601607c75711e4d003d081ecb30ce36ce0
2009-10-23,232.85,233.6,231.85,233.0,https://www.sge.com.cn/sjzx/mrhqsj/509965,3d631f97a6c348bef9a32701bd2c28a3251f98922ec52862d5524a352198baa0
2009-10-26,231.8,232.39,231.6,231.99,https://www.sge.com.cn/sjzx/mrhqsj/509966,76cabd1f585f6351e364b1fc44de96faaafa65eccb5555d33cff24293a5838ff
2009-10-27,232.8,232.8,229.19,229.29,https://www.sge.com.cn/sjzx/mrhqsj/509967,9fb124097bc888ad5593fce08d2b1ac1d76ea8f6cb023f64952d1200b8809ab0
2009-10-28,229.35,229.4,227.6,229.06,https://www.sge.com.cn/sjzx/mrhqsj/509968,983b99044447d091d4e637a0d853733bcaf2117daaa8a89c990e572b6b53bcfa
2009-10-29,227.1,228.55,226.8,227.0,https://www.sge.com.cn/sjzx/mrhqsj/509969,d93b2a37de5435a57fee0f518ffe33dce289c3a220237673303197366b397078
2009-10-30,228.0,230.65,228.0,230.45,https://www.sge.com.cn/sjzx/mrhqsj/509970,63b6e96edddcb2c256b8653a296720a846142ed76199637ede175bc7fb4a7746
2009-11-02,229.5,230.35,229.45,229.9,https://www.sge.com.cn/sjzx/mrhqsj/509971,a288c931555e0b5a444fb352474fae35c0ebcee6e1830eb70189e9ecfe23738d
2009-11-03,232.0,233.88,230.0,233.24,https://www.sge.com.cn/sjzx/mrhqsj/509972,a2ad4ada087f91a6795556fb2c85c342fc1773355e07db2fc2526679078b7712
2009-11-04,233.0,237.94,232.16,237.8,https://www.sge.com.cn/sjzx/mrhqsj/509973,61f7d33d105c41e6ad633a10253df860aacfa087a80e759a3384115465b6c094
2009-11-05,239.0,240.0,238.25,238.44,https://www.sge.com.cn/sjzx/mrhqsj/509974,c2ff54e4f36740aeb7fc8c839b4201f686a85a99c3d03925d8b522029c081665
2009-11-06,239.0,239.48,238.22,239.4,https://www.sge.com.cn/sjzx/mrhqsj/509975,07f0f75a785a66e0ea27d87a94a29c2cfc70518fef50ad614b8b8953fd48e96a
2009-11-09,241.3,242.88,238.5,242.76,https://www.sge.com.cn/sjzx/mrhqsj/509976,0dcbfe427aff0e6a2f744ac8b92e0915d7495989cb070f476df43284ca2b364d
2009-11-10,242.35,243.18,240.8,241.54,https://www.sge.com.cn/sjzx/mrhqsj/509977,b7375b121e707ce1f768038ff30402339f439ed3b8e7527211259188252d0364
2009-11-16,246.0,248.1,246.0,248.08,https://www.sge.com.cn/sjzx/mrhqsj/509981,2ab573e3685e06f78283afc979fdb8fa3b3a97087aa433e179c013e97a1939e0
2009-11-17,248.0,250.0,247.5,249.39,https://www.sge.com.cn/sjzx/mrhqsj/509982,8874899fe5c92b19c0a699d6ec0ff3be79a5b6c98a928362323a40459631b792
2009-11-18,250.0,250.4,248.0,250.28,https://www.sge.com.cn/sjzx/mrhqsj/509983,8e05c9d4952e720f906c1e86388953767e4ec029a58ff216412d6d79086f44d0
2009-11-19,251.88,252.58,250.8,251.43,https://www.sge.com.cn/sjzx/mrhqsj/509984,af6560f38176e953d7b0141b731a7c932ed2356e58aea8a94c1559103bcc9f94
2009-11-20,250.0,252.2,249.0,251.95,https://www.sge.com.cn/sjzx/mrhqsj/509985,fc8b6c153c473deab486551675957a0de13afc8280c450bcf342270c62a17057
2009-11-23,254.5,256.2,254.5,256.15,https://www.sge.com.cn/sjzx/mrhqsj/509986,273349de0bba2185660dd394b1619c41da8a811931f479f1e333e86bcb10e160
2009-11-24,255.85,257.5,255.15,255.5,https://www.sge.com.cn/sjzx/mrhqsj/509987,01b34ffae58c8b90313515d0cf23afdd27c91c065fa308c39a8a1af4ac7f05d2
2009-11-26,259.94,263.0,259.0,260.6,https://www.sge.com.cn/sjzx/mrhqsj/509989,7d212a8e88f3e4b0426701ff8fdf08784492747709eca58cfa3ec246340d2d0f
2009-12-14,245.01,248.4,245.01,248.21,https://www.sge.com.cn/sjzx/mrhqsj/510001,980484b49a699c5677a6e0070c031c44560b778be69cda67a5a2ac89a93f67c4
2009-12-15,247.35,248.76,246.8,247.5,https://www.sge.com.cn/sjzx/mrhqsj/510002,faef9524bf777f2091ef4c88e3411bb30a75ed4193b8a18a7b403c284826e421
2009-12-16,247.0,248.48,245.3,248.0,https://www.sge.com.cn/sjzx/mrhqsj/510003,56aac6060e356c3c975228f6e2388dc8988ce9199ec6b06a370d417c8dfa6d62
2009-12-17,249.09,251.0,248.18,248.95,https://www.sge.com.cn/sjzx/mrhqsj/510004,8964ba8c3a59ca6be8c3d00c6c2c355a6ba1234c339d9fcf7288fbd65c5fcd1f
2009-12-18,251.0,251.0,243.5,244.73,https://www.sge.com.cn/sjzx/mrhqsj/510005,c9230e93efcf24b4ede6143f5d15220790e18168a2b61451a437eaf1187ac110
2009-12-21,245.25,246.1,245.25,246.0,https://www.sge.com.cn/sjzx/mrhqsj/510006,63f74182fec1cee35850c027fe91e69701b27013bf9ced95b39d1c09bd3a3ccf
2009-12-22,246.5,246.7,241.2,241.5,https://www.sge.com.cn/sjzx/mrhqsj/510007,6af397bb72551fad8a8ee85922c2dd041f895d016a4afa662953321b95b582a6
2010-01-19,252.5,252.5,250.4,252.35,https://www.sge.com.cn/sjzx/mrhqsj/510027,fedefd392788f17eeac6990e377869f9b5f72541a9497dd4f5f9edd96a865eff
2010-01-20,252.35,252.59,249.55,251.0,https://www.sge.com.cn/sjzx/mrhqsj/510028,1c7801569ce13caa0d0c650027112ddb843147be5b90707161e91b085770eaf3
2010-01-21,251.0,251.0,247.0,247.5,https://www.sge.com.cn/sjzx/mrhqsj/510029,0c98a3c10bf15688ad31e5953d6a073fc4ffe66a83d8f537a9d9455442aef436
2010-01-22,247.5,247.5,242.8,244.27,https://www.sge.com.cn/sjzx/mrhqsj/510030,41dab243e37f0b7270b93fada0118bdc9b1fc992c5685a6606b59165fb6f7fe3
2010-01-25,247.0,247.0,243.0,244.8,https://www.sge.com.cn/sjzx/mrhqsj/510031,ee0bf289c84a107a62d71713293a32eebd874b76e985ee9a3d416f0e92c2a697
2010-01-26,247.0,247.0,243.58,243.84,https://www.sge.com.cn/sjzx/mrhqsj/510032,51e1584050cdf0da5c5d0a32960103dc9790ff98a656d78f82c4ff87faae40f3
2010-01-27,245.0,245.0,241.5,242.91,https://www.sge.com.cn/sjzx/mrhqsj/510033,09ee719292ff1d43ad3ab91028ba01569502450b3703e3713f62346dba3ba7b7
2010-01-28,243.99,243.99,239.3,241.0,https://www.sge.com.cn/sjzx/mrhqsj/510034,e7dc6b0c98b97ee41dfa4ae61bce9938830bf708403d5b15d5335c8b66cf4864
2010-01-29,243.49,243.49,239.5,239.7,https://www.sge.com.cn/sjzx/mrhqsj/510035,73e76cf4f02dd6a4ecd947361282affa981c3df7a733b581ed6fbf689deaba3c
2010-02-01,239.39,239.89,238.35,239.61,https://www.sge.com.cn/sjzx/mrhqsj/510036,46fbb2fed92a4b7007550b36cf37ac9ec50aee18851ca3165d9c4a10d7f5c175
2010-02-02,240.8,244.29,240.0,244.1,https://www.sge.com.cn/sjzx/mrhqsj/510037,4a241c45d69a813952e94ca721849db3a45208e588e902ac20ede57423b944ba
2010-02-03,245.5,246.82,244.3,246.78,https://www.sge.com.cn/sjzx/mrhqsj/510038,1dd963ad798a56cd29f77329400dbcfa84cbed20424f19593137c7c33919284a
2010-02-04,247.56,247.56,243.8,243.8,https://www.sge.com.cn/sjzx/mrhqsj/510039,10d6cdcb83826dce9e8c9e23dfd68436f97c80fd65641404294d38d299745e7a
2010-02-05,244.99,244.99,234.68,235.31,https://www.sge.com.cn/sjzx/mrhqsj/510040,03397aff891950fed84b8958c0a31ccef20b97e4decd1850260bc3bf5d0b7091
2010-02-08,235.0,235.99,234.86,235.6,https://www.sge.com.cn/sjzx/mrhqsj/510041,f1803a00947d2895672dda2a888cce8aa71ee4112e27e2a4bc820619769e9440
2010-02-09,237.04,237.04,234.71,236.55,https://www.sge.com.cn/sjzx/mrhqsj/510042,31239c9df841c7348e66d7bca476f0896086dc64f64e7aa313fb5134c2c92f96
2010-02-10,236.55,237.79,236.36,237.47,https://www.sge.com.cn/sjzx/mrhqsj/510043,79da657aff1618a17d88b85aa5dedd9b5a56363ec568e092abf96b371148d43e
2010-02-11,237.7,237.9,234.0,237.49,https://www.sge.com.cn/sjzx/mrhqsj/510044,9af5e24ea81ca811a5db9f0c9b16bb47f19398a4d9f57c939d5d8d91225ee908
2010-02-12,237.88,239.9,237.0,239.73,https://www.sge.com.cn/sjzx/mrhqsj/510045,24abaac85562a46a52c0265c0bfb03a34619aba08655f96a4513f9e2a7b5c304
2010-02-22,247.65,247.99,246.01,246.59,https://www.sge.com.cn/sjzx/mrhqsj/510046,7becb478315026c3f079ed99b04446c0e219c1fb073829a9c4b4c78538ba2863
2010-02-23,247.8,247.8,244.2,245.29,https://www.sge.com.cn/sjzx/mrhqsj/510047,2296434ff29d38d435ef87c9d1927cfa6ab8202e9929771b97b08a051b47f483
2010-02-24,246.0,246.0,242.16,242.5,https://www.sge.com.cn/sjzx/mrhqsj/510048,a7584c9dce8cc9c65e446ea632fffdc1d28fbe63e5e86396ce180f98eb30941e
2010-02-25,241.0,242.4,240.05,240.55,https://www.sge.com.cn/sjzx/mrhqsj/510049,826656f50aa8c4acb0de70d14cf10d12c08d51ba3996bdc15941168da1507a9e
2010-02-26,240.95,244.0,239.88,243.54,https://www.sge.com.cn/sjzx/mrhqsj/510050,4ac45a3bcd553b840e2c8aa37465918ea41c049a083fde939ead9fef28187d29
2010-03-01,245.2,245.75,244.9,245.35,https://www.sge.com.cn/sjzx/mrhqsj/510051,ea6b98b22b7059249ba693573ade3311526cdd64876501776be8cf0cb4f622d5
2010-03-02,245.0,245.66,244.0,245.09,https://www.sge.com.cn/sjzx/mrhqsj/510052,c6d795f42d00a6b81667a93fcdb5d06f180957aeaf7f73041db67020570446a8
2010-03-03,245.6,249.0,245.6,249.0,https://www.sge.com.cn/sjzx/mrhqsj/510053,f1db259478b73c53d1d7855f6b05aaf1750bbe01d49566571ae38401beb0aebf
2010-03-04,250.86,250.86,248.7,248.9,https://www.sge.com.cn/sjzx/mrhqsj/510054,2030f816089b0d5a923416918934607c6cbcf52ec37db4ae48582222f496c2b0
2010-03-05,250.2,250.21,247.22,248.78,https://www.sge.com.cn/sjzx/mrhqsj/510055,340e0c8bef82f3a27c265e8e8ee88ad0b47f60c92d4142ccf91c4ff6977d0a23
2010-03-08,249.28,249.7,248.85,249.7,https://www.sge.com.cn/sjzx/mrhqsj/510056,e6f9127448cd0f7b85faed37acb1803a3eb3683fbae17e931345bdaaa3119327
2010-03-09,249.4,249.64,245.55,245.58,https://www.sge.com.cn/sjzx/mrhqsj/510057,6c75dfc6c22e224704499d97f576d1a4582aed1c8fd6773f5db8547a1e334325
2010-03-10,245.8,247.6,244.0,246.94,https://www.sge.com.cn/sjzx/mrhqsj/510058,7df63c40a641981feb9d7c2b0dd13c33632bc909204c73bad2943883a8d012f2
2010-03-11,247.5,247.5,243.0,243.72,https://www.sge.com.cn/sjzx/mrhqsj/510059,6571a741692b2c4eead80f621b677a58e563fd6dbe3decfb451c8da8a376d4f6
2010-03-12,245.49,245.56,242.5,244.94,https://www.sge.com.cn/sjzx/mrhqsj/510060,644d6a6d154aaf3b911b8977f90b0e37c86c4d1555c27e375a31a0b3ac0db3d5
2010-03-15,243.6,243.8,242.7,243.64,https://www.sge.com.cn/sjzx/mrhqsj/510061,9053ca2fcdae456b04b0eff8812c2b100bb84681cb2bb83654193b14127216bc
2010-03-16,244.0,245.35,242.4,245.15,https://www.sge.com.cn/sjzx/mrhqsj/510062,fc7a1d767d28d970052e926635caa57f85c0432177951d32abbf027bea307201
2010-03-17,246.3,248.8,246.3,248.3,https://www.sge.com.cn/sjzx/mrhqsj/510063,0247784b1fb9e5cc5223173e54674fe6b87cd8f2aae5aa14dc85a67367e6dd4a
2010-03-18,249.0,249.0,246.4,246.87,https://www.sge.com.cn/sjzx/mrhqsj/510064,02d61b4bfce98e8d8286de5bfaaa8048652db308c2fb452be15175da927b54ea
2010-03-19,247.8,247.8,246.31,247.29,https://www.sge.com.cn/sjzx/mrhqsj/510065,938b5c3961cc8c688436b9ca8872b75788f4634abf07a287cfa4dc31c46c2b1b
2010-03-22,247.29,247.29,243.8,244.2,https://www.sge.com.cn/sjzx/mrhqsj/510066,89e48ccb5965d441ed2be935ab4e2df9f4b8258da098cd9beccc0b99088ea293
2010-03-23,244.1,244.1,241.7,243.37,https://www.sge.com.cn/sjzx/mrhqsj/510067,4d790be5a8bfeeeb4e8ca6ca2b95a874f31e40aa618e7706196f3920ca0c3db9
2010-03-24,243.5,244.2,242.16,243.5,https://www.sge.com.cn/sjzx/mrhqsj/510068,05238fd4fc274171a6f3854a2de967f5e837c9757fb61fa8560728c6e3b79861
2010-03-25,243.5,243.5,240.99,242.02,https://www.sge.com.cn/sjzx/mrhqsj/510069,58b8c2cca87309b825c08834e07aeb4bcd706b4aa58ba0cf898168960f629d2f
2010-03-26,242.0,243.46,241.43,243.2,https://www.sge.com.cn/sjzx/mrhqsj/510070,6ab6e6b3f212a91b5fcf7f87f845c409070af1e072d3b4b5508eebef5c16aac2
2010-03-29,244.5,244.8,243.6,244.77,https://www.sge.com.cn/sjzx/mrhqsj/510071,f0caace62671148864c875a9da6cae3ac05f27ada85e02cc304bbe245502ab35
2010-03-30,246.0,246.0,244.45,244.97,https://www.sge.com.cn/sjzx/mrhqsj/510072,3629868e0c007e46a75c13ab08b9283d0fe699bc2c4862297b093c7eed5702f4
2010-03-31,244.97,244.97,243.0,244.57,https://www.sge.com.cn/sjzx/mrhqsj/510073,8c390176f96800c1c0356323f162cbd6716d2d7b977c67d578ef672989674488
2010-04-01,246.0,246.0,245.0,245.48,https://www.sge.com.cn/sjzx/mrhqsj/510074,8df54cd16844e2550c5fa806146d0af3428ea26b29956472c2c7752f225426c5
2010-04-02,246.0,247.8,246.0,246.87,https://www.sge.com.cn/sjzx/mrhqsj/510075,deaed348c12d5cb9b93b1d4c9f138938e79cb2085241fde83f4b5d3112113163
2010-04-06,248.0,248.1,247.5,247.53,https://www.sge.com.cn/sjzx/mrhqsj/510076,403d103eeb1e3fa2ba467d04ed7a55204b5d7fee952cc00ba88f19fac0264e5a
2010-04-07,247.4,249.8,247.4,249.8,https://www.sge.com.cn/sjzx/mrhqsj/510077,a85c0f8dbe36985d1319924bf71f07b6511a92e7c47591e90e4a151bdc3aadd6
2010-04-08,250.1,252.3,250.0,251.4,https://www.sge.com.cn/sjzx/mrhqsj/510078,03141c7fccfcce84d3bf98d2f407815620533f292180d5970535f3c4894fc9dd
2010-04-09,253.41,253.9,251.62,253.87,https://www.sge.com.cn/sjzx/mrhqsj/510079,9855da5593249e442479ca70a894368989eb176cff43a9c76b781c11a2a4bb70
2010-04-12,254.4,261.0,254.4,255.69,https://www.sge.com.cn/sjzx/mrhqsj/510080,e3134140c717d176e87e9207259dc3b7052432c3fdeaed44f622dadfb983f479
2010-04-13,257.0,257.0,253.0,253.39,https://www.sge.com.cn/sjzx/mrhqsj/510081,19334079bcb6ff7be4db67d09e24bc1af88a925a53c204e9f24ff9cf192f664d
2010-04-14,254.5,254.5,251.81,253.65,https://www.sge.com.cn/sjzx/mrhqsj/510082,582f0d9abe8ded9e8b0dd2955e61131de832ab52e0f5bdfa1e9a2ca66b431501
2010-04-15,254.5,254.9,253.41,253.5,https://www.sge.com.cn/sjzx/mrhqsj/510083,98de6403c07f6831d9009e66857d29477f1ac5176d012de0fc0470a8b7fc3b6c
2010-04-16,255.0,255.0,253.35,253.39,https://www.sge.com.cn/sjzx/mrhqsj/510084,5ea5e31932e464dbb0f0f3789433061607184f298be17f0cc569c44059b5d238
2010-04-19,251.88,251.88,248.85,248.85,https://www.sge.com.cn/sjzx/mrhqsj/510085,bd990bb16e53219d51bc1b1c6251b09bb847d34ae92d60d51cf3f448ed06e082
2010-04-20,250.0,250.78,248.5,250.59,https://www.sge.com.cn/sjzx/mrhqsj/510086,78fbe5c3b0a3860af2723ad934b9247254026cb4bc8b05ef85955f94a827b6a6
2010-04-21,251.8,251.8,250.1,251.45,https://www.sge.com.cn/sjzx/mrhqsj/510087,8c344f8281ea44ae24b6231b38d412502f6f3d04e6c1bdbf7920405af9dcf129
2010-04-22,253.0,253.0,251.0,252.42,https://www.sge.com.cn/sjzx/mrhqsj/510088,21108e05f715a1e75b360c2a097c208b3596a5b742531f555e9450842a554f72
2010-04-23,254.0,254.0,249.6,251.0,https://www.sge.com.cn/sjzx/mrhqsj/510089,2cb906005923eaf1b5c0db5748123bef0c1c28428d23ecc1dc60645d6d10faf2
2010-04-27,255.2,255.2,253.0,253.49,https://www.sge.com.cn/sjzx/mrhqsj/510091,1b2f71cf9a5252ea15063866a95781d25707f0095656de172433cfc553a947af
2010-04-28,254.0,255.89,252.5,255.15,https://www.sge.com.cn/sjzx/mrhqsj/510092,ac2b0dd56a3e640d438512fdc832e5b0f4b4f04bd8604abd6056af420f1e6c9d
2010-04-29,255.8,257.07,255.16,256.24,https://www.sge.com.cn/sjzx/mrhqsj/510093,32080ddc3786f542d7306d99874eddaab030e4eeb9939b8968abda41201f27f9
2010-04-30,256.24,257.78,255.5,257.26,https://www.sge.com.cn/sjzx/mrhqsj/510094,0f864cd8b34844aa0c032f22daee38ff3b6cc8f92a4a37e000b9cb28f8cd3b8f
2010-05-04,258.68,259.5,258.1,258.13,https://www.sge.com.cn/sjzx/mrhqsj/510095,0d7aca27e47aa791aa17ea486cd3722bb107f05e0dffa04971d560db82238fd4
2010-05-05,260.99,260.99,256.03,256.88,https://www.sge.com.cn/sjzx/mrhqsj/510096,a49c977f45a26a87190653a8c3060d4df56866c68a75ac4033a5ef3d858204d6
2010-05-06,257.6,258.1,254.5,257.64,https://www.sge.com.cn/sjzx/mrhqsj/510097,dc5801f3e4a041b0e225c435ec5e357d492d6de790bd50adc90bfd47fcd27c08
2010-05-07,258.8,263.93,258.2,263.63,https://www.sge.com.cn/sjzx/mrhqsj/510098,d8832f3e899fb11d231824314802324bda8ad3dae3e15c260c91631b598daadd
2010-05-10,263.99,264.6,262.77,263.09,https://www.sge.com.cn/sjzx/mrhqsj/510099,73d04dcf17ef0ec6fbced10dc6cfebce7432428eb98dbbad357b4f027dcb7e75
2010-05-11,263.09,265.36,262.29,265.2,https://www.sge.com.cn/sjzx/mrhqsj/510100,36ed15c8d9e5c5a377d8d6341326a6b559b07deaf65f88ccfc72df4b952f2931
2010-05-12,269.0,270.8,266.0,270.63,https://www.sge.com.cn/sjzx/mrhqsj/510101,377aa7e28c14aa4f1f9ca79ac14d749cdf958b0f8d01d16e25bc113b4efb5d78
2010-05-13,271.55,273.3,270.6,271.8,https://www.sge.com.cn/sjzx/mrhqsj/510102,1027c9e9d60fd2ec56cec2ce1fef93a93ea99c074dd6b35f022eb66b628aa4e7
2010-05-14,274.0,274.0,270.0,271.54,https://www.sge.com.cn/sjzx/mrhqsj/510103,28587935b52130d58bc64455524b004df9f2d2d6684c7cfa6b1de8609e41ff79
2010-05-17,273.0,273.0,271.4,271.83,https://www.sge.com.cn/sjzx/mrhqsj/510104,61474fab20d8f4c5c3715d5ebf1ab4f2c74aea10d97cd8f2b57557066c26966a
2010-05-18,272.0,272.0,266.66,266.79,https://www.sge.com.cn/sjzx/mrhqsj/510105,8aad457d70dccfbe15e34f0a3b2612d43f849e44779522466b04a96eb54a8f8a
2010-05-19,269.2,269.2,265.9,266.7,https://www.sge.com.cn/sjzx/mrhqsj/510106,d88d7448c16cd3b2162bbb0ad8079cfcebc77d1107596d9fe0493ad5194bea0b
2010-05-20,266.99,266.99,260.0,261.24,https://www.sge.com.cn/sjzx/mrhqsj/510107,c82d3cd22a74d8168375293205574535ce1aada1024d3983b339b13268b83503
2010-05-21,261.24,262.0,257.0,259.8,https://www.sge.com.cn/sjzx/mrhqsj/510108,a0ee7442e6085b3304e1bff5649ceaee38a847ecbd2c6ddb9b9a2f93931af2f9
2010-05-24,262.89,262.89,260.01,261.89,https://www.sge.com.cn/sjzx/mrhqsj/510109,dbd2ef2e1f0b621c202e6e0d60867508bd1e37d41698ba9071a6e767f5110350
2010-05-25,261.89,262.89,261.01,261.29,https://www.sge.com.cn/sjzx/mrhqsj/510110,a83016369f545d7c1820a5d12433df322cc906a1226c0394d84563ff8631829c
2010-05-26,263.5,265.2,262.4,265.2,https://www.sge.com.cn/sjzx/mrhqsj/510111,e296b70a3f04ae24463faae971e52dd68972fa11415fc70c696dbf5401f030c1
2010-05-27,266.5,267.4,265.61,266.06,https://www.sge.com.cn/sjzx/mrhqsj/510112,70f9f632786f5c26fe13bd485a6e445fb18620a496d5534ab9882033f33d9c6b
2010-05-28,267.0,267.0,265.3,266.64,https://www.sge.com.cn/sjzx/mrhqsj/510113,00dea9f2ac594ed58b662be2a3d8e658ce8587a1b2cdc8677034a1f2e6a5b37a
2010-05-31,266.98,266.98,265.9,266.01,https://www.sge.com.cn/sjzx/mrhqsj/510114,04ac9842e7e18ede022823a0aaf1970d29d988f21a1c44a333a94c053656f486
2010-06-01,267.7,268.5,266.34,267.69,https://www.sge.com.cn/sjzx/mrhqsj/510115,f09653632f6d03e90eb9b188ad29f95d28728628fe56bce223b274139897b430
2010-06-02,270.9,270.9,268.5,268.5,https://www.sge.com.cn/sjzx/mrhqsj/510116,939b1ecea5556cc7886aef298696ccaa876fde1bee20c8790c0ffed5f29b6927
2010-06-03,269.0,269.0,267.0,268.87,https://www.sge.com.cn/sjzx/mrhqsj/510117,a7bef7bf0b3889abfa911b34a14cea7477c9267e53cfc4f972d6aba8ab43b23c
2010-06-04,267.5,268.15,264.2,264.66,https://www.sge.com.cn/sjzx/mrhqsj/510118,4adabdf0bc74d214fba91b32196461e179e28c95777140da0fa833c4b1ad4116
2010-06-07,267.0,267.99,266.9,267.21,https://www.sge.com.cn/sjzx/mrhqsj/510119,a3001ecef2fcb83ff6184af78f9ba32e166bdb47107e5308169d5f39c8327dd5
2010-06-08,268.0,272.54,266.4,272.28,https://www.sge.com.cn/sjzx/mrhqsj/510120,59c94e9796dc50d83bad2f3fd88a8e922fdde0f371b4eb572337226cd3933452
2010-06-09,274.0,274.0,271.35,271.35,https://www.sge.com.cn/sjzx/mrhqsj/510121,1a8a10b3c6a8786188bd244957103e385e3b28e52d253297af470931b7a0664c
2010-06-10,272.3,272.3,269.37,269.62,https://www.sge.com.cn/sjzx/mrhqsj/510122,c8b53a94e2685c9d7b133670264e6f3f3a5e56e4ab776e8ec5805018d9954702
2010-06-11,270.5,270.5,267.8,268.92,https://www.sge.com.cn/sjzx/mrhqsj/510123,fcfce1de8d526e2d31699e57d8cf7b4c184eb2bbe092e063be1e852807b63360
2010-06-17,273.0,273.0,270.7,271.3,https://www.sge.com.cn/sjzx/mrhqsj/510124,0db0514c93ce2168ff2e8326984a2f5873a8128950b8283804edf3ae271d98a8
2010-06-18,274.0,274.0,272.5,272.97,https://www.sge.com.cn/sjzx/mrhqsj/510125,d71a49f00504b8a3f70813b45cb06df7090b9c944849fcb2f9c4c8f6221a5d4c
2010-06-21,276.99,276.99,274.56,276.09,https://www.sge.com.cn/sjzx/mrhqsj/510126,cf226e63ebd61752b8db94d44be711ccb4aca14a871e885f4306390793bbbe5f
2010-06-22,276.09,276.09,270.8,271.54,https://www.sge.com.cn/sjzx/mrhqsj/510127,b2eb4d7f99b7297090e9277315d0786f41091fdbdf84921e1358bad77238b650
2010-06-23,272.0,272.3,271.3,272.3,https://www.sge.com.cn/sjzx/mrhqsj/510128,0297369669238adfffbc1a9751a37d648395eec17067ad6def1db587bd9a411f
2010-06-24,273.0,273.0,269.5,270.14,https://www.sge.com.cn/sjzx/mrhqsj/510129,0ce80c59ea795c20f93cab908f3a4ad1338e34c833ecd3986c7bc8ae5a5b9522
2010-06-25,272.0,272.87,270.1,272.19,https://www.sge.com.cn/sjzx/mrhqsj/510130,d0e2bdf43e42930755e5970275bf3ba462f5829c422532fedaaedcc524733d90
2010-06-28,275.0,275.0,273.68,273.93,https://www.sge.com.cn/sjzx/mrhqsj/510131,778885e1f3f38e3d2bbe1910777eae9274af0eb4d0adcf3d0062f5eb4bb16bab
2010-06-29,275.0,275.05,269.99,270.0,https://www.sge.com.cn/sjzx/mrhqsj/510132,7957e9f6efb114e6e7fb1154e166d60053563551cb9efb58b78f4a42aae8b8c4
2010-06-30,272.33,272.33,268.55,271.44,https://www.sge.com.cn/sjzx/mrhqsj/510133,ef6078ea6f29739fbfd90889bb321b6496dd6cfa11036f7057d8d3b5aa230fa7
2010-07-01,269.2,272.0,269.2,270.52,https://www.sge.com.cn/sjzx/mrhqsj/510134,d9b7055aac96f2d9d3c5ea646630708d5d4898ef9d8542abb671e4fa02572351
2010-07-02,271.19,271.19,262.96,263.82,https://www.sge.com.cn/sjzx/mrhqsj/510135,7844703c0dd29233106464b2742c9a09ba8e0f831ee75ed3e577f1a789a38ce5
2010-07-05,272.5,272.5,264.0,264.71,https://www.sge.com.cn/sjzx/mrhqsj/510136,38a2384e9be60f393c028c485b0050285bf6a234ee1c95eabce459ac5ee7dbb3
2010-07-06,265.0,265.0,262.95,263.86,https://www.sge.com.cn/sjzx/mrhqsj/510137,0d7f9ec047630d7cfda28431b1b265ef766c9f0e39ae1fa09847f1959ac23c67
2010-07-07,263.9,263.9,259.2,260.13,https://www.sge.com.cn/sjzx/mrhqsj/510138,ef6298b7555d656a4671f0851022c0e3e7dd9d94c6c884f45895bb24602caf77
2010-07-08,261.5,263.6,260.5,263.18,https://www.sge.com.cn/sjzx/mrhqsj/510139,5a65fb2080e786600b13ecf70f447e94c8451da92ba91b31d77edb4c20c9ff2c
2010-07-09,263.5,263.5,260.0,261.83,https://www.sge.com.cn/sjzx/mrhqsj/510140,7dfb7935bee159f12b17f8d49dea6ebdb0080220ed5518927475ad7f7c435ccb
2010-07-12,263.61,263.9,263.3,263.3,https://www.sge.com.cn/sjzx/mrhqsj/510141,6dc77c0d40b0e47c316c71f0238e0442ecc7b13ff7cc2f8fe35f87bf165eedaa
2010-07-13,263.2,263.8,261.2,261.88,https://www.sge.com.cn/sjzx/mrhqsj/510142,6a8a57ae785b1114992d12d93c3a13600a449112761bb711a405a401282a4a11
2010-07-14,264.18,265.01,264.0,264.54,https://www.sge.com.cn/sjzx/mrhqsj/510143,7d17a1f47bbdb3c7f76d4a3a0439d80f9443672a01cfd32f0b4894b945b2570a
2010-07-15,264.54,265.18,263.1,264.03,https://www.sge.com.cn/sjzx/mrhqsj/510144,97f45155b608df1e1c354f43d25c8b2bee6ad796a94ebede61dbbfd9523f8f52
2010-07-16,264.5,264.8,263.0,263.6,https://www.sge.com.cn/sjzx/mrhqsj/510145,163fb5946fa93bc61082958f1176298d92e97abce43cf8f4d3f29f524e168c15
2010-07-19,263.6,263.6,260.48,260.65,https://www.sge.com.cn/sjzx/mrhqsj/510146,2d220ffb4a9e8230ae69a19fd6077cee3fbf8dc1aff51ec7fb6d1501baf591c2
2010-07-20,259.9,260.0,258.2,259.0,https://www.sge.com.cn/sjzx/mrhqsj/510147,fe07d0a16ac0a96fa0e6eecfb7ba278138800f25642dd997b75fafd3654c562d
2010-07-21,260.0,261.0,259.0,260.0,https://www.sge.com.cn/sjzx/mrhqsj/510148,9585d8cc54a5323245b392f4fc7a5a9cdea1d9c95222e49c91c94c028c978847
2010-07-22,260.99,261.0,258.8,259.02,https://www.sge.com.cn/sjzx/mrhqsj/510149,c7d6e41cefc6c7255d1e5d1b2f68416a392afb4cd38f5b2af4e65b9806e16a82
2010-07-23,260.5,261.8,259.5,261.73,https://www.sge.com.cn/sjzx/mrhqsj/510150,35be6a4d3ebdeb8be7b3a21b361e7ab675be73ddd526fac948dd72e850f75fe8
2010-07-26,261.73,261.73,260.51,261.2,https://www.sge.com.cn/sjzx/mrhqsj/510151,5de8725a30a8d63bb9414aff64bc559fa4c9e59815a6a0a9441f4e51db97464c
2010-07-27,261.85,261.85,258.99,259.5,https://www.sge.com.cn/sjzx/mrhqsj/510152,47584e9eac1a95628b44757a3407dd831f2f00b7cb1bfd656d7374f6da89a612
2010-07-28,260.0,260.0,255.1,255.8,https://www.sge.com.cn/sjzx/mrhqsj/510153,c0d2aaf78b3c4b95b73fa6430b6a339cdd6f67272af8525d6e65fcaa31f9f056
2010-07-29,257.4,257.4,254.25,255.8,https://www.sge.com.cn/sjzx/mrhqsj/510154,28804023f117f8b8f3b91805ceb2b2897c09e9b0f616a79d06a2aef04f812283
2010-07-30,257.4,257.4,254.8,255.8,https://www.sge.com.cn/sjzx/mrhqsj/510026,171fef141fa7853bf385413ecd3462bacfdc81ad427eb874d88c0b55f5c5dd1d
2010-08-02,256.9,258.65,256.9,258.39,https://www.sge.com.cn/sjzx/mrhqsj/510156,226f3c5d59e7b228cd4ac94e11b18384a1c3f9cb00bd31078fc5cf545677ec55
2010-08-03,258.64,259.8,258.0,258.59,https://www.sge.com.cn/sjzx/mrhqsj/510157,309d90a15150af4a962a4d394b9763f292951ea305a1efc217507075d2814453
2010-08-04,259.8,260.9,258.5,260.63,https://www.sge.com.cn/sjzx/mrhqsj/510158,bb455ada9a5a82c66b4fd6a65295857797537de97fd35007dae82fa66e0b9c82
2010-08-05,262.0,262.0,260.6,260.78,https://www.sge.com.cn/sjzx/mrhqsj/510159,b11a40723e39b68601d1d922598b27d2b7e854b46bd48524ede076764b584b00
2010-08-06,262.7,262.7,260.0,261.31,https://www.sge.com.cn/sjzx/mrhqsj/510160,4785b0ed93a57087be607df5af205f90ecbd86b6023c855937ecd1450efd72a8
2010-08-09,263.0,263.55,262.38,263.5,https://www.sge.com.cn/sjzx/mrhqsj/510161,973459a8c363a72686dfd8a3468b627d8970e86705c66aa5f85defab7d05c918
2010-08-10,263.5,263.5,261.7,261.78,https://www.sge.com.cn/sjzx/mrhqsj/510162,dc46aeccb69a7ce9432b8ad1c5d08c370281858586325d79174da53a01a68d37
2010-08-11,261.78,262.87,260.49,261.82,https://www.sge.com.cn/sjzx/mrhqsj/510163,5f18ebf10a9224e26d28d984fda5273b9e06a50d705881f3ebe02d4f89c9bb88
2010-08-12,263.8,263.8,261.05,262.62,https://www.sge.com.cn/sjzx/mrhqsj/510164,7627918a211c19b98690bd72aee6f90ca1b0805caf101a7979f77226ac7bdf85
2010-08-13,263.45,265.98,263.45,265.9,https://www.sge.com.cn/sjzx/mrhqsj/510165,9ea79393a4b4781171e43c79fac55c50a7cd7bc40df031a02f45096a28235837
2010-08-16,265.65,267.0,265.61,266.86,https://www.sge.com.cn/sjzx/mrhqsj/510166,84def775738bee2aab9389d947e6a9a364dd615fcc213ba4f87df239f5456eb4
2010-08-17,267.4,268.0,267.0,268.0,https://www.sge.com.cn/sjzx/mrhqsj/510167,14739714fbffef7deb9af87568d668c4ab3fe1eb779193a90e49e2eeb7187f37
2010-08-18,268.0,268.0,266.8,266.8,https://www.sge.com.cn/sjzx/mrhqsj/510173,2dac470eca44380dbbbe9d629cad2d633f94143d4d3e9414ee38108224713ec6
2010-08-20,269.5,269.6,268.6,268.82,https://www.sge.com.cn/sjzx/mrhqsj/510169,e1a1340277a00813c1bb0195f194b3ccba2d858e21396d91bf6839c006ae7abd
2010-08-23,270.0,270.0,268.39,269.25,https://www.sge.com.cn/sjzx/mrhqsj/510170,247409e0b7f0a58b5760583454171e100c4d0b3f560711ddc242c2468a9893b4
2010-08-24,269.9,269.9,267.17,267.52,https://www.sge.com.cn/sjzx/mrhqsj/510171,c6820636d375ff6b7fbb3d18396f02ddf759778016cb5e040b3d079584f07c50
2010-08-25,267.52,269.88,266.0,269.67,https://www.sge.com.cn/sjzx/mrhqsj/510172,1bc93009320e3e0bce8cbebaa82b6ee307a38acfbcb29f0294768df03df95f54
2010-08-26,270.0,271.9,270.0,271.82,https://www.sge.com.cn/sjzx/mrhqsj/510174,3d69279d66190f99f184a12b3d4e56cdfac75e60dca92d9d2f5583a73d6bffa9
2010-08-27,271.0,271.1,270.0,270.01,https://www.sge.com.cn/sjzx/mrhqsj/510175,ab9dbc663e7f48d130e2ac9c8b6ee0dc471f2d15b24e8d5aa01ef84a36746ccf
2010-08-30,271.0,271.0,270.06,270.96,https://www.sge.com.cn/sjzx/mrhqsj/510176,347de273f6d2b2f08ac1394b40e63a0cd368f34c0f805f941afaa07ce6e4460b
2010-08-31,271.0,271.04,269.51,270.63,https://www.sge.com.cn/sjzx/mrhqsj/510177,27e345d999419b6cb6fa65d37bcdf8534192d2e0da5f99cbdaae04f239a87b14
2010-09-01,272.45,274.03,272.0,273.97,https://www.sge.com.cn/sjzx/mrhqsj/510178,8d75c98147963424d1f1719dc4c7198fba690a30b738e65de6263cf1a4ecb6ba
2010-09-02,275.0,275.0,272.8,273.28,https://www.sge.com.cn/sjzx/mrhqsj/510179,9457cac96104ff8eda6f41621d2c503207a28cb41b41aa3a49af1760d93aac52
2010-09-03,274.0,274.1,273.5,273.9,https://www.sge.com.cn/sjzx/mrhqsj/510180,46b7d23250158f1d1d63307e5200fd706e28a0955e0d7ddebf619908640b6998
2010-09-06,273.5,273.75,273.02,273.7,https://www.sge.com.cn/sjzx/mrhqsj/510181,62d867fcefc6ea7fe591ad80244a0cbdd9055baadc95f78268fb7222775b44b0
2010-09-07,275.0,275.0,273.1,273.44,https://www.sge.com.cn/sjzx/mrhqsj/510182,076505094d47abc3a4cbb298c7b998ea766df2e4525896bcdd7355f30610a8b4
2010-09-08,275.0,275.6,274.0,275.57,https://www.sge.com.cn/sjzx/mrhqsj/510183,286373f1b2eda8fd9f1e2598fb21a674f5c83ba2690ecbb65f9c0c51215351e7
2010-09-09,275.57,275.57,274.0,274.14,https://www.sge.com.cn/sjzx/mrhqsj/510184,39f4a525ad53c4245ca85380cdcdf1e7d76c4d15f3705e82db5e969386d0a96a
2010-09-10,275.0,275.0,271.7,272.3,https://www.sge.com.cn/sjzx/mrhqsj/510185,6deb4c391aea2c870ee653527918db5e1230384a40502240f41f37a89335eddc
2010-09-13,275.0,275.0,271.71,272.39,https://www.sge.com.cn/sjzx/mrhqsj/510186,503fdcc744f686037c4ba7c59d66a953283dda66254febf62171d00618d269be
2010-09-14,273.0,273.0,271.1,273.0,https://www.sge.com.cn/sjzx/mrhqsj/510187,1430851f2f1f087a7917ac36e20cf062efccdf6183b33785c0c8278ce8fa4e0d
2010-09-15,275.0,276.17,273.65,276.0,https://www.sge.com.cn/sjzx/mrhqsj/510188,7ef762603a4903670e09757efd0d01f5deb443c8fb356f5f799278c5b49b3e41
2010-09-16,276.0,276.2,275.05,275.2,https://www.sge.com.cn/sjzx/mrhqsj/510189,6aeeea3d984bd617503ce20fabf0f2bc4cd3045a2fac2ec3c42b6f6010b90518
2010-09-17,277.0,277.7,275.88,277.55,https://www.sge.com.cn/sjzx/mrhqsj/510190,9408c9b6effbc32400ff067664181848ec2738a0662c880f78d442c781828fee
2010-09-20,278.1,278.1,277.0,277.51,https://www.sge.com.cn/sjzx/mrhqsj/510191,6bcc6a68e4a104cf08309e59fd922ddb54a7161ae6ed976940ce487f2c26f96f
2010-09-21,282.0,282.0,276.4,276.42,https://www.sge.com.cn/sjzx/mrhqsj/510192,3247ba3430f38d2327f5af6610f51c8f56114a7c066386016edc47eee83797fd
2010-09-27,280.0,280.5,279.0,280.39,https://www.sge.com.cn/sjzx/mrhqsj/510193,df8a155da7ab3fd485a8360b2efd7a995a112e491ea73e8625f07d4d70e8e3f6
2010-09-28,280.5,282.5,278.0,278.22,https://www.sge.com.cn/sjzx/mrhqsj/510194,4d34a493ab3af3b980815682643b4ef29fdebbec16ed3b00a267414c99e939a6
2010-09-29,279.0,282.1,278.5,281.95,https://www.sge.com.cn/sjzx/mrhqsj/510195,950c1ea557b1692091d85b7e7ad6547eaff1eb4f0f09056277a4e30bfc42677f
2010-09-30,282.5,282.5,281.56,282.1,https://www.sge.com.cn/sjzx/mrhqsj/510196,0a3990e09d90b87e003de5ab0b0790d8eedc085de090d0a89ef7b68889bbb99d
2010-10-08,287.0,287.0,285.0,285.8,https://www.sge.com.cn/sjzx/mrhqsj/510197,7b17282688affd843f4d99e721c1cd08139cc10fdc7f09eec0966c40563f6898
2010-10-11,290.99,290.99,289.12,289.99,https://www.sge.com.cn/sjzx/mrhqsj/510198,314b5f92ec0a502a5dfe9d8fe4a65e48e10bc5c69a3c94cc2fbdab6c71d44f28
2010-10-12,290.0,290.6,288.5,289.86,https://www.sge.com.cn/sjzx/mrhqsj/510199,6af61095792499491a8846c40186d8400a642ef8ad41e952e670311c449299db
2010-10-13,291.0,291.8,289.0,291.7,https://www.sge.com.cn/sjzx/mrhqsj/510200,7c24d4f6d5cb10f445f3b25f19ae4797e44a7f7625bb80467f47fd7c871a553a
2010-10-14,292.5,296.25,291.4,295.99,https://www.sge.com.cn/sjzx/mrhqsj/510201,aabe6a2a48f618cebf4b6f27889396d0410a114332faed8daa91ba6cc1f0980f
2010-10-15,296.0,296.0,293.83,295.06,https://www.sge.com.cn/sjzx/mrhqsj/510202,248a5be236732b5eefbadc0f86dc62e2bcd75f07dd5d931a96c1ebc90687afb6
2010-10-18,295.06,295.06,290.55,290.99,https://www.sge.com.cn/sjzx/mrhqsj/510203,24eec77a6e9e0b5e3423d9c33f23bbbdd79170dc5df59fcfba3b7310a9e36bda
2010-10-19,293.0,294.1,292.5,292.62,https://www.sge.com.cn/sjzx/mrhqsj/510204,ce2f9dbbc20c9f8f2c4f96c10b45dfac7b46c025dbdc1b9386b3cb575d87ccc9
2010-10-20,292.62,292.62,286.0,287.59,https://www.sge.com.cn/sjzx/mrhqsj/510205,0e8fd26e65dc6a454d4248f9b030cef4b14b5eab2b5fbed5ed8e93166d97f885
2010-10-21,291.3,291.3,286.25,287.65,https://www.sge.com.cn/sjzx/mrhqsj/510206,c083bd40f05b518a64234252d160d61562a78d8ed37583236a9fe727065e1cab
2010-10-22,289.0,289.0,283.8,283.95,https://www.sge.com.cn/sjzx/mrhqsj/510207,a3d84b68a44ae9c2c4d1daff0bcea0f21266e8dc0d850ca361aab49e929f2000
2010-10-25,289.0,289.35,287.0,289.13,https://www.sge.com.cn/sjzx/mrhqsj/510208,59b3dae9042f4e9aa23e5cf741134de8b6a712ebc1e98510afedc3bf89711112
2010-10-26,291.5,291.5,287.49,287.9,https://www.sge.com.cn/sjzx/mrhqsj/510209,a58218049b0d5cf28b1508917c5cce8d1c57072e40de06be8d917678ea0d6306
2010-10-27,288.9,288.9,286.25,287.13,https://www.sge.com.cn/sjzx/mrhqsj/510210,f117675ca7308380e7b232477aa9bbdd790d14efe2117526650ebd673650efb2
2010-10-28,287.8,287.8,286.2,286.43,https://www.sge.com.cn/sjzx/mrhqsj/510211,4de4e3c610963785dc6593e00687ba4221dc9c705e2551896d3dc165e1d13453
2010-10-29,288.0,289.4,287.3,289.2,https://www.sge.com.cn/sjzx/mrhqsj/510212,99c73dc677809d972f5b6ecd219b4197270a84a7d5b231fce590aac42151be6a
2010-11-01,292.0,293.78,292.0,293.07,https://www.sge.com.cn/sjzx/mrhqsj/510213,d4e510ebaedf920d8b5cc1647c407c6f33d9ed60212a576a61e8e0c0bfa60715
2010-11-02,293.99,293.99,292.0,292.38,https://www.sge.com.cn/sjzx/mrhqsj/510214,a19d3e940f91585fd1c3df97d7aab543aa4ef530acb6120d8526b64e082a0123
2010-11-03,293.8,293.8,291.4,291.99,https://www.sge.com.cn/sjzx/mrhqsj/510215,9e520469448b5787a28254d8a35cba90e4396671b93ee15662e38c476979287e
2010-11-04,292.99,292.99,287.5,292.59,https://www.sge.com.cn/sjzx/mrhqsj/510216,7af9522da14cb6761d232daaac14824feaccc015da7abf049623134853775f61
2010-11-05,292.99,298.3,292.99,297.39,https://www.sge.com.cn/sjzx/mrhqsj/510217,b5d631551d574523ac37e5eb7184d784f4bb0fcda870efd4f19df14487b1b269
2010-11-08,302.45,303.0,298.6,298.89,https://www.sge.com.cn/sjzx/mrhqsj/510218,4451b28ad457fc39ec38f04d1ecc2e97962bf597d200797bedff1d8514bf2e49
2010-11-09,299.8,304.0,299.1,303.62,https://www.sge.com.cn/sjzx/mrhqsj/510219,56053f50ad876b0da524fcf2b95a7a7fd988591076e7c2bdbdac34a1b9750643
2010-11-10,306.0,306.0,300.0,300.78,https://www.sge.com.cn/sjzx/mrhqsj/510220,662b8a366480d6fc9ac78534054d59aff058c8595ad0c2a20b9f84e0bb6f690e
2010-11-11,300.0,302.3,298.2,302.16,https://www.sge.com.cn/sjzx/mrhqsj/510221,7c7093928fc4bc18388fcba44b31227dfd5497641023918af4ccae1f23d914f5
2010-11-12,302.48,302.79,297.2,298.99,https://www.sge.com.cn/sjzx/mrhqsj/510222,a6905ecade4c24d2e028599bb29111b6f933457e54e2f0dd0e680219d828ba18
2010-11-15,298.0,298.0,293.68,295.2,https://www.sge.com.cn/sjzx/mrhqsj/510223,f8231ac1b52aa43fdf3241a65487cab72e201ab053f92a51910b03a80fcd7718
2010-11-16,296.2,296.2,293.05,293.76,https://www.sge.com.cn/sjzx/mrhqsj/510224,87b04e8b5411691d76af8341aef0b037451cded017f562a23e456126c70f66a3
2010-11-17,294.8,294.8,288.3,289.0,https://www.sge.com.cn/sjzx/mrhqsj/510225,a090919b9142cfefab94ade780a02dc8cc6118893e1234cc70caef86aa081ebe
2010-11-18,290.5,292.1,289.0,292.09,https://www.sge.com.cn/sjzx/mrhqsj/510226,6a1cb4f9fcc7a1986b7480f84fddef8453ce4e1605647b80723b58451d4ac6ad
2010-11-19,292.6,293.0,291.0,292.4,https://www.sge.com.cn/sjzx/mrhqsj/510227,3e355eb1b9e8c7f42f1929d9ee75ccaad2524bee1527954b9022977795c71648
2010-11-22,295.0,295.0,292.0,293.53,https://www.sge.com.cn/sjzx/mrhqsj/510228,96a60bd5c9c9019c14986a2eb421f689b13433d035bef934fc39e08c7a45cbf0
2010-11-23,294.0,294.6,291.7,294.57,https://www.sge.com.cn/sjzx/mrhqsj/510229,b39ecf136a596def3a256fb4b021f8c4ea1d1a36849279e4fcc8a583a4ffd6e2
2010-11-24,294.57,296.85,293.0,296.5,https://www.sge.com.cn/sjzx/mrhqsj/510230,5444dae3e6109fde873b6f48d8eb783f4d131af1a35609ed274f34acc54a487e
2010-11-25,297.8,297.8,295.0,295.58,https://www.sge.com.cn/sjzx/mrhqsj/510231,d6c414d1ba350c537ee93b1fe7562ace90dc5367c6afcc951d9d3290645db330
2010-11-26,297.0,297.0,294.44,294.85,https://www.sge.com.cn/sjzx/mrhqsj/510232,8c8fac374a4a32509fadbdeba8c9fc914471ca2e81829f72fab730f87880ae64
2010-11-29,295.0,295.0,292.5,294.7,https://www.sge.com.cn/sjzx/mrhqsj/510233,7f03b9b7a41e75f4bbc8289f6094b7c71ca1e235633a954d4c4be0e2dcfd8db7
2010-11-30,295.3,295.3,293.4,295.08,https://www.sge.com.cn/sjzx/mrhqsj/510234,2fc2113a0b1f9c0f336cfe113d721a53ff3afef42c1fd6f9a0f48ca71853505c
2010-12-01,297.2,299.9,295.5,299.6,https://www.sge.com.cn/sjzx/mrhqsj/510235,d2c2207853330d5857cfeb626004513026e176644db7254df3eec516d1052ac6
2010-12-02,301.5,301.5,298.33,299.99,https://www.sge.com.cn/sjzx/mrhqsj/510236,6a5cb5d4408bfbb90c69e13f6344ae8bc89f0550bc47bfe0ebf4fb4384b4b2c6
2010-12-03,300.45,300.45,294.0,298.99,https://www.sge.com.cn/sjzx/mrhqsj/510237,1134ccbc5fc8ea8204f1dacc50126c9423c00bb4839611cc06cea06954ef2b91
2010-12-06,304.0,304.0,302.7,303.09,https://www.sge.com.cn/sjzx/mrhqsj/510238,ea324523ec498445265e1b9df9993a60759a6d7443cd86b5dc2c2758abdd3a2b
2010-12-07,304.0,304.5,302.65,304.33,https://www.sge.com.cn/sjzx/mrhqsj/510239,61679da9a7a203201654d2fa82c5274551cf45a6784037f000299ece17a6b482
2010-12-08,306.0,306.0,298.0,298.69,https://www.sge.com.cn/sjzx/mrhqsj/510240,e42daa0ce8be3fc9bcb3a925d0818173a665cc09a850197e19e1cf900b0eb7f8
2010-12-09,299.0,300.0,296.0,298.52,https://www.sge.com.cn/sjzx/mrhqsj/510241,6afe8009eac9e3f9d7b6963175ff793b375106661504c9c94af90076f995d9dd
2010-12-10,298.8,299.48,297.01,299.37,https://www.sge.com.cn/sjzx/mrhqsj/510242,7ce2b38bd835af7e9f1d5a83ae89c9e2e492b3485f8a238ae6e181c7268aabe0
2010-12-13,299.37,299.5,297.8,299.5,https://www.sge.com.cn/sjzx/mrhqsj/510243,d12069c82192302b4a8d82512f42b538eba281d3a1a305fb5926a68629718b6e
2010-12-14,300.5,301.8,299.46,301.0,https://www.sge.com.cn/sjzx/mrhqsj/510244,2408c89a693ef6cda672efd5d39152e2d686095f2bedfa07fca981de516ffad0
2010-12-15,302.0,302.0,298.62,298.83,https://www.sge.com.cn/sjzx/mrhqsj/510245,8a2c644dc67024967cca9bd3a2075d74a7e6b1c81b2aa829856e4baf49d71b05
2010-12-16,300.0,300.0,297.29,298.19,https://www.sge.com.cn/sjzx/mrhqsj/510246,95df54d556ce51514551800edc348adfebf0dd439118c68019c25dc2cbc324f1
2010-12-17,299.0,299.0,295.3,296.81,https://www.sge.com.cn/sjzx/mrhqsj/510247,9b3d5673c8fd8a5602daf31eb7d13efbdbc83a62f2aa9760c19b8ad7c5c175a1
2010-12-20,299.0,299.6,298.0,299.55,https://www.sge.com.cn/sjzx/mrhqsj/510248,8e23f14c352fbb3e5183d7da1d20bfdedbf3fea77a78518fb2aceefcb3dce88b
2010-12-21,299.6,299.6,297.88,298.8,https://www.sge.com.cn/sjzx/mrhqsj/510249,4c99761823dd3312e564802ac170d1e5bc0a68e7fca530e75eda403648420b8c
2010-12-22,299.8,300.0,297.61,298.89,https://www.sge.com.cn/sjzx/mrhqsj/510250,13c5b2967f90110be45729c39322fbe03bcbe55c9bb7f5556dfbe008a2ad2aa2
2010-12-23,299.9,299.9,297.86,298.07,https://www.sge.com.cn/sjzx/mrhqsj/510251,11e84182326181921cce4a532eeab5e48bae66c61493eebf88c9e6dfb84d493e
2010-12-24,298.9,298.9,295.8,298.39,https://www.sge.com.cn/sjzx/mrhqsj/510252,0df92ac5455d3dd7d30db2c6277eb639e8de59fc6bb7a33cdb136de5efbd5ef7
2010-12-27,299.0,299.0,296.01,298.49,https://www.sge.com.cn/sjzx/mrhqsj/510253,572a126fdf38c3b6d9200fa844291cfd179796fc3654e34dc7cdb2b0b926eaf7
2010-12-28,299.0,299.37,298.0,299.0,https://www.sge.com.cn/sjzx/mrhqsj/510254,a6732c969282be8c99238c84ddb3cc86ddc1df11e68391b076b16ad9b8387a60
2010-12-29,299.95,301.3,299.2,301.07,https://www.sge.com.cn/sjzx/mrhqsj/510255,233c2db25a37959df05ccc6eb6a2e1a71641b4b2183fb25b96fc1e5f9cd26cd8
2010-12-30,301.5,302.28,300.0,301.5,https://www.sge.com.cn/sjzx/mrhqsj/510256,d05ab717852cbfe477e057907aa2b4958cb4b1f1ea0c56d2d7efdc0e36623eee
2010-12-31,303.0,303.0,300.0,301.8,https://www.sge.com.cn/sjzx/mrhqsj/510257,1957873f8e8fb48ead64770b815377267916444b028dc4177c34c282b41d4db1
2011-01-04,303.9,303.9,301.71,302.5,https://www.sge.com.cn/sjzx/mrhqsj/510258,b64d73aa263ccc72bf87583f4f0e83e51b740542ff62ea996f4577536e6b43d6
2011-01-05,302.5,302.5,296.43,297.68,https://www.sge.com.cn/sjzx/mrhqsj/510259,e1c92a19b094b07701ef3ebf60aa039b71cb8edefb2fe1452e26e51474ddb73f
2011-01-06,298.5,298.6,294.2,298.57,https://www.sge.com.cn/sjzx/mrhqsj/510260,30ed0c509e8474cdfd4da0c37d48b2d44432b7bd301e5a441e5c0953d119ed1b
2011-01-07,298.57,298.57,295.85,296.89,https://www.sge.com.cn/sjzx/mrhqsj/510261,ef77672cad83609ea5ca59ba5aae3b87b0f223a09f19368640bf901f0554dfee
2011-01-10,297.45,298.7,297.0,298.53,https://www.sge.com.cn/sjzx/mrhqsj/510262,da1fbcd51753fd446f2d923189838a91bbe2d336362fd167c647302d6c748728
2011-01-11,299.0,299.8,297.0,299.79,https://www.sge.com.cn/sjzx/mrhqsj/510263,9736954d2e64662e850bc5d15868372e22320ab86d9d8c8a60827e151f6068d5
2011-01-12,300.5,301.01,299.2,299.22,https://www.sge.com.cn/sjzx/mrhqsj/510264,223e01eac33e8223d7a37bb375a895990b0eef2ff422fc885e1fbffe231b3374
2011-01-13,299.4,299.8,297.8,297.8,https://www.sge.com.cn/sjzx/mrhqsj/510265,6aeb963ad75eb73777d24a6dacd61a5eacf2d099d18f8585034328e18cb9c20e
2011-01-14,299.5,299.5,295.7,295.79,https://www.sge.com.cn/sjzx/mrhqsj/510266,fff1e99c6abb0d15b8aa9548468214a7e3b18da3321bddd02006d983a40a3a11
2011-01-17,295.79,295.79,293.1,293.39,https://www.sge.com.cn/sjzx/mrhqsj/510267,b0e62eab1a27d11cbbf591c3bf6ebfba391443dba119f7da7b543b470f5614a4
2011-01-18,295.0,296.5,293.3,296.46,https://www.sge.com.cn/sjzx/mrhqsj/510268,7af6469a1bdd15849f052daca85d94c611c98bcd425bd1a06f12f5d89502cf26
2011-01-19,296.5,296.85,295.6,295.99,https://www.sge.com.cn/sjzx/mrhqsj/510269,5c2e7fc5a1d8f2c155a2b0f9326bb7c72f27f570b80020c7f876ca752ca6434b
2011-01-20,296.8,296.8,293.9,293.91,https://www.sge.com.cn/sjzx/mrhqsj/510270,bb1d5a18755b382d7003aa543338bed98c4435b29df16f23cacb778702bd3e51
2011-01-21,293.5,293.5,290.5,291.01,https://www.sge.com.cn/sjzx/mrhqsj/510271,525d31b73f34736aeede910c396e71403fc0a8067d3b8f9aae858a12ccff9fb4
2011-01-24,291.5,291.99,291.0,291.22,https://www.sge.com.cn/sjzx/mrhqsj/510272,9eb24316436e8791b80847b67f50dfa05c38c891a5f1c46f224eee628a6a8224
2011-01-25,295.0,295.0,287.1,287.3,https://www.sge.com.cn/sjzx/mrhqsj/510273,4bc2eba0494b6b165aca9af2fc58a553160493b4bb821709c9529313eb3202cf
2011-01-26,287.99,288.3,285.86,288.2,https://www.sge.com.cn/sjzx/mrhqsj/510274,c0542d6176a5e326876e3ffa8a77eb6f0961fbe44e65ced5712406904988671b
2011-01-27,289.8,289.8,285.5,287.35,https://www.sge.com.cn/sjzx/mrhqsj/510275,3ef500efd8cb5db8c6b93de68d58fb41cca3208e375cdebc0abb2fc6cc9745b4
2011-01-28,287.0,287.3,281.2,282.58,https://www.sge.com.cn/sjzx/mrhqsj/510276,4b106d65562a61840353631991750986689ec1ec1253a5675c3388e84b7aa3c0
2011-01-31,287.2,289.4,285.25,285.7,https://www.sge.com.cn/sjzx/mrhqsj/510277,4831d608b85b07fe7999124643a9cf5f7fda21dd069f87818c1901070faff02b
2011-02-01,286.0,286.0,283.8,285.95,https://www.sge.com.cn/sjzx/mrhqsj/510278,7075495f2afdf6e2b8ac32ec13ff54ce0237e5f60e6344b93a8c4ec025ad1a9b
2011-02-09,290.99,290.99,289.02,290.0,https://www.sge.com.cn/sjzx/mrhqsj/510279,d57f8ee466d6d3fb5efa5618d747bb4d20f0999f8fc7438f0503cf8091c5295c
2011-02-10,290.9,291.1,289.71,289.71,https://www.sge.com.cn/sjzx/mrhqsj/510280,857b2a74cc0d674ec3135bc1680c3fd4d659a2e2eccc7d8f51c30995c993fff0
2011-02-11,288.7,290.5,288.12,290.28,https://www.sge.com.cn/sjzx/mrhqsj/510281,a3cd68dc0a76b13e157af9b1d1c2d3ec54775fc76ecbede87f9f798c78883480
2011-02-14,290.75,292.97,289.25,290.29,https://www.sge.com.cn/sjzx/mrhqsj/510282,9bf16b552cc70a57f6ff4d029a80b4fc5880ae891c5c05d6a329b3e9a0d84522
2011-02-15,290.28,291.4,289.7,290.95,https://www.sge.com.cn/sjzx/mrhqsj/510283,a473ecd23fbfcf720b656652bdf64406047738f2b12007dc2e7d46b64d862dff
2011-02-16,292.9,292.98,291.8,292.83,https://www.sge.com.cn/sjzx/mrhqsj/510284,152613282037e925dcca0f69659c8bb93310400778359dbb97f0992f21da0984
2011-02-17,293.0,293.48,291.6,293.4,https://www.sge.com.cn/sjzx/mrhqsj/510285,00b620de6f5219802127d518a5e3870b04439e9565c047d2ab5db0070ae3a4fc
2011-02-18,294.5,294.55,293.0,294.1,https://www.sge.com.cn/sjzx/mrhqsj/510286,1f79f0ea384482c0e094c8f278b510061e8d5b5cb2f6f311abb273b7eea3e00b
2011-02-21,295.8,297.8,295.8,296.49,https://www.sge.com.cn/sjzx/mrhqsj/510287,4278f9af48aa3dd63259e39f5e55b3f173880c619dfdf5ff18e39aeb3f50b91f
2011-02-22,297.5,298.13,295.0,296.86,https://www.sge.com.cn/sjzx/mrhqsj/510288,c43a10fc016fdf34831024e9ee6cea029582c98c47cbc7977e3dc139c4ed6270
2011-02-23,297.91,297.91,296.3,297.3,https://www.sge.com.cn/sjzx/mrhqsj/510289,a240d3f2310ed74c90c094538d75fb7199d87201df902e902f8b6daaa6d7cd19
2011-02-24,297.95,299.12,297.1,299.05,https://www.sge.com.cn/sjzx/mrhqsj/510290,28c0c09e3b9ae088be1945ed7414c037b4e9273c110e5e752c303d593abf63f4
2011-02-25,299.85,300.0,297.5,298.32,https://www.sge.com.cn/sjzx/mrhqsj/510291,596af56eeb51dc94d3d7a133aa3201c83a1ce09167ba95b0009ea06d557d8312
2011-02-28,299.5,299.7,299.2,299.6,https://www.sge.com.cn/sjzx/mrhqsj/510292,f3bf17fb87740755ce05a28f9b78d53eb8b5fbfd735b5106bf854c4262e98a4d
2011-03-01,300.0,300.0,298.68,299.79,https://www.sge.com.cn/sjzx/mrhqsj/510293,a28c4fa04f5182f1bcf5234f7c86004c9a59ce4adad16ca88ab1a6e03d452c5a
2011-03-02,300.6,302.35,300.0,302.27,https://www.sge.com.cn/sjzx/mrhqsj/510294,e0917aa8527767f67d1253787bba16c18840b5073e6352d1783b007d16464bc7
2011-03-03,303.0,303.5,300.5,301.7,https://www.sge.com.cn/sjzx/mrhqsj/510295,0a611f43137a659a63bb7b5913e2007b4956cf25e96a63f77e52171da3af3b88
2011-03-04,300.5,302.6,299.5,299.72,https://www.sge.com.cn/sjzx/mrhqsj/510296,845aa6adb01eaaab7575091a37378bb7f42ff1eeba0029f4dc802b361d8c3d86
2011-03-07,303.0,304.18,302.6,304.05,https://www.sge.com.cn/sjzx/mrhqsj/510297,da7c0ec63f260bd2684c61078d76bb19498c7609e85accda4d10c05879427b9d
2011-03-08,305.5,305.5,301.9,302.02,https://www.sge.com.cn/sjzx/mrhqsj/510298,3ec479075792679eedac96b1e99664d62869e089f21f864081db1e88d0732a0a
2011-03-09,304.82,304.82,301.4,302.05,https://www.sge.com.cn/sjzx/mrhqsj/510299,8ea63edae0af4c8f1f8300aaca3b14af119ad571ff6aa107977d675d4897b61b
2011-03-10,302.8,303.35,302.0,303.3,https://www.sge.com.cn/sjzx/mrhqsj/510300,ea5dc0f0ebe153af2c954c349d7ea2364e52a8ee8484be35bdcedda9225572c2
2011-03-11,303.0,303.0,298.6,300.95,https://www.sge.com.cn/sjzx/mrhqsj/510301,a32ba685aaefedd92b0bb22c1d5a8b0b8355ecfa067f1c21f1bd0c7a4bcbdaab
2011-03-14,304.0,304.0,301.2,302.68,https://www.sge.com.cn/sjzx/mrhqsj/510302,41b61ce20a8d8d08a0567f199be0cfdedc30ee4f64cbd06873d8382de956ea1a
2011-03-15,303.0,303.0,300.2,300.44,https://www.sge.com.cn/sjzx/mrhqsj/510303,5a30ac8ed52096b1032d8b600da77840fd97313f78d63eef6650c439bbec0df7
2011-03-16,299.18,299.18,294.6,298.5,https://www.sge.com.cn/sjzx/mrhqsj/510304,d4b049e22f373449091787d32ab115f7d4cfbd34a689e51f7d54a6eb6131b029
2011-03-17,299.9,299.9,296.5,297.6,https://www.sge.com.cn/sjzx/mrhqsj/510305,ea035d4ab91b75189c4802d755343c22338f5ad1ae28ea7eb0107e8b4fe7cf4d
2011-03-18,298.7,301.2,297.7,300.84,https://www.sge.com.cn/sjzx/mrhqsj/510306,72f6ef64f40ca52c399c1ebbc7949052091e438683b664a1010fea4994d6b9a3
2011-03-21,302.98,303.65,302.98,303.15,https://www.sge.com.cn/sjzx/mrhqsj/510307,4bafe9600b085f8ff49210db0b63229ba62d2672ec53e4f4ccf04973cf027626
2011-03-22,304.4,304.4,302.6,302.8,https://www.sge.com.cn/sjzx/mrhqsj/510308,2fa7e4803a5c4f5b7542518baf9143bcf3ddbbc30d1e01bfe9aeefd357ebeaab
2011-03-23,302.8,303.0,301.56,302.8,https://www.sge.com.cn/sjzx/mrhqsj/510309,70baf3fabd38642625807676b9356a233a93717d8ba0707cab85349e5c639278
2011-03-24,303.8,304.32,302.75,304.3,https://www.sge.com.cn/sjzx/mrhqsj/510310,8883c079caa23d844e0ac852fde4eac5920104496c7c4f2ed329d6d47e654235
2011-03-25,304.4,305.34,302.58,303.98,https://www.sge.com.cn/sjzx/mrhqsj/510311,ec873e7c1ca4d718fe6e2aeeea72bd714a98d67f4311b156d7f6167f0fb37c43
2011-03-28,305.6,305.6,300.2,300.39,https://www.sge.com.cn/sjzx/mrhqsj/510312,11670b974873a11e64cc8b7a3794b4c3858da5b211e90ea815e47ce03b143b12
2011-03-29,300.5,301.14,299.5,300.83,https://www.sge.com.cn/sjzx/mrhqsj/510313,24810f202aaa066eaf3cd91f512ad558ee6980588008802b8f703fa1e0a99e7e
2011-03-30,300.6,301.8,300.25,301.74,https://www.sge.com.cn/sjzx/mrhqsj/510314,327c8565dd8bd7a0d60a05d60a8f5337fdb37db4a95cfc52fc128b289aa37232
2011-03-31,302.5,302.5,300.0,302.16,https://www.sge.com.cn/sjzx/mrhqsj/510315,5b1c9f7a9b3af20f099b521951405226edfb40cc1ec1a5cbc866af439d06fc03
2011-04-01,302.18,303.28,302.18,303.04,https://www.sge.com.cn/sjzx/mrhqsj/510316,f4040ca51faa57f2f1eea3953bb90ab4dab4dd23d87e1c4e7ab149980d5461d4
2011-04-06,306.5,306.55,304.0,306.47,https://www.sge.com.cn/sjzx/mrhqsj/510317,a310af103e58ef31bc9492dcab3257ccf420ae6c8d4ef1cf6286e18ea2d0bffc
2011-04-07,307.0,307.5,306.4,306.54,https://www.sge.com.cn/sjzx/mrhqsj/510318,a696470d548c6a5430517145aa89f32b2a4ac1a03d62b0f630ccb27ff700c540
2011-04-11,309.2,311.5,309.2,310.55,https://www.sge.com.cn/sjzx/mrhqsj/510320,08edad14532916c7268e775930866458cb0dfb2c4b5d57d505800fda6d5043e2
2011-04-12,310.55,310.55,307.0,307.5,https://www.sge.com.cn/sjzx/mrhqsj/510321,c019234b634e349bc470e12f8f2d60800c919c4533fcc952c843fbf1e66a3eaa
2011-04-13,308.6,308.9,306.0,307.95,https://www.sge.com.cn/sjzx/mrhqsj/510322,df8ec6e7c8b76a9af77a98fb6e44cd8ccd14a5a70674022c944ba175e756521a
2011-04-14,308.6,308.6,307.15,308.54,https://www.sge.com.cn/sjzx/mrhqsj/510323,cf72ebcf96120c24a5cc6212b3fc4798b9e0cf0e54d81ba7aea653641adbfca8
2011-04-15,308.54,310.7,307.95,310.22,https://www.sge.com.cn/sjzx/mrhqsj/510324,0a9e309ba1a0f311cbef8651879de03482401f67a9f1636f79cb57d896e9c7be
2011-04-18,312.0,312.15,311.5,312.0,https://www.sge.com.cn/sjzx/mrhqsj/510325,f24f7544cb47572a14d17bd057be919fd1dbaf0a1d62fab92cb89da035c17847
2011-04-19,312.7,313.65,312.0,313.6,https://www.sge.com.cn/sjzx/mrhqsj/510326,35f4dc88ccc56a06eaa3d18272601566c1152a182184f151dcda22c9bfd27216
2011-04-20,314.0,315.54,312.17,315.39,https://www.sge.com.cn/sjzx/mrhqsj/510327,3b8add1c6cac519c78443a22b3b5aa45b8a48be640792667c605b24f41337c29
2011-04-21,316.9,316.9,315.1,315.8,https://www.sge.com.cn/sjzx/mrhqsj/510328,ea3a1d469a96629858b38d4b72756c2fc079c632d5f0d8e8eaa7d3e8647e7e0f
2011-04-22,318.0,318.0,315.0,317.48,https://www.sge.com.cn/sjzx/mrhqsj/510329,b62b7daa00e34047fb840ea0641866d0352c7187f8fcb56a565372e6350725ec
2011-04-25,319.2,319.2,317.55,318.9,https://www.sge.com.cn/sjzx/mrhqsj/510330,d85b6266540f0784d5e856e6337936f5fa8f7236d233f438735b6ae744a253ec
2011-04-26,320.0,320.0,314.9,316.07,https://www.sge.com.cn/sjzx/mrhqsj/510331,8f896d35d6f514c2278f0cd47d7db9a26281698af22c7b13156714004693a349
2011-04-27,317.5,317.5,314.28,315.74,https://www.sge.com.cn/sjzx/mrhqsj/510332,e1dd637aac690b4338fc0afe53e85ec98154ad227262d91775e83fd13754aed5
2011-04-28,317.45,320.4,315.8,320.17,https://www.sge.com.cn/sjzx/mrhqsj/510333,76def46c851cedb505a599e905dee522d690c6ea3b81b7b308ae1ad5e99e0317
2011-04-29,320.2,321.45,319.5,320.17,https://www.sge.com.cn/sjzx/mrhqsj/510334,18ff39d3f2fc6f74d3c180b36afd18bf4543b7c513196bde6668725fe441e5b8
2011-05-03,316.2,323.9,316.0,322.0,https://www.sge.com.cn/sjzx/mrhqsj/510335,b502ef03d700c5fd677c17a580175779982b3b9522059f401d2a51d6195d7dde
2011-05-04,322.0,322.8,320.0,321.67,https://www.sge.com.cn/sjzx/mrhqsj/510336,797bf0ae3c491bfddb2c3684982587e3bcd9d419a17abee4ca5c2e53e3b59e80
2011-05-05,322.5,322.5,316.2,318.12,https://www.sge.com.cn/sjzx/mrhqsj/510337,5c3253ea8c1dbbc276cae7d84a15a3b2e9d33f78b165eea394d3126446633a0d
2011-05-06,317.01,317.51,311.0,311.39,https://www.sge.com.cn/sjzx/mrhqsj/510338,42a898615f055631376e5ca9fb1253e76d2e504bc70cda0aaeac01209ba7a2a7
2011-05-09,315.0,315.35,313.2,314.92,https://www.sge.com.cn/sjzx/mrhqsj/510339,64e65d7085ccf74b39b4efc6637157d69f1d87f9542d2d90f707bf41859b1b32
2011-05-10,316.49,316.6,314.75,316.0,https://www.sge.com.cn/sjzx/mrhqsj/510340,bfe581c4e4114cc925efbfd6187f7b49c5bbf33eda0e0dea0fabaa4bdcbe8385
2011-05-11,316.5,318.88,315.4,318.29,https://www.sge.com.cn/sjzx/mrhqsj/510341,172ff55b05c6ff4b189e2642d2674161245d01e82af732a4c44ac12af3279541
2011-05-12,318.0,318.0,312.0,312.53,https://www.sge.com.cn/sjzx/mrhqsj/510342,5e3a708d254708e525021b62bbe1e12760dee4c627421649112125dfd23ed0c2
2011-05-13,313.0,317.0,312.1,317.0,https://www.sge.com.cn/sjzx/mrhqsj/510343,ca7bdf3c36599143aa134affe52aaf70df6ed7ec926f175ae3898e72c6a0d6c4
2011-05-16,317.0,317.0,312.7,314.02,https://www.sge.com.cn/sjzx/mrhqsj/510344,f1d26114eddadca0527edd0fb0b8faa81af4e77b20e0e8e9dc644a67046dfff3
2011-05-17,314.85,315.2,313.4,314.0,https://www.sge.com.cn/sjzx/mrhqsj/510345,134d9ab1d4ea21d32e968f5b106845d1ad716c6a24e814b2a3707ed800e53f41
2011-05-18,314.0,314.0,310.6,313.35,https://www.sge.com.cn/sjzx/mrhqsj/510346,62403083c1156c7957fca1380910702c65deea779ab2ca3d0a333696db79d9e2
2011-05-19,314.5,314.5,312.5,313.7,https://www.sge.com.cn/sjzx/mrhqsj/510347,161286b9ce7584dd18e3e2b9c8593d1169484142442ce9ee1f7a548c70bb117c
2011-05-20,314.0,314.19,312.1,314.12,https://www.sge.com.cn/sjzx/mrhqsj/510348,65732cb607a8ac283a0daf55779d0ae44c1362d44d33714af932311ee320437b
2011-05-23,316.5,316.5,315.3,315.5,https://www.sge.com.cn/sjzx/mrhqsj/510349,b278982fc4b750b92826e2c2b318c99c0064e6ce1c12bec10374bc6ee83b6893
2011-05-24,316.5,318.1,315.81,318.05,https://www.sge.com.cn/sjzx/mrhqsj/510350,7647a0770f5c14dfdb5bb3455f0ede8662d99eb03f7af7732368b0b2350baf7f
2011-05-25,318.05,319.2,318.05,318.89,https://www.sge.com.cn/sjzx/mrhqsj/510351,66e1fef621df4cd674c76029584780b331d6dc3786a8bb2ef9b7e8f91bee944f
2011-05-26,318.5,320.05,318.5,319.59,https://www.sge.com.cn/sjzx/mrhqsj/510352,e300be942cf35e72182a6c0ef18e6e3b968d248cd4031d439a70fdf26a877b67
2011-05-27,319.9,319.9,317.79,319.39,https://www.sge.com.cn/sjzx/mrhqsj/510353,bb5533c2cccb52491cb3b8ca50430daa604fa1c640d06986babd6f9b0b5498d8
2011-05-30,321.0,321.25,320.25,320.29,https://www.sge.com.cn/sjzx/mrhqsj/510354,f70f034189b36633dd6493ea2a57bee553a41f09fc0092bf036d75ed595ead0f
2011-05-31,321.0,321.1,320.01,320.64,https://www.sge.com.cn/sjzx/mrhqsj/510355,6deb406d9f6b617e3fd901b5d7ebcb70df9cf108911c014238f6460ed8714b0c
2011-06-01,321.9,321.9,319.2,319.48,https://www.sge.com.cn/sjzx/mrhqsj/510356,d255aeaa84ca7a3dc5bd8026d291096131bcc99c3ff531a03058d0d8092601bc
2011-06-02,321.5,321.55,319.5,321.38,https://www.sge.com.cn/sjzx/mrhqsj/510357,52d6d099b219cf67cf5c97a8457d8db29f74270b798345aa1899516b637acf43
2011-06-03,321.79,321.79,318.1,319.77,https://www.sge.com.cn/sjzx/mrhqsj/510358,364d28f1c31e2fb5ab61d348b244f9c4efd9ec9b8fd44287c9a88dc4b5ede8eb
2011-06-07,321.87,322.25,321.75,322.03,https://www.sge.com.cn/sjzx/mrhqsj/510359,937d231665220b0b3b62b0e18fefbffb1488723cff303cfd8f1c4c04b4e00c38
2011-06-08,323.0,323.0,321.0,321.0,https://www.sge.com.cn/sjzx/mrhqsj/510360,214ee3845567b39da3b94cc0ea8a35f439a94527a8335147c7d85b78fad923a2
2011-06-09,322.5,322.5,319.99,320.71,https://www.sge.com.cn/sjzx/mrhqsj/510361,e37b2fda62f7344129020b290eebe6833a8be8e7cc25f0f1c28fea0ccf4f0986
2011-06-10,321.1,322.47,320.7,321.73,https://www.sge.com.cn/sjzx/mrhqsj/510362,a70457eb1e31261fb0a8510f81f7891e7648919aefe2b58caa66153ba3e45a78
2011-06-13,323.5,323.5,319.95,320.0,https://www.sge.com.cn/sjzx/mrhqsj/510363,5f1495eb5a431e84a06ca88e541662a1b0641764f9727654435881a2db75a0c2
2011-06-14,321.9,321.9,317.0,317.96,https://www.sge.com.cn/sjzx/mrhqsj/510364,fba0deb45bf990047333867353ebb9630896d390d09d5f130a06931bdde0f69f
2011-06-15,317.01,319.2,316.8,318.5,https://www.sge.com.cn/sjzx/mrhqsj/510365,27dd1a6cd805e35474be4fb4ad5fff9a878d3e10f3a3474b0a71749eaecf0bdc
2011-06-16,319.2,319.99,318.0,319.34,https://www.sge.com.cn/sjzx/mrhqsj/510366,e94ac69e59f236c65c510c0697d90fe2b19b07b0d251f2e6762c9920ef904812
2011-06-17,320.5,320.5,318.5,318.7,https://www.sge.com.cn/sjzx/mrhqsj/510367,36ae86678eecefd1b59e2cdacd825d77181f23bc8aeb13faf02537817b7525df
2011-06-20,321.3,321.3,320.45,320.67,https://www.sge.com.cn/sjzx/mrhqsj/510368,643a0c205df7bfedece2cc316d9325d72581036f09f205f0360f5d4871181f13
2011-06-21,321.0,322.0,320.6,321.33,https://www.sge.com.cn/sjzx/mrhqsj/510369,ab81b4cce262dcf2b6251c820d8a9eb69faf8552141b38a970cd4f85c776861c
2011-06-22,321.5,322.2,321.05,321.78,https://www.sge.com.cn/sjzx/mrhqsj/510370,fc57095f42711e0768f51bdd82428a2a5456d9914a05c04b319fba2e1d1329d9
2011-06-23,322.5,323.5,321.35,321.5,https://www.sge.com.cn/sjzx/mrhqsj/510371,ec806c9a0639c6ef796712d11e62dfb1086c7798468f1dbe3d2490b088a72d32
2011-06-24,321.0,321.0,317.0,317.88,https://www.sge.com.cn/sjzx/mrhqsj/510372,c833fc3cc726d4efd3df865e4bfdc03715c9586abf65168bcc1bb39c688d07e0
2011-06-27,317.0,317.5,312.98,313.95,https://www.sge.com.cn/sjzx/mrhqsj/510373,f2c7b25942efe64237eef71fd328f86f6164d01f153f795342cb4ba40d08cae5
2011-06-28,314.5,314.5,313.0,313.62,https://www.sge.com.cn/sjzx/mrhqsj/510374,798ddd0a8a4de6c1e56a6a549a1ecd669b9e82a9dbf5e6f674db86c5254edaa4
2011-06-29,315.0,315.0,313.1,314.61,https://www.sge.com.cn/sjzx/mrhqsj/510375,e400be02d3df3e80326536e11472a6a78f9a5142c77ed4e9112ac9c5159d61b4
2011-06-30,316.0,316.0,313.8,314.7,https://www.sge.com.cn/sjzx/mrhqsj/510376,9a874417a392c87319ef054e3ae92e989fff33f6ab8340f4d8eef19bb3d1e898
2011-07-01,316.0,316.0,312.8,313.33,https://www.sge.com.cn/sjzx/mrhqsj/510377,44a6dfe542466aaff06d927281659970217a8953d5cd0443b28f75cc55498b05
2011-07-04,315.0,315.0,311.6,312.27,https://www.sge.com.cn/sjzx/mrhqsj/510378,1b7574e21c91ac82a0f488449bf97a07bc83b67aa1ec99820a5a4cb09bdfe989
2011-07-05,312.5,313.0,311.8,312.13,https://www.sge.com.cn/sjzx/mrhqsj/510379,3770e98a551c1627593871786b77b31a3d147fb56c0cd97fc7505b1dad644a29
2011-07-06,315.0,316.9,313.98,316.51,https://www.sge.com.cn/sjzx/mrhqsj/510380,eb77a5458715fcc7e687f6e0f6e8504b8a25791092f42446c241484463947238
2011-07-07,316.51,320.2,316.2,319.2,https://www.sge.com.cn/sjzx/mrhqsj/510381,1b0ff07b97f479b6a8f609d44e9a908893f0e35055a379cce0275cb88271935e
2011-07-08,319.98,319.98,318.0,318.98,https://www.sge.com.cn/sjzx/mrhqsj/510382,46fae01e59781c3a28f97dd3b8dc22d49676366ede22afdff690f1b419214264
2011-07-11,321.0,322.3,321.0,321.89,https://www.sge.com.cn/sjzx/mrhqsj/510383,8ac97d6337537429bedd65ad08a5bf0f0c3d6255e6a5980777720f01e53fd694
2011-07-12,322.7,323.3,321.0,322.27,https://www.sge.com.cn/sjzx/mrhqsj/510384,bd2ff0eeadccdc0356fceacbd84301baed839d31be3643ab6151c7c0090da204
2011-07-13,322.0,326.95,322.0,326.81,https://www.sge.com.cn/sjzx/mrhqsj/510385,a871728ddf54209b66d6a736954e4aade382ab172272599f367eb5f630eacf01
2011-07-14,328.0,330.0,326.85,329.08,https://www.sge.com.cn/sjzx/mrhqsj/510386,4ff12f3aa1ab3e6ce273d69facda610a3f757e0d06295772361c0aa95b5f2a26
2011-07-15,330.5,330.9,327.08,327.2,https://www.sge.com.cn/sjzx/mrhqsj/510387,5298e7343df32605021bd4f02c5ca651db1c163b56cb62b17dce794b2633ec46
2011-07-18,327.2,331.85,327.2,331.55,https://www.sge.com.cn/sjzx/mrhqsj/510388,6e0301632ac5c24f2caec35cf5f624aff32e893db8ef1260ed40479a01fa7135
2011-07-19,327.7,334.0,327.7,333.94,https://www.sge.com.cn/sjzx/mrhqsj/510389,ff9bf0322d4f5cadb2465eadaa0b1050896cf0a59e85596ae78f335d3db21835
2011-07-20,330.8,333.45,330.0,330.39,https://www.sge.com.cn/sjzx/mrhqsj/510390,149ddd6aa2c415dde279641de9835338ada2a088b1cd02ef03bc6ae76ae8ee7e
2011-07-21,332.0,333.35,328.9,333.17,https://www.sge.com.cn/sjzx/mrhqsj/510391,1cb3618526dcf0b026a4502b728f90e0b3779481d17368b549d08264a630dd84
2011-07-22,333.71,333.71,329.7,329.7,https://www.sge.com.cn/sjzx/mrhqsj/510392,845ea4bb1f78e0258cafa213ed63b66d1066cb4dbdb0c41488b734305fbabf1a
2011-07-25,333.9,335.65,333.9,335.5,https://www.sge.com.cn/sjzx/mrhqsj/510393,5190a27083105eebabe2c9e1b4619b511a953601de4234bdb22dfe449869affd
2011-07-26,335.6,335.9,334.5,334.5,https://www.sge.com.cn/sjzx/mrhqsj/510394,0604a93a45faa86f9b65c685d82e181843376ff2585923879883d316bec7d15c
2011-07-27,335.1,336.3,334.1,336.1,https://www.sge.com.cn/sjzx/mrhqsj/510395,8e2651877c522907a1916888670b255ef150584019da1ffd639a4e866d6ef2a1
2011-07-28,336.5,337.0,334.4,334.84,https://www.sge.com.cn/sjzx/mrhqsj/510396,1413b8025e4d936c19fc0fdd1d01bc8b3c10da2f1c7a050d40124c32e23117ca
2011-07-29,336.41,336.41,333.1,334.0,https://www.sge.com.cn/sjzx/mrhqsj/510397,d3203682e9ac168cfe974ff732efdda8ae82c92cd261cadc22ab6c3624e27d0d
2011-08-01,334.0,334.2,333.6,333.98,https://www.sge.com.cn/sjzx/mrhqsj/510398,a122f1ae8a07204028c9e3043febafb6e548a181faa71d2327c4768706b57b60
2011-08-02,336.0,336.5,334.0,336.4,https://www.sge.com.cn/sjzx/mrhqsj/510399,3f054f88627511802fa8925dbf86949a4d3b7d8cbc73afe8234863e6226ddc6f
2011-08-03,339.0,346.0,337.11,345.88,https://www.sge.com.cn/sjzx/mrhqsj/510400,5c1b5a70874949742215c25d5924de836b8f0925400224579e490351e6764df2
2011-08-04,345.3,345.95,344.01,344.8,https://www.sge.com.cn/sjzx/mrhqsj/510401,67b71dcce8266a4d0387a1da45be2990814afe1a80fbdf31184cefaa32fc635f
2011-08-05,344.8,348.0,341.8,344.95,https://www.sge.com.cn/sjzx/mrhqsj/510402,5c69de07dfb7aa19cdd64257b25b588ec8f0f095006fe03e6fedca7d24e42b17
2011-08-08,349.5,354.8,349.5,352.64,https://www.sge.com.cn/sjzx/mrhqsj/510403,4f46c1139601fec4865cb11258558d49b8f74849e5daab3baa64772684a5076a
2011-08-09,353.0,363.8,350.61,360.87,https://www.sge.com.cn/sjzx/mrhqsj/510404,15cee9333f162c283f0a117035a262ddeb88e2d6e644fa20b2805e062beb5f9b
2011-08-10,363.15,363.6,356.52,361.75,https://www.sge.com.cn/sjzx/mrhqsj/510405,ff9fd8a77821577306f07887a1e2127ecf71100fc772fa72159bc03b4311fe0f
2011-08-11,364.0,374.5,363.01,368.2,https://www.sge.com.cn/sjzx/mrhqsj/510406,fdbd1d26d6b1b721b6808ba709c426dbf665149281bb84055da8be7c97cf2c05
2011-08-12,368.2,372.0,361.38,362.79,https://www.sge.com.cn/sjzx/mrhqsj/510407,941688166c2e46267548b89d86df198545ee6bb6e5972fd0e4bbdc503c7e870e
2011-08-15,363.0,363.0,358.6,359.51,https://www.sge.com.cn/sjzx/mrhqsj/510408,0268e465e8e3c12eb0c21fede8c601e88d2d2c2f0ad90eefce5c47023f9b358b
2011-08-16,362.3,365.25,358.7,364.76,https://www.sge.com.cn/sjzx/mrhqsj/510409,3844618faaa68359c29743df2f0cea51417a370c7fb643c842ab0e9ceca5b092
2011-08-17,366.41,368.55,363.41,368.0,https://www.sge.com.cn/sjzx/mrhqsj/510410,62a33667d721b3f0d94150186631761930d9486e0d429997c392526d5e66d165
2011-08-18,368.0,369.5,366.5,369.37,https://www.sge.com.cn/sjzx/mrhqsj/510411,3799c92e4eea2a75e59a49040a0ad2016a9aa015b25227306f2d123bfbe5e84d
2011-08-19,374.0,381.5,371.65,381.48,https://www.sge.com.cn/sjzx/mrhqsj/510412,5e05ebca1f54eddf7fde1f1e63233e0df576f05521debe2a87ba38f985863321
2011-08-22,381.48,390.16,381.48,389.8,https://www.sge.com.cn/sjzx/mrhqsj/510413,c783081ea3dae8c3c9ec694d5005e157d6a650c8a80498fa8e790dd8bdb989c6
2011-08-23,385.0,392.2,383.12,387.86,https://www.sge.com.cn/sjzx/mrhqsj/510414,1566bfbfb7225b4893e489e94c50137afe63e8b5a921a7728c3bb96f324780e4
2011-08-24,384.0,388.5,379.9,380.45,https://www.sge.com.cn/sjzx/mrhqsj/510415,bf82e6182dec57668f10ae48e8e736defce2027c023a9c18f774c2280006d837
2011-08-25,386.0,386.0,358.9,361.01,https://www.sge.com.cn/sjzx/mrhqsj/510416,a527f7bf5325f1c6ce3ee436cc9a94fb01024166f43ca11821bc130f92818e08
2011-08-26,361.01,368.9,353.0,368.84,https://www.sge.com.cn/sjzx/mrhqsj/510417,2b9f1edad1a56eb503299fbad1ea772f4bd266a860df8f4dbbec228c6240e724
2011-08-29,368.84,376.99,368.84,375.5,https://www.sge.com.cn/sjzx/mrhqsj/510418,fc8c14852192a0025d311ebb0d39363002aecfe0a91c67281f17f73bd277681b
2011-08-30,375.5,375.5,366.1,371.05,https://www.sge.com.cn/sjzx/mrhqsj/510419,d89cfc7e626ced9875241057ae9bf5fa92202889d8496d182fc9038da94ecb95
2011-08-31,378.0,378.9,374.0,377.69,https://www.sge.com.cn/sjzx/mrhqsj/510420,7d326ee5b5ae69aebf4fa32391e4942e9e542f6f13eb33cdd55b21905650bc0d
2011-09-01,379.45,379.45,374.0,375.11,https://www.sge.com.cn/sjzx/mrhqsj/510421,d369a795d6bddfaf34ff817d4ae20f7129bb3918e055b44c250fb59e1cde171c
2011-09-02,377.0,380.2,374.16,380.19,https://www.sge.com.cn/sjzx/mrhqsj/510422,cdfc8f7c4428a7ce6be08cd4e1c14490cf01ae94804921451b2cb99806317cd6
2011-09-05,388.6,388.6,385.31,387.59,https://www.sge.com.cn/sjzx/mrhqsj/510423,3412f14c946136e985b9a74700e1b563362008fcf1b8817a7ceaa9de006d4125
2011-09-06,388.0,395.3,387.5,393.48,https://www.sge.com.cn/sjzx/mrhqsj/510424,61c1e7fa97da6f318ac7f28e1390be730946e6cfab3d026181c477617f6330ba
2011-09-07,392.0,392.0,376.68,379.49,https://www.sge.com.cn/sjzx/mrhqsj/510425,313ed0a5aafeab242d6dfe93d939420f3003b93b7a277d27c0103d35a98c0477
2011-09-08,379.49,381.0,371.8,380.9,https://www.sge.com.cn/sjzx/mrhqsj/510426,f46118851a2c36e75738c46e3e9323a59943ae6dc003b8dfdb42c86b27ebdaae
2011-09-09,383.6,387.3,381.67,386.93,https://www.sge.com.cn/sjzx/mrhqsj/510427,c53302578e067e26df01a8f904857ed6742fe7dc0297c90779369a0f2d9b4312
2011-09-13,379.0,379.95,376.5,377.5,https://www.sge.com.cn/sjzx/mrhqsj/510428,51084aa507359af211264d7cd44351679750b7bbc7e5d10b3e09c6e5172abe16
2011-09-14,378.65,381.99,376.0,378.0,https://www.sge.com.cn/sjzx/mrhqsj/510429,4a7bc6aed822d8a162b45e594174b59865eca5bf2c0f9d77fe9c41f9ed5623ad
2011-09-15,379.5,379.5,373.5,374.98,https://www.sge.com.cn/sjzx/mrhqsj/510430,8b3a666176f821362ea59dfa3b35fbda032424914407cdb37d2c46a1295b18cc
2011-09-16,374.98,374.98,354.98,366.93,https://www.sge.com.cn/sjzx/mrhqsj/510431,d590712a90ccbd0c03b2257f4c2aca57fed0b1d627dfb6c3fadee40e2f246202
2011-09-19,377.3,377.3,374.8,377.2,https://www.sge.com.cn/sjzx/mrhqsj/510432,e43e8e672321d0d8ee10cc4e03d5779ae1849cd37b1d8e1188a1a735408bcb9d
2011-09-20,377.4,377.4,367.0,370.63,https://www.sge.com.cn/sjzx/mrhqsj/510433,2891e8de69e4ae95a8bdb8015f74fde603569b88ee13e5ef981f2f497665c372
2011-09-21,371.0,374.99,368.48,374.61,https://www.sge.com.cn/sjzx/mrhqsj/510434,6a7002c2479a476ca8e7179edce87290a152c274ac19cf690a820a215270694b
2011-09-22,374.61,374.61,367.7,368.0,https://www.sge.com.cn/sjzx/mrhqsj/510435,f1a12256d173233db47fd7d7742cce3d537e758a1e826d91320d645b6bc66146
2011-09-23,368.0,368.0,358.0,360.0,https://www.sge.com.cn/sjzx/mrhqsj/510436,bfe6bd900c9862a7d79e5cc9b1a141de8895d66e05179aba490f1fa0447471ae
2011-09-26,351.0,351.0,322.0,327.56,https://www.sge.com.cn/sjzx/mrhqsj/510437,ef51a65ba73e45beeecf7aeae1d4aeba8ec51bfd7f5ec42e8fa331bbb902c967
2011-09-27,339.9,343.8,326.0,342.37,https://www.sge.com.cn/sjzx/mrhqsj/510438,7e79c19b1aee9bdd4478647a7153ad6ce81b80a87aafbdb759e04e56d98904a7
2011-09-28,345.0,345.0,338.02,343.25,https://www.sge.com.cn/sjzx/mrhqsj/510439,da22b89e391e3f190605cea809c405135554ee8709d766fefc63c8a61e5feeed
2011-09-29,343.25,343.25,330.0,336.0,https://www.sge.com.cn/sjzx/mrhqsj/510440,cb8a1bfac232f44bdf152193de7ca3065e33f0d40cfbbb61a4ced8b210278bab
2011-09-30,336.0,340.0,333.5,338.49,https://www.sge.com.cn/sjzx/mrhqsj/510441,4d4c0c660870e63b7bc55d165259f122d80c4bd30dc979f58a04c124916f104d
2011-10-10,338.49,345.0,338.49,342.91,https://www.sge.com.cn/sjzx/mrhqsj/510442,29cc0f9ffca238ba6a9de039d8f4d49055e7cdf36932c7e534aecbb51a7f905e
2011-10-11,344.5,347.9,341.0,346.79,https://www.sge.com.cn/sjzx/mrhqsj/510443,92eb0e2807fb4a7886f7a67e54c88b965940338140168560d4b22d57fba56589
2011-10-12,346.79,346.79,343.01,346.22,https://www.sge.com.cn/sjzx/mrhqsj/510444,197bfcf21973179227656fc8e0d90c4f909300b120de3287456436f83c2cfc59
2011-10-13,346.22,350.0,346.0,347.0,https://www.sge.com.cn/sjzx/mrhqsj/510445,b9aaa582ada2b0904c4a56333deb5f5d214e4905d7da506e92d3bb02bc476d70
2011-10-14,347.0,347.0,343.11,345.61,https://www.sge.com.cn/sjzx/mrhqsj/510446,765024f2666a990bbfbb9be3191aa3d3e372189d51b9e60d8f35f83b337e8fcd
2011-10-17,348.0,349.8,346.5,348.29,https://www.sge.com.cn/sjzx/mrhqsj/510447,67af0b83226f2c4c763ea37b81e11906224d37f92b286ba45efef9a75e105755
2011-10-18,348.29,348.29,343.4,343.62,https://www.sge.com.cn/sjzx/mrhqsj/510448,98eb89ed1b082d581fe3f2fc84fcf5cb7df5fad674ce77165b7072ad0238cb11
2011-10-19,343.62,344.68,337.0,340.8,https://www.sge.com.cn/sjzx/mrhqsj/510449,83c5c34f90d9cb7b2cdc87889de91e17600f0b8097285bcb1091c8d68c577af0
2011-10-20,343.6,343.6,332.8,334.98,https://www.sge.com.cn/sjzx/mrhqsj/510450,fc90eff077de932c26012bc33854fc81903a65a79e3cc9f2177e2140558e3b2d
2011-10-21,336.0,337.2,332.41,336.74,https://www.sge.com.cn/sjzx/mrhqsj/510451,214e18a5f901f7f1089711bb279b24c48358c026164503f35931850ee7498e50
2011-10-24,339.9,341.95,337.5,341.46,https://www.sge.com.cn/sjzx/mrhqsj/510452,45d00e9e0238a1ab7398d9f970aef17127f785764192f5d9de5e91907d7f3b23
2011-10-25,343.0,343.0,340.0,341.5,https://www.sge.com.cn/sjzx/mrhqsj/510453,a176d31ecc9b59511669536ac73872820171c4451865ddf097907404bffa9fc1
2011-10-26,342.0,353.9,340.3,352.5,https://www.sge.com.cn/sjzx/mrhqsj/510454,6e03566e20ef624eb296deb0abb0ac008f47621495bdae059e17fa931f5faa6b
2011-10-27,352.0,355.1,351.0,352.97,https://www.sge.com.cn/sjzx/mrhqsj/510455,250b191d394e85c5fab34c632154f83412000897bae35b138a4544afb467553f
2011-10-28,354.0,359.66,353.0,356.34,https://www.sge.com.cn/sjzx/mrhqsj/510456,409a0b9471e41e8cf9868d1b021f0294ee8304ce9e8da75d6692f1d0dd1baf64
2011-10-31,358.5,358.5,349.8,350.49,https://www.sge.com.cn/sjzx/mrhqsj/510457,1efd15362833f9c66df182cef60c407d73acd73e89d78fbb6c58cb9f2d592c2a
2011-11-01,352.95,352.95,351.0,351.27,https://www.sge.com.cn/sjzx/mrhqsj/510458,b56d326130dc46610605f382377677a60eb50c0359e5ed7574ee26509070681d
2011-11-02,351.27,353.99,345.0,353.52,https://www.sge.com.cn/sjzx/mrhqsj/510459,5cc4619f678abe6c3f2bc966835816cd491b2afbb0b46185851779de537b5b39
2011-11-03,355.49,356.99,352.0,353.4,https://www.sge.com.cn/sjzx/mrhqsj/510460,ac93e46b786406ac35c18e8de836316e18be04de36066d5748ca72d1848c8eca
2011-11-04,361.0,361.0,356.01,359.49,https://www.sge.com.cn/sjzx/mrhqsj/510461,a909b4cf2e3cdee6f761b00a35a360b29ddf97d148128be65947b100d8538da9
2011-11-07,363.0,363.0,360.0,361.65,https://www.sge.com.cn/sjzx/mrhqsj/510462,ff5d6b4e83a0f028a967719401a78410736b580cec62f3832259c254e80fd7c2
2011-11-08,366.0,366.0,362.1,365.2,https://www.sge.com.cn/sjzx/mrhqsj/510463,37a37b0abd09881130639bbc6ac1d98e2b79e87a79a753dca6aa5b77af0abcdd
2011-11-09,366.3,367.0,364.1,364.91,https://www.sge.com.cn/sjzx/mrhqsj/510464,2b78152db24dce7193c7120bcc9913f895f801490d542a2a3721e056c9ad17aa
2011-11-10,364.91,366.8,358.0,358.89,https://www.sge.com.cn/sjzx/mrhqsj/510465,49974e165db28244f26624ae1ce390d0d07968a274e1621680196a73f46a1a38
2011-11-11,363.0,363.0,356.1,361.19,https://www.sge.com.cn/sjzx/mrhqsj/510466,0dda7f42482d3a11ab5ef671cb6108a9882181acc0e580eeb64baae4fde51985
2011-11-14,366.0,366.5,365.1,365.7,https://www.sge.com.cn/sjzx/mrhqsj/510467,75088947b95c6efec76c459bc20e3a073f66c3a50b6105cf040e63e98292572c
2011-11-15,365.7,365.7,354.9,362.63,https://www.sge.com.cn/sjzx/mrhqsj/510468,afbad9cfd936c2decb3f028f164759060d554d074c0ebf45847efac250ca1618
2011-11-16,363.48,364.9,361.1,362.17,https://www.sge.com.cn/sjzx/mrhqsj/510469,ea653282128e5a33e59065811a72ce3b0c6a5d7ae72f9f5470e1c987c84c92b1
2011-11-17,364.0,364.0,359.0,361.1,https://www.sge.com.cn/sjzx/mrhqsj/510470,9752082ad2e2c2c853448d3e921b3f33994d0f0a02c6f0a4fe9bbb10d47decbf
2011-11-18,361.1,361.1,351.2,353.7,https://www.sge.com.cn/sjzx/mrhqsj/510471,26a98989e3c3202728d9664d0740a4c8be10faf5ca22aea1ea9897cb99e00f42
2011-11-21,358.8,358.8,351.35,352.87,https://www.sge.com.cn/sjzx/mrhqsj/510472,6e834f18477076ec96f47911a3d6c7bcb5531926aa07a4c8046a68e671d87c2d
2011-11-22,352.87,352.87,345.35,346.37,https://www.sge.com.cn/sjzx/mrhqsj/510473,a4579c0d2a595bfdffd39540a002537551dba6ab600890b811067640c7ed8ac0
2011-11-23,348.0,350.9,346.01,350.25,https://www.sge.com.cn/sjzx/mrhqsj/510474,96d04b2835d53fe218bce5c66dad23fa0e316868bd5618d782dd6c93f72615ea
2011-11-24,350.25,350.25,345.3,348.47,https://www.sge.com.cn/sjzx/mrhqsj/510475,8ec62324851e8b8698e44ee6208faca1206f2a184fe691d67958ffb25b1cd1f2
2011-11-25,349.8,349.8,345.5,345.52,https://www.sge.com.cn/sjzx/mrhqsj/510476,d9fe99ca9d59e32316b21f0e02db89894e3e2e74673e431c3bb5978eeb580695
2011-11-28,347.5,351.0,347.5,350.99,https://www.sge.com.cn/sjzx/mrhqsj/510477,c8310056f1368456176c25fa33ef071893c6f0827e2b4754a30995f35f4ee2cd
2011-11-29,353.39,353.39,351.0,352.04,https://www.sge.com.cn/sjzx/mrhqsj/510478,12fa129cbc1dedc7a48b3b07def49186f189a6dee43318eb811db4c0bedf4ab1
2011-11-30,352.95,354.2,350.9,351.77,https://www.sge.com.cn/sjzx/mrhqsj/510479,e0a3786ddf9372cc7b1dd5d557592db41840c0a13fab3b33223204da80080eef
2011-12-01,353.38,359.0,353.0,357.68,https://www.sge.com.cn/sjzx/mrhqsj/510480,c52f0f5b98020206fe21f49969afab13f65a4e30b88624037606955007f88c45
2011-12-02,358.5,358.7,356.0,357.59,https://www.sge.com.cn/sjzx/mrhqsj/510481,6acc0b05203a439c4c39a1e106a63d7d6a98a329559169927f79e8a0776f8836
2011-12-05,360.0,360.0,356.0,357.5,https://www.sge.com.cn/sjzx/mrhqsj/510482,04163e1e183f8f9f8acd42f77888cb873e4f942abc7860f9d9c664831d7d3383
2011-12-06,357.5,357.6,351.21,351.48,https://www.sge.com.cn/sjzx/mrhqsj/510483,b471dee2af34bef4a592650ed22bcb9ec3636c6a65285bfd0bfb992651e778d9
2011-12-07,353.48,354.99,350.0,354.6,https://www.sge.com.cn/sjzx/mrhqsj/510484,7dee3c02781843a47bc84b5fdf2753d73ef23ec3ea49f54e189720c4cb3fba4d
2011-12-08,354.6,356.3,353.3,356.29,https://www.sge.com.cn/sjzx/mrhqsj/510485,f578355fa3701429458c4e0bda5ad08aa619f0bb1f18f9bfdda681a51c798aa4
2011-12-09,356.5,358.5,350.0,350.8,https://www.sge.com.cn/sjzx/mrhqsj/510486,7f9da7325e239fe5af8b12fd1fe05657021b4dfd5e9911e385546b01d6dbef8d
2011-12-12,354.5,354.5,346.2,346.34,https://www.sge.com.cn/sjzx/mrhqsj/510487,22f1b3377e475d4cde714ec0a60f9fd60cf89041cf6eb15052d4afd318558223
2011-12-13,346.34,346.34,339.0,339.31,https://www.sge.com.cn/sjzx/mrhqsj/510488,2f53795d94150c9ba3dc97c639c32b2ab04164c1ce8860d7f32d3ea81dd286cf
2011-12-14,343.0,344.0,335.21,337.95,https://www.sge.com.cn/sjzx/mrhqsj/510489,8bbf69191db29aeda89e0f7fff8c29c466145a060332d807dda374055efd9810
2011-12-15,336.0,336.0,321.9,322.28,https://www.sge.com.cn/sjzx/mrhqsj/510490,33b510fa3810c522745758a377df5be36b862278133d40904dbecf1bbc66d215
2011-12-16,328.0,329.5,321.7,329.42,https://www.sge.com.cn/sjzx/mrhqsj/510491,d4ad71d26434483870323b91c0200cefd0d58bca7875113463a0a7fdbc812ebf
2011-12-19,330.0,330.0,325.5,327.72,https://www.sge.com.cn/sjzx/mrhqsj/510492,2a0139833f38d5a62be11efe5707dfecb3f801dfbc8f6086d69cdadb767c3b38
2011-12-20,329.0,329.2,326.0,328.65,https://www.sge.com.cn/sjzx/mrhqsj/510493,4ea640bee4ef76559d0f09b6ec61ef9a66c9402f75faa012d835455c48dce4c0
2011-12-21,330.8,333.6,328.7,333.2,https://www.sge.com.cn/sjzx/mrhqsj/510494,0ff77af2e199f2ee7866ad6c4ad591f6ca5e41f464770cba85ea36c615f709b1
2011-12-22,333.2,333.2,328.6,329.91,https://www.sge.com.cn/sjzx/mrhqsj/510495,5bdc6984ddd86ee410f69c7e1ca1f4d9b462258c734dc4a4d51af42552c1c55f
2011-12-23,331.0,331.0,327.5,330.29,https://www.sge.com.cn/sjzx/mrhqsj/510496,5f124b8772446e0e1f5140a3012ee120a2cf480bfdb6e53c026af26fac2630b0
2011-12-26,331.0,331.0,326.1,328.78,https://www.sge.com.cn/sjzx/mrhqsj/510497,1e64bcd009611b7af545f7add082ea2bcfdcee0631dedcd672e1dcd68b49ecb6
2011-12-27,328.8,328.8,326.2,326.37,https://www.sge.com.cn/sjzx/mrhqsj/510498,ccd251d46e67c71612c8aa3959ea129112f3f5d157e0a22091fefeb3366558d7
2011-12-28,327.2,327.2,323.55,323.64,https://www.sge.com.cn/sjzx/mrhqsj/510499,ac81c5c4fd16971a72b83ca3e1f3d7772d7b6f3b8654acb7ec998e881c5fb02f
2011-12-29,324.7,325.0,314.6,315.5,https://www.sge.com.cn/sjzx/mrhqsj/510500,0eb8064dd8074ca6583cac806d3f88892d8dd3cce993864ae00bd2ad1eb5374a
2011-12-30,315.5,320.0,311.5,319.8,https://www.sge.com.cn/sjzx/mrhqsj/510501,0e0414e55a25e7d958816ab9b11e5484e62554ed2e782e8025b5ed0fe78df0d3
2012-01-04,328.45,328.78,325.6,328.72,https://www.sge.com.cn/sjzx/mrhqsj/510502,d6eac10c9c1d5e04a31d5eec9d3a06ee44636172316e2ecb92561b066a25a617
2012-01-05,328.45,332.0,325.6,331.98,https://www.sge.com.cn/sjzx/mrhqsj/510503,28657e75113b4ec9ba58d5421b4f45e8210a18c23968fdcb61ebd6f5b0b3f95f
2012-01-06,330.0,333.49,326.35,332.58,https://www.sge.com.cn/sjzx/mrhqsj/510504,78105aacbc4326adcb96c4a75f12b113870aa920a758942cad30ddf4691e462f
2012-01-09,322.58,331.1,322.58,331.04,https://www.sge.com.cn/sjzx/mrhqsj/510505,4d74c0606ef948c099b0314b88dc11698a8393024e01eed51e434b2f63ae4c1c
2012-01-10,331.9,332.3,329.0,332.05,https://www.sge.com.cn/sjzx/mrhqsj/510506,58f22672cd80d0038c14797190999e2d31a8f4bf85eb1e0ceff66fbc85843e65
2012-01-11,336.8,337.0,333.7,335.5,https://www.sge.com.cn/sjzx/mrhqsj/510507,62c34d1f5604d1001e81a7c9dd64e2eac3cf6e66eeef47e613c9a3a6acef93be
2012-01-12,335.8,337.4,334.3,337.37,https://www.sge.com.cn/sjzx/mrhqsj/510508,a8b631957e393e6f9681456337dcb912516381eefce8a8991292fbe23c4c13c3
2012-01-13,340.0,340.0,334.5,337.51,https://www.sge.com.cn/sjzx/mrhqsj/510509,f9c940d75137ed8f52c5d02c0f2ef803aec37575ee488def111d37fc74708b89
2012-01-16,337.51,337.51,333.56,336.39,https://www.sge.com.cn/sjzx/mrhqsj/510510,0613d84ae75cdb1c18e2aaf77912953a297cfd69f102c3d647dd357eb7aeed5f
2012-01-17,337.12,339.4,335.35,339.18,https://www.sge.com.cn/sjzx/mrhqsj/510511,31b93e5781b509641257ce586f4ccabad6f7f4f840e949154e57e57c507049eb
2012-01-18,340.0,340.0,336.1,338.33,https://www.sge.com.cn/sjzx/mrhqsj/510512,fae06f35bbbbffd9f7a4b80f16037b5802cc9234c975482d792b2f3d95904de5
2012-01-19,338.33,339.96,335.99,339.38,https://www.sge.com.cn/sjzx/mrhqsj/510513,3d30befaa6b42b18dce3f5ba10fbc81338897eff50cbcbb8356557080eec7eed
2012-01-20,339.3,340.0,337.2,338.87,https://www.sge.com.cn/sjzx/mrhqsj/510514,9c7d4c65966cb86d6178c53b82824dfb573484b4e243176a2d0dc54fc0cf9a40
2012-01-30,355.0,355.0,351.01,351.01,https://www.sge.com.cn/sjzx/mrhqsj/510515,ccb1f1353f4045857b71199b3b260e67be07dd4672260a1f0276abcf192d564e
2012-01-31,350.9,354.38,350.9,354.16,https://www.sge.com.cn/sjzx/mrhqsj/510516,535b2f5d7db6134ed130977b3f0af7d8d6b5d5fa305ba2e0c30e298620b6c124
2012-02-01,355.0,355.49,352.5,352.58,https://www.sge.com.cn/sjzx/mrhqsj/510517,1677d697038776bd565b6f70169cb5fe929b3802a01d887ee93e1b104bbbf5c1
2012-02-02,355.0,355.84,340.0,355.1,https://www.sge.com.cn/sjzx/mrhqsj/510518,553ad4cbc142caf4a4feeb97e1ea891836370b37e965c062f7d5610c0021b3ac
2012-02-03,355.1,357.2,352.0,356.99,https://www.sge.com.cn/sjzx/mrhqsj/510519,3a4c01e70be8d5d1a679ea37451c94e2dad99c5fc9763140b65d475cc090f0c3
2012-02-06,356.99,356.99,351.9,351.95,https://www.sge.com.cn/sjzx/mrhqsj/510520,f4b5e6fb6eb2d1d904ec8938f7d9bd3cdf475ffb561caa63711c08195b70cc63
2012-02-07,341.95,351.8,341.95,351.74,https://www.sge.com.cn/sjzx/mrhqsj/510521,99a5aa6c08dd6c9675c0a485b8407998d1b59b931462d938d6d6f89dad2b7fde
2012-02-08,351.74,355.9,348.5,355.3,https://www.sge.com.cn/sjzx/mrhqsj/510522,ebbed46a2641249605637edb50696dde1781afdae65b6e06a99092c228746563
2012-02-09,355.8,355.8,351.2,353.3,https://www.sge.com.cn/sjzx/mrhqsj/510523,b6fd4d5075d6758f33023fe5c767ce4898e811174e4a2947cf1993e9535c2c6f
2012-02-10,352.55,355.1,351.4,351.74,https://www.sge.com.cn/sjzx/mrhqsj/510524,cb56f8fbadc5020a679d2af82cde37b022ba8010813d703c4a12a81e7e2cee93
2012-02-13,351.9,352.0,350.3,351.59,https://www.sge.com.cn/sjzx/mrhqsj/510525,2805f0911a001e646b0a1c8d5351ff64c70f9da37483e8ebf5877753d45fd77b
2012-02-14,352.8,352.8,348.0,348.43,https://www.sge.com.cn/sjzx/mrhqsj/510526,3fd0b14eb41219f370f2640d38ca2f418cf2e66c19f62e8cc6da89e6212caa2f
2012-02-15,348.8,351.3,348.0,351.2,https://www.sge.com.cn/sjzx/mrhqsj/510527,343912fb1d97117e824acb93f9be62126f5039b4b86e328aca5fa7736bdf21fb
2012-02-16,351.8,352.98,349.0,349.98,https://www.sge.com.cn/sjzx/mrhqsj/510528,a0c88b727cbed89b7ab6d9902f2bf92a54c2a8745f30d91f951e77377e2e305f
2012-02-17,351.5,352.2,347.0,352.16,https://www.sge.com.cn/sjzx/mrhqsj/510529,bff41839f8df6df7f6fe98f4bcbecaf96a60dfd2e9f96963fa486ba82144114a
2012-02-20,353.0,353.3,351.8,351.89,https://www.sge.com.cn/sjzx/mrhqsj/510530,508fdf8df3f88f541f0032337816d4e7f4beeb1ed980113c3950cd195412531a
2012-02-21,353.8,353.8,351.9,353.65,https://www.sge.com.cn/sjzx/mrhqsj/510531,b73f0cb1a1ed3594c4728fe74401e672d141e5d2f3a4131a19bdd21036bf1804
2012-02-22,353.8,356.8,353.1,356.72,https://www.sge.com.cn/sjzx/mrhqsj/510532,775aeb2e3dbdd3096cbaa7ab5a81cfb021ecb2421897aa8d5f50bf904303d3a3
2012-02-23,356.72,360.5,354.9,359.92,https://www.sge.com.cn/sjzx/mrhqsj/510533,11d09856777d23b8c2fa10c06ecf534a1e9791ebd9175c271abbb3e52af289b1
2012-02-24,360.0,361.88,359.77,359.79,https://www.sge.com.cn/sjzx/mrhqsj/510534,5a09116cdf0b450bc3c43aee51dfb3fa5604103219e146eff282d5fac8a01faf
2012-02-27,350.0,360.7,350.0,359.68,https://www.sge.com.cn/sjzx/mrhqsj/510535,feb3663f112011398f512173a0d661d1ea774d3a7c64ee0139ecddf06e2b5eea
2012-02-28,360.0,360.38,358.79,359.99,https://www.sge.com.cn/sjzx/mrhqsj/510536,f76ad3a0bef3c5e8797e6c19fe722069c5673d96e70ed7dd9a30c79b06f3dc94
2012-02-29,362.0,362.6,360.5,361.96,https://www.sge.com.cn/sjzx/mrhqsj/510537,5d4b91ff89019698de96a785d027bed7b5bf008b13d730f4e217c72e4f863cca
2012-03-01,362.5,363.0,347.8,348.0,https://www.sge.com.cn/sjzx/mrhqsj/510538,090373ca7a18ef2d23a234791efed528ff1be87c2e5710742bc12b9b034c48be
2012-03-02,348.45,350.0,345.8,348.7,https://www.sge.com.cn/sjzx/mrhqsj/510539,6e3b997c50bb6eee761ed7ea42424199534fbef023ea539693da759f11dd6439
2012-03-05,350.0,350.0,347.4,348.09,https://www.sge.com.cn/sjzx/mrhqsj/510540,9db16f22a49740242c364c6f2c9a72fe1c6df40fd06822ffb3aefc168084e4db
2012-03-06,348.09,348.09,345.5,346.01,https://www.sge.com.cn/sjzx/mrhqsj/510541,f5500c3f1dff949a26170d24b86c5ed0b9119aa2fc79e54d6b69f03f064be580
2012-03-07,360.0,360.0,340.0,340.99,https://www.sge.com.cn/sjzx/mrhqsj/510542,f2749293afef67f6c839ff00f637762c94cde0e7d5117e65f1eee100e5ad0be2
2012-03-08,344.0,344.0,340.8,343.45,https://www.sge.com.cn/sjzx/mrhqsj/510543,c6b5babd9ec56cc49dd3316a826dc5b9991dc799450cc082af3493d5ae2deaf4
2012-03-09,349.0,349.0,344.5,347.2,https://www.sge.com.cn/sjzx/mrhqsj/510544,7ee817ffc91c02b68c8d7d02312d11642c1e60a06f9f1df7c33cd81f3b5f01a2
2012-03-12,352.5,352.5,346.9,347.26,https://www.sge.com.cn/sjzx/mrhqsj/510545,f64922381e2bcf0315f6407d7f57bff1127a51da28e7ed370a7b27e3650e3985
2012-03-13,347.26,348.0,345.3,347.1,https://www.sge.com.cn/sjzx/mrhqsj/510546,5673c68e6018f109083c799ae918565d6661df072ccbc2e70ae615036e4428a9
2012-03-14,350.0,350.0,341.1,341.35,https://www.sge.com.cn/sjzx/mrhqsj/510547,f277d8294cfb57367381ef2a2d205dc187468dc26c48b08302cb2455f849f647
2012-03-15,339.0,339.0,335.3,337.25,https://www.sge.com.cn/sjzx/mrhqsj/510548,f335d757d151cc24d9d614130498dd5e6f5fdc9e02d76e6e705d19f8d18c614c
2012-03-16,339.5,340.5,336.0,339.4,https://www.sge.com.cn/sjzx/mrhqsj/510549,33ecf1b352a2f2f7ad0f614d288579bdb2ae0d133099c099b819b832522f18f6
2012-03-19,340.0,340.19,338.9,339.0,https://www.sge.com.cn/sjzx/mrhqsj/510550,a34a7c09a603bc7113d95d0b92281f506ab735934851f96e8af40409a60e1d8a
2012-03-20,339.97,340.47,337.1,337.62,https://www.sge.com.cn/sjzx/mrhqsj/510551,946c5486085bfa7951634d8fd4e3b9cdbac0562ee9023f75390dafc388b94459
2012-03-21,337.9,338.47,336.03,337.87,https://www.sge.com.cn/sjzx/mrhqsj/510552,0d49813bcacfe7c94e187097940e19ec754d7754a1a30bfaeee63780904a3804
2012-03-22,340.0,340.0,336.5,336.77,https://www.sge.com.cn/sjzx/mrhqsj/510553,2615f4e7c0caaf54927e6da9210da41cdda4b05575e1bfaece75e5fa86cc8acf
2012-03-23,336.77,336.77,332.2,336.6,https://www.sge.com.cn/sjzx/mrhqsj/510554,1387278cb9b05d19e3972d0daaf1feca347cc3705f3a79d251fa46a22fbd67a2
2012-03-26,339.8,340.0,338.6,339.29,https://www.sge.com.cn/sjzx/mrhqsj/510555,cfc5e9b0285f14cfff45b4cabd810dc73ad8537e092ee808e544945eb9925a19
2012-03-27,341.0,345.0,341.0,343.8,https://www.sge.com.cn/sjzx/mrhqsj/510556,7c938d6a33856d180c87685c25bf839223b915335b91d9a699f1ebd9ff87d426
2012-03-28,345.0,345.0,340.8,341.22,https://www.sge.com.cn/sjzx/mrhqsj/510557,ddcfc44ce9d45effac43eab9c9b3dbc4b1a9e228c034d1921b218cc03c0f26a5
2012-03-29,341.22,341.3,337.6,338.29,https://www.sge.com.cn/sjzx/mrhqsj/510558,4bce45d15a0ed83f25a0884e916e148ad5d5269d8e8fa08c4bc904f29af6fb8c
2012-03-30,340.0,340.0,336.0,339.04,https://www.sge.com.cn/sjzx/mrhqsj/510559,a7662db554851c7941347c23c9083be0c06125e969667de76063ed70ba54df65
2012-04-05,333.0,333.0,330.2,331.78,https://www.sge.com.cn/sjzx/mrhqsj/510560,cf4ed63c4af67c8e7805f779a9a44f23b25882e70308fb52976f57452561219e
2012-04-06,332.6,334.5,331.5,334.28,https://www.sge.com.cn/sjzx/mrhqsj/510561,ee69ef1a649454160afe3f988c2ed6018031f143b8745ead8696b875d2d889ea
2012-04-09,336.0,336.0,333.71,335.4,https://www.sge.com.cn/sjzx/mrhqsj/510562,46965b552cfa0ea6d834fe4683e60bf6e7b09a4a23028124eeafc65bae1946f6
2012-04-10,336.0,338.0,334.5,336.49,https://www.sge.com.cn/sjzx/mrhqsj/510563,b0e822c78f386a786f5381400a7cbfa37ca484fb417b9456c9056bb0ffdbe7e7
2012-04-11,337.0,338.5,333.5,338.04,https://www.sge.com.cn/sjzx/mrhqsj/510564,c054fa71d2f3d6cbbd8edbf48007f1030f2b94c5e76f05f14537caf6f4b42cbd
2012-04-12,338.9,338.9,337.2,337.97,https://www.sge.com.cn/sjzx/mrhqsj/510565,ffed96279e496be5527813de60bedc31d998b13377d21f74e58b7186c129bef4
2012-04-16,340.99,340.99,334.8,335.43,https://www.sge.com.cn/sjzx/mrhqsj/510567,0e6bd55f5cd4fbe4fd2ba3f1e3c620f296a16f95d989b1a2a76ac80471d554ca
2012-04-17,338.0,338.0,335.25,335.55,https://www.sge.com.cn/sjzx/mrhqsj/510568,e1869e6e7b2c391b4f44c0a64a80c4d361f263461e3f90f2324f77902dc907af
2012-04-18,336.9,336.9,333.5,336.39,https://www.sge.com.cn/sjzx/mrhqsj/510569,0b11b238fd78e6dd97d51b02e122c93a154b9117ee4536385d71f9be95708949
2012-04-19,336.39,336.39,333.6,334.81,https://www.sge.com.cn/sjzx/mrhqsj/510570,c49e589285fb0edadc225d639bb73d8e0b6a87bb80743ddeb0f1f6c751dd779a
2012-04-20,334.81,336.48,333.5,334.96,https://www.sge.com.cn/sjzx/mrhqsj/510571,50348e2df96d6e8b9f63d0820288e0fb8e56c7d619745f49354a97a9ec9713e8
2012-04-23,335.8,335.8,333.0,333.3,https://www.sge.com.cn/sjzx/mrhqsj/510572,f3a4617ca0cdabf3b6b603f94e39d7185a9f0e46f4fe2b79b899664547ea9826
2012-04-24,333.3,334.3,331.65,333.65,https://www.sge.com.cn/sjzx/mrhqsj/510573,9d8161fb382873618115884ba74b9715adab042ddfa359d9f13e4407f8ef2dce
2012-04-25,335.0,335.4,334.0,334.58,https://www.sge.com.cn/sjzx/mrhqsj/510574,826a66308ec14fb38c41e278a32a86f372b160a50b8387bdec229234ff6651e6
2012-04-26,334.25,335.94,332.0,335.45,https://www.sge.com.cn/sjzx/mrhqsj/510575,bd1b8a73d6190fd03848a7627e67c3b557f506351fdcc6bf2ea21c6a7fa46648
2012-04-27,336.98,336.98,335.99,336.09,https://www.sge.com.cn/sjzx/mrhqsj/510576,0f9686436639eec120b40325f4031f264a41e00a1b20f21c73fcd0f1e14e9e8a
2012-05-02,338.5,338.5,336.1,336.46,https://www.sge.com.cn/sjzx/mrhqsj/510577,3cb37a933fb62b567fb2e2f6eb6be7620806a573b82e44ebc1976bc73b1579ea
2012-05-03,336.46,336.5,334.35,334.52,https://www.sge.com.cn/sjzx/mrhqsj/510578,b54e00337b1ed18f9eb0cd3f4cd4eac29cee6de5c545674f795c75be9c472977
2012-05-04,335.0,335.0,332.61,332.84,https://www.sge.com.cn/sjzx/mrhqsj/510579,9dd8560652d0c17813171954fe533c98f6ef1e23d4caea6d123bbfa03543f4f4
2012-05-07,334.8,334.8,332.61,333.51,https://www.sge.com.cn/sjzx/mrhqsj/510580,8e8564ad44809db96374871db24a475c4a6454c4927a2d406de8cc399020eee0
2012-05-08,333.8,333.9,332.3,332.55,https://www.sge.com.cn/sjzx/mrhqsj/510581,9e4129c2e3c6fae7674da90db444bb56d5e9776b66ccd33d9028f386829f4713
2012-05-09,332.55,332.55,324.5,324.64,https://www.sge.com.cn/sjzx/mrhqsj/510582,c7eec327166eca18e74000ea607dfe1215b4466cd9102b233a2bd69534378251
2012-05-10,324.64,325.59,323.32,325.57,https://www.sge.com.cn/sjzx/mrhqsj/510583,8baf3f53ca0898ed770e7e3eefe254d61ae8750b9863d1dce06ecc8efb5d0e86
2012-05-11,326.8,326.8,322.0,322.34,https://www.sge.com.cn/sjzx/mrhqsj/510584,439a5ccdd1083f22512158b1a50298a853f50b4497a7e945db88ae760a1f5806
2012-05-14,325.0,325.0,320.5,322.0,https://www.sge.com.cn/sjzx/mrhqsj/510585,3035064420c6ce0d33206bdbe07f07d88cc15cb352735a66bd80f96797c177ab
2012-05-15,322.0,322.0,316.5,318.51,https://www.sge.com.cn/sjzx/mrhqsj/510586,bd2fc891f282ad0ac82a1ba1b65362ae1df748d009266cfc39007ba64bfcdb0e
2012-05-16,320.0,320.0,312.69,313.98,https://www.sge.com.cn/sjzx/mrhqsj/510587,76a8f0f01b58835172ee68f6ec0c1fa2b95395428e0a303e749e276168bf0634
2012-05-17,316.0,317.68,313.6,316.98,https://www.sge.com.cn/sjzx/mrhqsj/510588,f444451b037707b58195cfc73217d1798ca7ff77f15ab64245d34ddcfcb10f01
2012-05-18,317.8,323.0,317.0,322.77,https://www.sge.com.cn/sjzx/mrhqsj/510589,e2f41b323245379e06a51fb8cf2831cf4a33446d281a8cb5f56d04b038823f8a
2012-05-21,326.5,326.6,325.5,326.49,https://www.sge.com.cn/sjzx/mrhqsj/510590,345f918f80e276e20933fe0a42cb645b7f243962412226f0296b9252a9b4183a
2012-05-22,326.49,326.49,323.6,324.49,https://www.sge.com.cn/sjzx/mrhqsj/510591,885623211477ab460dcdf699190ef972d6123a5ef05d3d9f9df09ac6cf86e893
2012-05-23,324.49,324.5,318.0,318.95,https://www.sge.com.cn/sjzx/mrhqsj/510592,f9ec49f7566e8cd21ec2ee00b483f91295457cec20549ccd158b60bd2c999fde
2012-05-24,319.8,320.0,314.78,319.29,https://www.sge.com.cn/sjzx/mrhqsj/510593,e9f0bd95e8103ad77253aae3d2e8af857872a6f59d303bbdb84b57ec2e73731d
2012-05-25,322.0,322.5,318.01,321.0,https://www.sge.com.cn/sjzx/mrhqsj/510594,2d4ba22ce12c075d90bd43fd683ddd185379374f0fae3e79d0d165126f419783
2012-05-28,324.0,324.7,322.02,323.99,https://www.sge.com.cn/sjzx/mrhqsj/510595,3fc63cb4f2361c8714e32b316ff75be5c7cc140bac4a2d9c1450307cdf1841b0
2012-05-29,323.99,323.99,322.61,323.55,https://www.sge.com.cn/sjzx/mrhqsj/510596,9a5b573a8eb2f5f367f817b9723a6abc57e51a05d4410ac52648f20c9946ab96
2012-05-30,323.99,324.5,317.7,318.39,https://www.sge.com.cn/sjzx/mrhqsj/510597,f808d2af14a4a1fba8694e6a21d3aebba0167786fba3fe00dc32cac4546a41c5
2012-05-31,319.9,322.3,316.0,321.75,https://www.sge.com.cn/sjzx/mrhqsj/510598,adb34bd90b720836e3d97762606841887955423ee19468b111d87a89cb5c4f8d
2012-06-01,322.8,323.0,319.4,320.24,https://www.sge.com.cn/sjzx/mrhqsj/510599,c3bc544382f56ef8c45c87e6eb8230261f4b24e3b9dbdc1bf81af210a7e7f68f
2012-06-04,320.24,334.0,320.24,332.48,https://www.sge.com.cn/sjzx/mrhqsj/510600,ee0b7d4eacfb6a19802ba8c4799603e30abf38309c9f8559f7d0e5374fa22de1
2012-06-05,332.45,333.5,331.0,331.01,https://www.sge.com.cn/sjzx/mrhqsj/510601,2231dd5338d367058ca20d42517907530684d5d644519cbc87b1322ae81a8336
2012-06-06,333.5,333.65,331.3,333.5,https://www.sge.com.cn/sjzx/mrhqsj/510602,56063f58983ff146b9d58b71d6f0c6735f079c7362c04c74fa734b403e48aca0
2012-06-07,335.9,335.9,331.91,332.46,https://www.sge.com.cn/sjzx/mrhqsj/510603,eb92f3bdf2c9936b6f1c9453f48df5a5e66c5fc4047e43d07cdf8fb6e2b544f5
2012-06-08,336.5,336.5,321.5,322.91,https://www.sge.com.cn/sjzx/mrhqsj/510604,ca4741f2745bfa9b5c427ebf2139500f41cd08624c3dee8f375f2f7c31b8a149
2012-06-11,330.0,330.0,327.6,328.0,https://www.sge.com.cn/sjzx/mrhqsj/510605,8fa582d00e094f7ecb289c822ceb5c03b8051f209a4737a4fa561416b304a2fe
2012-06-12,328.0,328.0,325.45,326.35,https://www.sge.com.cn/sjzx/mrhqsj/510606,7582b376bb64812e9ee386cc3da61d8428072b5547c5152f6b69b07fa6be0d97
2012-06-13,330.0,333.0,328.0,330.6,https://www.sge.com.cn/sjzx/mrhqsj/510607,96f5185cccce11c51eea15893499529d052106eb83ce4bbe9634f276347f93d9
2012-06-14,334.0,334.0,330.55,332.3,https://www.sge.com.cn/sjzx/mrhqsj/510608,03308cca89e5ecea91894c7dcdd15d7d17c216f830beca7d11eb177ed0dee062
2012-06-15,334.0,334.0,330.03,333.48,https://www.sge.com.cn/sjzx/mrhqsj/510609,8801b0fe89811065989be1c25fa8f7d2a91fb0c1f42712b1e61a03a81d9e5c02
2012-06-18,333.5,336.5,331.0,331.28,https://www.sge.com.cn/sjzx/mrhqsj/510610,431cab839dc8ca7fae2b9bc983b8e591b627c9167de0411c68837f6ec95bdc4e
2012-06-19,332.5,333.8,331.0,333.72,https://www.sge.com.cn/sjzx/mrhqsj/510611,931718a66226a959a2a94440ae465aa3e9779603b2b13b3a5c386a36cc1545cd
2012-06-21,331.19,331.58,327.6,328.53,https://www.sge.com.cn/sjzx/mrhqsj/510613,b26ac07ab84c2f3956697d7df5dc60b494c822e7fbfa641c6b1f6cfd6866a02d
2012-06-25,328.53,328.53,323.12,323.14,https://www.sge.com.cn/sjzx/mrhqsj/510614,d6f4ce8a8763decae92f01ce8be1af5198f9adc0c5647417ce81f426bb02760e
2012-06-26,326.0,326.0,323.18,324.6,https://www.sge.com.cn/sjzx/mrhqsj/510615,0d72d368dbd6337ccc5dce9fd871e3b154c108a10ab166105ea5265c212c3a1c
2012-06-27,325.5,325.5,322.15,322.3,https://www.sge.com.cn/sjzx/mrhqsj/510616,93da31716095f8a22cf3f3429d9c870db43221c55d2baf266286849baf84de87
2012-06-28,322.5,323.99,320.1,322.71,https://www.sge.com.cn/sjzx/mrhqsj/510617,4b91075bdd6f8f88657e0a1eecaf1250ac6b7319ebe3c58d7f242fa309e35280
2012-06-29,322.9,322.9,318.8,322.49,https://www.sge.com.cn/sjzx/mrhqsj/510618,3f8917f16acce4ffec250d6b9ed1b965d489659ea17c2e1e12b3df13696a4ce7
2012-07-02,327.6,327.6,324.19,326.2,https://www.sge.com.cn/sjzx/mrhqsj/510619,724fedc81b3fb0576ae1a7deb6611666020ab6a1d32d614f23e3a68259d1062e
2012-07-03,327.0,329.6,325.9,329.12,https://www.sge.com.cn/sjzx/mrhqsj/510620,edb7e5e96dbc22430f9427a753acfc247ce6237b4c790b42de6c0581fdd53418
2012-07-04,331.4,331.4,330.0,330.12,https://www.sge.com.cn/sjzx/mrhqsj/510621,ea8a4fb52e99cc1d0a9dfba0b5e20b9eb3f064ef17ddf7c4151a41940a35a6d0
2012-07-05,331.0,331.4,330.0,330.9,https://www.sge.com.cn/sjzx/mrhqsj/510622,d0f84b61075f7354ec7a0f565ebc36eb2188c6bec2d9e77e9898edc4fe1c5822
2012-07-06,328.9,329.7,328.15,328.3,https://www.sge.com.cn/sjzx/mrhqsj/510623,c2c2234ec217bd5704e2e3e468afae4746a7540522a21b1d575c0d3a89e5a206
2012-07-09,328.3,328.3,325.0,325.88,https://www.sge.com.cn/sjzx/mrhqsj/510624,00713a9d0160e236316905ae3b0f0acd408d6abccb2899fa843d173c7a29aad6
2012-07-10,326.99,327.5,325.3,325.49,https://www.sge.com.cn/sjzx/mrhqsj/510625,0cd4236ec45bcd774ce083a234873969a76f335c822fc678c503ca370003266f
2012-07-11,327.0,328.88,323.68,324.54,https://www.sge.com.cn/sjzx/mrhqsj/510626,94ec87683c1e8520869513d2445cda8e8af2e360ce8625b16b856b9350b4ed0c
2012-07-12,326.99,326.99,322.6,322.88,https://www.sge.com.cn/sjzx/mrhqsj/510627,ebc4690d305de9a7ddb1889f3f12b977771ccd569bac76395ceec7de320b092e
2012-07-13,322.88,324.0,321.15,323.91,https://www.sge.com.cn/sjzx/mrhqsj/510628,4b53c26dabe41199e76d774cf7300fceeaffa554af1f50732d6dda96fe6b82f8
2012-07-16,326.99,326.99,324.61,326.51,https://www.sge.com.cn/sjzx/mrhqsj/510629,329789c7d3cf3a44b7ea30c7d78ce17cb1789b48e7e23265ac1db72a0c3ba0d7
2012-07-17,327.49,327.75,326.1,327.19,https://www.sge.com.cn/sjzx/mrhqsj/510630,b10b6c7191f97e4b7facf3abf91bf24ec8bc3840b89b09be1d84926e9139f040
2012-07-18,327.9,327.9,324.0,325.04,https://www.sge.com.cn/sjzx/mrhqsj/510631,f40b6d0e19f43b8f6fe44b9cb6d662f5548094f16471ecb216cda6a95a3c5902
2012-07-19,325.04,325.45,323.56,325.25,https://www.sge.com.cn/sjzx/mrhqsj/510632,4e879ede783430d6fca167d0cd8027577dc24a65a40c2b36793b08ab3f41f40c
2012-07-20,325.68,326.17,324.7,325.84,https://www.sge.com.cn/sjzx/mrhqsj/510633,f053eae7b5b6ae3a995d3a2923d39e2083eaa3dcf96175a6898c1dc2f8b89452
2012-07-23,325.99,325.99,323.9,324.0,https://www.sge.com.cn/sjzx/mrhqsj/510634,cd260ec1b7d56e32080b701224e58f04abc47846fd6f1d2d180a71b82cf4c3e9
2012-07-24,323.51,324.8,323.3,324.52,https://www.sge.com.cn/sjzx/mrhqsj/510635,64c6c1e25c39ea03765003e1966a39a7a649f59548bd743f0332c691524ca156
2012-07-25,326.0,326.68,324.0,326.57,https://www.sge.com.cn/sjzx/mrhqsj/510636,1cd7e8336252b4f3f89f79927177dff3155c3e0cd369bb5e93ff71f8e8dbd173
2012-07-26,329.0,329.93,327.03,329.47,https://www.sge.com.cn/sjzx/mrhqsj/510637,c4525afc64cdefe4270eaa9f263f10920c3fab2650152dd7b33a65a4e4d0499d
2012-07-27,331.49,332.0,330.0,331.93,https://www.sge.com.cn/sjzx/mrhqsj/510638,2f41a61c1ac1cdd605ff64b0e73b898cf36849399730c5aa00bb31bb632ed7e9
2012-07-30,332.49,334.0,331.5,331.75,https://www.sge.com.cn/sjzx/mrhqsj/510639,8fa464fcbec6bb67315df25f625e6a63d4a38fd2222b78a5db50e4d149a85909
2012-07-31,333.0,333.0,331.3,332.35,https://www.sge.com.cn/sjzx/mrhqsj/510640,1daf45957660656629c8754d9307a66cd18d6090596b375ba97604f7a9fe4de4
2012-08-01,333.0,333.0,330.41,331.51,https://www.sge.com.cn/sjzx/mrhqsj/510641,cb0d21a622aa8d3401c627a502e2359d6566aa8499beebc0a9bb785d9fcf236e
2012-08-02,331.51,331.51,328.01,329.4,https://www.sge.com.cn/sjzx/mrhqsj/510642,0be681709c5b668c595c7031bb71bfc2f5507ca41fdef4eb94970da6ead8abb2
2012-08-03,329.5,329.5,326.91,326.99,https://www.sge.com.cn/sjzx/mrhqsj/510643,fbdcef4cc086766a66339c6b48dede5d339589a68124c9a2144ab3845b72c5bd
2012-08-06,327.99,330.2,327.99,329.8,https://www.sge.com.cn/sjzx/mrhqsj/510644,98e5ce8dae5b8a03e5fcee2e4d584f8f2ed66fa9c5ced347d1dfc48077e5ccc3
2012-08-07,330.5,331.5,330.01,331.25,https://www.sge.com.cn/sjzx/mrhqsj/510645,54aab67cec5e67c52ac4aff110636aa907778a668f7d54e8a694bad91a80c956
2012-08-08,333.0,333.0,329.2,329.22,https://www.sge.com.cn/sjzx/mrhqsj/510646,ed083856ef357917af1005b0e4dc7c219aad664c3aba916c2e5b604e9bb20b86
2012-08-09,330.8,331.5,329.8,331.07,https://www.sge.com.cn/sjzx/mrhqsj/510647,7400ae3da09bbd3de4cd9f4f1d1125bf492b76b7c09f27e6e5bd1af4d284c26a
2012-08-10,331.39,331.39,329.8,329.87,https://www.sge.com.cn/sjzx/mrhqsj/510648,c37aeeb1732a32eb76d1a4f1ac70382d8c1020910b51c11549f3ee3ef58aae7e
2012-08-13,332.8,332.88,331.7,332.86,https://www.sge.com.cn/sjzx/mrhqsj/510649,bd684dcb6891e0ca76c1cb5a0baac90c85ec5fa14b5ef1d647ae4afc79f1e67a
2012-08-14,332.86,332.86,330.2,331.25,https://www.sge.com.cn/sjzx/mrhqsj/510650,5a3f6838573403de8aef900de530f860d7522ec2f7a428ccaa7ee808ed006b53
2012-08-15,329.1,329.2,328.0,328.13,https://www.sge.com.cn/sjzx/mrhqsj/510651,6a65b32c66d1a3e3442436222e0c63aca32e24d8328dd1760dad327771028bf0
2012-08-16,329.8,329.8,328.7,329.25,https://www.sge.com.cn/sjzx/mrhqsj/510652,2a164ae6c58a63857f0e4d39f9d56f566a2a6512ab684aa04b01748b60d8d5f0
2012-08-17,330.0,332.0,329.21,331.87,https://www.sge.com.cn/sjzx/mrhqsj/510653,034e88b5451231de2b69bb8fd7e0cf6034091c4cf5578388d0ce528d0b485b58
2012-08-20,332.0,332.05,331.1,331.93,https://www.sge.com.cn/sjzx/mrhqsj/510654,5c249ce0221601def930e0d1f72c2b4148f5ef3e1e880bafe180388ab6f8c05b
2012-08-21,330.7,332.65,330.7,332.4,https://www.sge.com.cn/sjzx/mrhqsj/510655,42677d8aed633a1a11d55b1a229348b270cbd50375828093b107bed65c187b8d
2012-08-22,334.38,335.9,333.99,335.74,https://www.sge.com.cn/sjzx/mrhqsj/510656,a0c6383470b52d635859fbbcf7a12ac8e05b96fc375f91b8d01cec8953926b6e
2012-08-23,336.0,340.76,335.2,340.65,https://www.sge.com.cn/sjzx/mrhqsj/510657,bb961e492ecac8bfed89d49024c065d3344cea9b52e8654d1960873574a81202
2012-08-24,342.0,342.3,339.9,340.27,https://www.sge.com.cn/sjzx/mrhqsj/510658,73148c028f1f25c4d28bc43b90fddef12556c19987a7b4e9729ae29563af5e7f
2012-08-27,342.84,343.47,342.0,342.33,https://www.sge.com.cn/sjzx/mrhqsj/510659,203995b0b9e942c8c7b0eed6ee6563750b490a9b574ca2eb4f474fca6ef180c0
2012-08-28,342.33,342.5,339.37,340.2,https://www.sge.com.cn/sjzx/mrhqsj/510660,b7f762e7d13dafa641242c7681774d9baf0fa05ab6dfda4e3a89e810c64f1d4e
2012-08-29,341.0,341.95,340.2,341.13,https://www.sge.com.cn/sjzx/mrhqsj/510661,c92067c359d55b6a0afd2b3c9de9856afffbf24166f43110dc458099bff2ba83
2012-08-30,341.49,341.49,338.6,339.5,https://www.sge.com.cn/sjzx/mrhqsj/510662,3ecd052cc2a7f33afba626f8cc89925faeeadcea68487792d31edc3f3cbdfe73
2012-08-31,340.5,340.5,338.5,339.69,https://www.sge.com.cn/sjzx/mrhqsj/510663,53bbf44bab7c1a8710dc5b2afb9dbb5d5234dc8b9159b43cf31f12d6570da154
2012-09-03,345.0,348.0,344.85,345.1,https://www.sge.com.cn/sjzx/mrhqsj/510664,8d7b0284c8dd12bfee2194e4db8ddd2a913a2955c1d5583188af43a187c27552
2012-09-04,346.99,346.99,345.1,346.35,https://www.sge.com.cn/sjzx/mrhqsj/510665,28e6f9422b9072f3bacfb1828e118fd4a525f8e3e86002bcf01deada5b7ebc25
2012-09-05,346.35,346.5,345.3,345.85,https://www.sge.com.cn/sjzx/mrhqsj/510666,6780cda69017229d22afc020ece90df09bc30eaa9d659a28c093ceb9a8a76995
2012-09-06,346.98,348.6,345.71,348.58,https://www.sge.com.cn/sjzx/mrhqsj/510667,056282e58dcdc38a0e66998ad0fbfd0bb9cb0cd73756a87f078a6a06c5ace4fb
2012-09-07,349.0,349.0,345.0,346.1,https://www.sge.com.cn/sjzx/mrhqsj/510668,609b737e1f97745a81edf4053954b5dbe96e599c2feb72e3328cd572392a9147
2012-09-10,348.0,355.0,348.0,353.5,https://www.sge.com.cn/sjzx/mrhqsj/510669,892c48077e38e90b659e5c94130e0ee4cb669ad2b66f36ff7ddf81c9b6b9e314
2012-09-11,355.0,355.0,352.55,352.94,https://www.sge.com.cn/sjzx/mrhqsj/510670,bcda3cf5ae68f2bb70e3ff3a901d7fbe9cceb9596cf26552d33d9456741bc04a
2012-09-12,354.94,354.94,353.0,354.0,https://www.sge.com.cn/sjzx/mrhqsj/510671,17608ef39af0e1ea6f684fa4af20f661dbdc7eae9acc1932839df6e8020f8ef5
2012-09-13,354.99,355.0,352.31,352.99,https://www.sge.com.cn/sjzx/mrhqsj/510672,11b57e86ced8e4caac4b72e154757d820548038bb7d228a2217641c6927f7359
2012-09-14,355.5,361.5,351.0,360.31,https://www.sge.com.cn/sjzx/mrhqsj/510673,ef99956132050f1a54951be47c962ae0283f48ac4494aa17b3ef86228db7e3c3
2012-09-17,360.31,362.49,359.9,360.0,https://www.sge.com.cn/sjzx/mrhqsj/510674,76d29795196ef043127b86df9e07d0f19bbb607d76a099e324cf66813fd2028f
2012-09-18,362.99,362.99,357.27,357.5,https://www.sge.com.cn/sjzx/mrhqsj/510675,656e159752a212f67e4cb0258a7d3c4933a63f90607830b723ae8a132bb3ce64
2012-09-19,359.0,361.2,358.2,361.0,https://www.sge.com.cn/sjzx/mrhqsj/510676,e9211d91cd72190d4983f4444a076be0c109d6ae4bb9c211e4f6d057b0826b91
2012-09-20,361.0,361.0,357.05,357.32,https://www.sge.com.cn/sjzx/mrhqsj/510677,0f7f2a1ee1293a38ab1df8298cbd2a619e465df5f066bc426805bcfc281c1c93
2012-09-21,359.0,360.3,357.11,359.53,https://www.sge.com.cn/sjzx/mrhqsj/510678,efaf425c62b12a48a4abf6e6816e8a8a7a8e9cfe47cc07cdde8c0332e96d36ec
2012-09-24,361.0,361.0,351.0,357.5,https://www.sge.com.cn/sjzx/mrhqsj/510679,570c3d23719e7f266f9f41891d94daba3369c96fd0ab61c0e396274fa8af27d6
2012-09-25,357.75,359.0,357.2,358.57,https://www.sge.com.cn/sjzx/mrhqsj/510680,b4bb6d535b25dc36224e93376ac9335301ca73cfed0497dfaa61f11995459ea6
2012-09-26,361.0,361.0,357.38,358.25,https://www.sge.com.cn/sjzx/mrhqsj/510681,a1f3403d9464d89819765e2114c32b21125ecb4a0b0a38b7323c2b320a0ddd06
2012-09-27,356.0,358.18,354.25,356.19,https://www.sge.com.cn/sjzx/mrhqsj/510682,277f243c5cbd8c4e563d1a78897479a803b58fc068df088e432b9e8531867034
2012-09-28,360.0,360.7,357.1,360.03,https://www.sge.com.cn/sjzx/mrhqsj/510683,604b1ecb17d2587924621757f5627c4b9129929fa13d603d9c6efdcefbd703a6
2012-10-08,362.0,362.0,357.9,358.3,https://www.sge.com.cn/sjzx/mrhqsj/510684,ab9192ecad73bcd6e1b554a1475c52ebecc152a18648c2b4a574b00e6222c57a
2012-10-09,361.0,361.0,358.2,359.28,https://www.sge.com.cn/sjzx/mrhqsj/510685,7fb9b985165e4b6d026679953808fc2f61d780911ff8653e138b400f44a81035
2012-10-10,359.2,359.5,356.8,357.79,https://www.sge.com.cn/sjzx/mrhqsj/510686,333e749e32bad43fd77a6f40a68e9eb24bfb75d948eb20e7717e6d30528671e6
2012-10-11,358.0,358.0,356.0,357.54,https://www.sge.com.cn/sjzx/mrhqsj/510687,b8f53dea1d0f53f78466668a6f604b1791c66c747520af0cbf17764f8d059935
2012-10-12,359.99,359.99,357.2,357.29,https://www.sge.com.cn/sjzx/mrhqsj/510688,8a317b06afca6db5202fa673a3b84e25775683e190f73c650dfc9540ca34a3cd
2012-10-15,357.29,357.29,352.0,352.6,https://www.sge.com.cn/sjzx/mrhqsj/510689,d3c9f01d8a814e7041e79f7402dc6ccf2eba1c38b8e227219b3e5f0c709a01a6
2012-10-16,354.99,354.99,350.0,351.64,https://www.sge.com.cn/sjzx/mrhqsj/510690,5af31cb8b5d488e354808c57c722bdfed49aabf45dbb9a159e21a3b3040576cf
2012-10-17,353.44,353.71,351.51,352.5,https://www.sge.com.cn/sjzx/mrhqsj/510691,0fd986c5f01f1cc66520dd4e568068d66c1309ecbf5a3bcd6811a31e00969c4b
2012-10-18,354.7,354.7,351.5,352.0,https://www.sge.com.cn/sjzx/mrhqsj/510692,09daa6750f257411a45b8b06967593c63b65e6374d8bb6051d2aae918e6781b9
2012-10-19,353.0,353.0,349.5,349.86,https://www.sge.com.cn/sjzx/mrhqsj/510693,087d4be903af76f916f4c5a3ca5a3b23b5407018cffe5f46cc3b1eb62dc0665d
2012-10-22,349.8,349.8,347.0,347.51,https://www.sge.com.cn/sjzx/mrhqsj/510694,7868171dd151d79597f297a7e64aed97d1fb2b84c2ddbf89234e252f2b9cd516
2012-10-23,352.0,352.0,346.4,346.43,https://www.sge.com.cn/sjzx/mrhqsj/510695,2ac6848cbc7842ef67700e934bf4604e177ed3db526e5f51c0fabd85e711522e
2012-10-24,346.43,346.43,343.6,344.69,https://www.sge.com.cn/sjzx/mrhqsj/510696,ffa95eee9e5828a7590b357a323dcaadf589cf2213f79b1b0f986eb7f53a88b1
2012-10-25,349.0,349.0,342.5,345.0,https://www.sge.com.cn/sjzx/mrhqsj/510697,1e73f8515230ce89d7937ea0c9c382fa23fe0f16504192e7b2de8068d66fec1e
2012-10-26,345.5,345.5,341.81,342.49,https://www.sge.com.cn/sjzx/mrhqsj/510698,68242eedd0171a10cbbeaa02fcf8d31cb2400f6ddf2d02009715543e1921b548
2012-10-29,345.99,345.99,344.2,344.43,https://www.sge.com.cn/sjzx/mrhqsj/510699,4b447ebfd457694c20b752a0ce27accc456b45f10f521e0e421264e0300ed20d
2012-10-30,347.0,347.0,343.51,344.29,https://www.sge.com.cn/sjzx/mrhqsj/510700,4ef6c05a748de773f5e4263cfdd23c56d7672e4f8f5b1b0920392ef94328eed9
2012-10-31,346.0,346.0,343.9,343.94,https://www.sge.com.cn/sjzx/mrhqsj/510701,87b726d1ea9746b74a7dfaa979b89d2ca9b02500fdbfc386536b2ce911581512
2012-11-01,349.0,349.0,345.0,345.69,https://www.sge.com.cn/sjzx/mrhqsj/510702,53bd01768ce8afa61f77eb460868a515a2351596d866b80ca59b9fed5205a223
2012-11-02,347.99,347.99,342.71,343.79,https://www.sge.com.cn/sjzx/mrhqsj/510703,94689f311d6712abb82a7a6ab7e5a022bb520a069f7004ad839b0adf9b541c90
2012-11-05,343.79,343.79,337.6,338.16,https://www.sge.com.cn/sjzx/mrhqsj/510704,e7092ad4e2e2c164a0801b2a5480aad26e3bc256119462087c4397715e6a2b5d
2012-11-06,339.99,339.99,338.3,339.42,https://www.sge.com.cn/sjzx/mrhqsj/510705,9d08dc35b128e44f9f153a4eb987258e3a6e609044f2a4ef1a6909c9e0e7715b
2012-11-07,343.78,347.25,339.12,347.18,https://www.sge.com.cn/sjzx/mrhqsj/510706,ffdc7a0729c9f9c0da6510362a48c74f97038c474aa1403187d2b6ea49e5c132
2012-11-08,346.0,347.49,343.02,345.49,https://www.sge.com.cn/sjzx/mrhqsj/510707,25a3eaaca9b79abddac903e0d04c276a8ecc5da6f3b9c696ec59b4ae3e4d5856
2012-11-09,347.4,348.99,344.6,348.32,https://www.sge.com.cn/sjzx/mrhqsj/510708,6f8dc602119df5c9932d6af4dae1e53f804e68b5cfb1a7bbe8681d75451cffc9
2012-11-12,350.0,350.0,347.51,348.24,https://www.sge.com.cn/sjzx/mrhqsj/510709,41b7bfa418a91d498bf02e94dc68124874a4cf6520d2e959011071f809c06dad
2012-11-13,349.78,349.78,345.6,346.01,https://www.sge.com.cn/sjzx/mrhqsj/510710,6b7551356795e8ec5c6851d9879933c3aef5e4b870d12f6dd780e50a4b341b28
2012-11-14,348.0,348.0,345.0,346.29,https://www.sge.com.cn/sjzx/mrhqsj/510711,030cd3fd2dde692d3073b234ba055a548a4569221caa277244660a2e9952be65
2012-11-15,345.71,347.3,345.7,345.76,https://www.sge.com.cn/sjzx/mrhqsj/510712,610f95b8baba7da9718f4468276175ced00f36818e84a381e5a59a703e2d163e
2012-11-16,346.0,346.2,343.5,344.11,https://www.sge.com.cn/sjzx/mrhqsj/510713,10b8feb4640aa8b393e8b96c1a7e94c31fd427d575b228bdf3f43967c03299b7
2012-11-19,347.0,347.0,345.51,346.19,https://www.sge.com.cn/sjzx/mrhqsj/510714,1d050e958bbd49bd28c2cfb334957cb483064e70b0ba0c25db9ce36274282637
2012-11-20,347.2,348.0,346.5,347.67,https://www.sge.com.cn/sjzx/mrhqsj/510715,cf2303882448d5fb65a869009a4d5f57886fc688d94ef7dc9b0026ab1fa2eb57
2012-11-21,348.98,348.98,345.6,345.6,https://www.sge.com.cn/sjzx/mrhqsj/510716,c19bff90938ad10b324fdac1e7975fe23e7f10a66287f96b20fa54adad58d615
2012-11-22,347.19,347.3,345.46,346.8,https://www.sge.com.cn/sjzx/mrhqsj/510717,6c17837982855d9027220d6c719d9186f44e445ace5c35c1e0b122f40e99d455
2012-11-23,347.89,347.89,346.6,346.77,https://www.sge.com.cn/sjzx/mrhqsj/510718,8f0ad20e78780905f7106502b7c2d1c957e77521e1b9f1bc9833731a855cc5d7
2012-11-26,351.88,351.88,349.6,350.14,https://www.sge.com.cn/sjzx/mrhqsj/510719,40bef88cd7ec9e13ae4b2bf2f3d0aa8d44f7e8f961befa295fb72b35d77fe825
2012-11-27,350.14,350.8,349.8,349.98,https://www.sge.com.cn/sjzx/mrhqsj/510720,bd1ee57734caa63861c7828735eb7c28a2c6faf19e3cdbfceca6cafb8194c91d
2012-11-28,350.0,350.0,347.7,347.72,https://www.sge.com.cn/sjzx/mrhqsj/510721,2f1218736adbf0ecdf6f0620f6f8308bcc8471fe190f55938dc0c8d9de9f2495
2012-11-29,348.95,348.95,343.1,344.37,https://www.sge.com.cn/sjzx/mrhqsj/510722,31d2e71d802b9c9379da39ca234279da7b20be7d9f7a114f63d05e029946e1f7
2012-11-30,345.85,346.2,344.6,346.02,https://www.sge.com.cn/sjzx/mrhqsj/510723,3c94a8e366bd6ef0229c13f90c23221c964be97d17eb9c5b291dbf219a01e242
2012-12-03,346.02,346.02,343.3,344.24,https://www.sge.com.cn/sjzx/mrhqsj/510724,aaefd7ed0763f9e85801d74fdc3e4225694d233fdd3b5f19525da2238eba1ed7
2012-12-04,346.49,346.49,340.6,341.27,https://www.sge.com.cn/sjzx/mrhqsj/510725,028f351d7d93597a042c87855692b9d993121695694c635f0114dcd170a7900e
2012-12-05,344.0,344.0,339.4,341.5,https://www.sge.com.cn/sjzx/mrhqsj/510726,7a6efdc9cbddf2574837efce58d3f54f2eb04d2ebef47ce9fe55fdfcb590b80d
2012-12-06,341.0,341.0,338.38,338.99,https://www.sge.com.cn/sjzx/mrhqsj/510727,b124a6886d784a880d0e0e73ae693924ee99f5380600bb3e09e450237209414a
2012-12-07,339.0,341.55,338.5,341.4,https://www.sge.com.cn/sjzx/mrhqsj/510728,7a44c2c8c75ed8ccfa7e60d91021095b39e5d9050d3cb562a6244ed23096e6e5
2012-12-10,341.56,342.8,341.56,342.62,https://www.sge.com.cn/sjzx/mrhqsj/510729,331d3aceb180583d51db15609997edefb0d40edfcab1c7f6372c1fd5189a852b
2012-12-11,344.0,344.0,342.75,343.82,https://www.sge.com.cn/sjzx/mrhqsj/510730,dcfce9445f2d23b0b2e60afd29d9111c22d9627ed963e6375472d5ed2911f3eb
2012-12-12,344.99,344.99,343.11,344.45,https://www.sge.com.cn/sjzx/mrhqsj/510731,7a5dd73d584233875b645bbfdabbf6bb3ec8af063a551d23ffa62a5e5a9ac996
2012-12-13,344.98,346.0,340.98,341.48,https://www.sge.com.cn/sjzx/mrhqsj/510732,62543608f3bc3a5ab87904d3c4c3c6fbe5da6fe91e9a6492562bf15320e851e5
2012-12-14,341.5,341.95,339.8,341.74,https://www.sge.com.cn/sjzx/mrhqsj/510733,18a499229146acd1898da0be9971794b391f34710f71994e17ed85e914679585
2012-12-17,340.4,340.99,339.5,339.5,https://www.sge.com.cn/sjzx/mrhqsj/510734,c027711a06e65abd86acb1539f1d5bc32fb6a91a3ceeba9830bcec06d9310b17
2012-12-18,340.4,342.09,339.93,342.0,https://www.sge.com.cn/sjzx/mrhqsj/510735,776f4e08a820f9c9562e84a8f597942054b5b0c29e953e692cc222a873bf40ce
2012-12-19,342.0,342.0,336.4,336.96,https://www.sge.com.cn/sjzx/mrhqsj/510736,fc45c69b9ae04462d662b8d5e57ca9a448d3d2e4de3a43910bccad120d6ba258
2012-12-20,337.99,337.99,334.71,335.64,https://www.sge.com.cn/sjzx/mrhqsj/510737,6145def46fe093bb81d66873a51c8348440ab4f0527f9abe85440b91f1a0c2d8
2012-12-21,339.64,339.64,328.5,330.62,https://www.sge.com.cn/sjzx/mrhqsj/510738,2a1d5b58a1a7c5fc2b48735ca79b2f95ad92545b6d02594ea79a815cfebe38ac
2012-12-24,333.98,334.5,331.9,334.01,https://www.sge.com.cn/sjzx/mrhqsj/510739,6cd6aa47bf5a798404ceaa8220eacfa0be0cafe4391df861203756e8219a81e6
2012-12-25,334.5,334.5,333.2,333.4,https://www.sge.com.cn/sjzx/mrhqsj/510740,d923aee07cbcc8596cfbf615e3394cfe3e0dee36372636063bb2268ce3c223be
2012-12-26,336.0,336.0,332.6,333.27,https://www.sge.com.cn/sjzx/mrhqsj/510741,e39858b7858e3d7486847bfa83ab4e7a377227a8ea42f0136b8df2ab838db70e
2012-12-27,333.35,334.78,332.8,333.08,https://www.sge.com.cn/sjzx/mrhqsj/510742,8091b20c03b9f38fa792391d3b6049de68f43e80bb2251dff32aa4c5eebe0c51
2012-12-28,333.9,334.7,332.5,332.84,https://www.sge.com.cn/sjzx/mrhqsj/510743,c8801811e47a378e7409f9980cbde1cb33072484e3404d4fdd4fedb357fdb0db
2012-12-31,334.99,334.99,333.0,334.5,https://www.sge.com.cn/sjzx/mrhqsj/510744,ccdf2fc7362735b11c58d142ce63b1a27a1b7e16fa99f28929e2b0fd18460a00
2013-01-04,334.99,334.99,330.9,331.47,https://www.sge.com.cn/sjzx/mrhqsj/510745,53f180524e89c1f0a5134c6230f0f5a0cb16ae9a513ad5890bec84cfa34418ec
2013-01-07,333.5,334.1,333.0,333.5,https://www.sge.com.cn/sjzx/mrhqsj/510746,49e7259c85be7b10490a61456877d858c509112892708588cbc8785c3e5f3f91
2013-01-08,333.0,333.0,330.7,331.58,https://www.sge.com.cn/sjzx/mrhqsj/510747,bea17757f8773f83c1b093024106c4dc1f85e8f27c7365f21b8977bd697bc120
2013-01-09,332.34,334.0,331.6,333.98,https://www.sge.com.cn/sjzx/mrhqsj/510748,9629580da4a620eec70f4a9ff91bf0ad6685bf8031b4048fef87cf479d4f330f
2013-01-10,333.98,333.98,332.4,333.7,https://www.sge.com.cn/sjzx/mrhqsj/510749,ced023f26d30bcd43cdb3f338e2b211f1d2f3bb116b5432212b553ab75db4a8c
2013-01-11,334.45,336.47,333.2,335.93,https://www.sge.com.cn/sjzx/mrhqsj/510750,ed29eaa91a0ba46ce54eda7028729f9dcd2e6279771548d8691b1164a90c3ac4
2013-01-14,339.96,339.96,334.1,335.92,https://www.sge.com.cn/sjzx/mrhqsj/510751,3ff312a7a2aaef0bbf0f8a82347abb0a77de1d00db26bce7f2bb50126528b375
2013-01-15,335.92,337.8,334.6,337.49,https://www.sge.com.cn/sjzx/mrhqsj/510752,0f9039c4d6f50f59304738a3e38402d0a0d2b1bca6059511b7a4c92d15457a7d
2013-01-16,337.95,338.3,337.0,337.7,https://www.sge.com.cn/sjzx/mrhqsj/510753,fda1a2dbb8e97eaa1748910a53406e1724e865183e106d26287e038718890015
2013-01-17,337.95,337.95,336.4,337.4,https://www.sge.com.cn/sjzx/mrhqsj/510754,3697e5a7ba57aaf83ff0c65ff799c0066413f67c0fb62b92179d3f2d2fb96ea5
2013-01-18,338.94,339.65,335.2,339.21,https://www.sge.com.cn/sjzx/mrhqsj/510755,90abd3b74f122a707f25e9aa4f274864d52bdea9a61ad9d6ff7ff987205ec09e
2013-01-21,339.49,339.49,338.51,339.35,https://www.sge.com.cn/sjzx/mrhqsj/510756,80b6c2fb31600bd712a04f2a054b2980bf1401f6e4aa829f2d91c164dd4f4604
2013-01-22,340.35,340.4,335.8,339.83,https://www.sge.com.cn/sjzx/mrhqsj/510757,701ae1423c3cd078f075e8e55c7c4f6dd35b3e8d93ba7ded25009caadb645543
2013-01-23,340.4,340.4,339.02,339.8,https://www.sge.com.cn/sjzx/mrhqsj/510758,af041142b2a6fef953a0ce876e36835c1994fb0d6d285d7079bb994bad1fb2b3
2013-01-24,340.8,340.8,337.08,337.39,https://www.sge.com.cn/sjzx/mrhqsj/510759,531cdd62522a2cbc9fb4706f41e7cc9d90225ad3cab3c014740e36feed6e076d
2013-01-25,338.85,338.85,334.85,336.18,https://www.sge.com.cn/sjzx/mrhqsj/510760,181dda6b20879fb4a4fa20c8d4159b30b3ae308958dede8616a5626927de0b94
2013-01-28,335.0,335.0,333.02,334.62,https://www.sge.com.cn/sjzx/mrhqsj/510761,896e6842363d38736996fe4d2bbe854f0f8fe4dffd1c2a7de9bfa9d79cf7cf18
2013-01-29,334.7,335.65,333.5,335.33,https://www.sge.com.cn/sjzx/mrhqsj/510762,f2a388a58465521ad5c94fd648382ab21abd5863e4d785003a5f329285eb92e4
2013-01-30,335.4,336.1,334.5,336.0,https://www.sge.com.cn/sjzx/mrhqsj/510763,4d7312e016b6bd3571e4efd506b70ac907aa53a5fb6c2e133fcb7d5a1a5ff8f3
2013-01-31,336.0,338.05,335.5,336.8,https://www.sge.com.cn/sjzx/mrhqsj/510764,4560d05049aeee1d73cc7b889490f50a01f898118a93b097ca9dc1488c576fbb
2013-02-01,336.7,336.7,334.05,335.04,https://www.sge.com.cn/sjzx/mrhqsj/510765,cbe0b41d74fad952a5bff7b88ea4bc32101bba25bdfaf92b534362bf651b6dde
2013-02-04,336.59,336.9,334.81,336.74,https://www.sge.com.cn/sjzx/mrhqsj/510766,a8bb30ef5a5ad072a596724395c3cf8ec6ae6c7aa525aae4f27c74192cc9964c
2013-02-05,336.74,337.6,335.42,337.1,https://www.sge.com.cn/sjzx/mrhqsj/510767,fed7bd355d1e4234d06576cd07a64e95bbc2fdf514a8d06345606931256f6d6a
2013-02-06,337.39,338.38,336.0,337.16,https://www.sge.com.cn/sjzx/mrhqsj/510768,4b2b883013d5ab482f9c4e52030fe0162900146bf7505a7a379d9d8d273ac21d
2013-02-07,337.99,338.3,337.0,337.3,https://www.sge.com.cn/sjzx/mrhqsj/510769,7146299b25c1ced66c8097807427b7b90500a73e50dd3fbdefca6223370b082c
2013-02-08,337.5,337.8,335.58,336.75,https://www.sge.com.cn/sjzx/mrhqsj/510770,859b3e2799f98cba2e5dd75316981fdbc283c2209af2a4e39192bcb419721666
2013-02-18,332.5,333.75,326.4,327.25,https://www.sge.com.cn/sjzx/mrhqsj/510771,ec6e2645455a1f4bb5a6ff03d68645f62c1d908a9a3cb1391e509556b9b71f53
2013-02-19,327.79,327.79,326.0,326.79,https://www.sge.com.cn/sjzx/mrhqsj/510772,708ec31da7c3128ec13d942fdfe4dfffdca41b7d78da1cb1c2432717d3a00e25
2013-02-20,327.99,327.99,325.2,326.0,https://www.sge.com.cn/sjzx/mrhqsj/510773,dc72016e995755b7ca671b00ae0bdfe50b3b2687e6debb6d96c017ac29059f89
2013-02-21,326.0,326.0,316.8,319.04,https://www.sge.com.cn/sjzx/mrhqsj/510774,391203396e4fd0e2e74001c692caa4d9ae776cb21b46dec3ef9e70e847822d6d
2013-02-22,320.3,323.5,318.6,323.48,https://www.sge.com.cn/sjzx/mrhqsj/510775,81c337df070fe90950896bba855eb01f770eca452beac209878721d1ec31a01f
2013-02-25,324.48,324.48,321.2,323.55,https://www.sge.com.cn/sjzx/mrhqsj/510776,256484d855500a6a20f3c62b99e65d81d8a2e079c05818474f0bee50c21eecd4
2013-02-26,324.4,326.0,323.4,323.99,https://www.sge.com.cn/sjzx/mrhqsj/510778,96b6f595dbbe1845e300b15dc891923e89f5214f482ca3f0bdb18217f6e62623
2013-02-27,326.49,326.86,324.1,326.71,https://www.sge.com.cn/sjzx/mrhqsj/510777,5717d12736759d96034249ba4a6fb21511f4bce93d50b4f188e003b915e2f049
2013-02-28,326.0,326.05,323.9,323.99,https://www.sge.com.cn/sjzx/mrhqsj/510779,2bd704af867cd4508cfe12d318d6deada078b95c4e291e74d353d2794252ca22
2013-03-01,324.99,324.99,320.33,320.7,https://www.sge.com.cn/sjzx/mrhqsj/510780,1f089123d812705fd40fa8eb3b47b63b548b621e1d49842f16ddd7ece9f38da2
2013-03-04,323.49,323.49,319.8,320.2,https://www.sge.com.cn/sjzx/mrhqsj/510781,e79d8c97e2815bbeb4c1a68cd9ff1de928fb36eec385920172afa47c80476333
2013-03-05,321.0,321.0,319.5,320.56,https://www.sge.com.cn/sjzx/mrhqsj/510782,7e5247784e3a699a9f67e9f92a5591c8ba26c7a549d0a7d53efc39022c37e6f1
2013-03-06,321.0,321.2,319.0,319.03,https://www.sge.com.cn/sjzx/mrhqsj/510783,e653b0f45aca8defa81d14b5c49c0701bf47bde2951a7f3d4aa412c257c997c3
2013-03-07,321.0,321.0,317.8,319.0,https://www.sge.com.cn/sjzx/mrhqsj/510784,e70dfa5a2db4cec759af3b09558e5820077e8647c70e550e59d5ca30717389b6
2013-03-08,320.0,320.0,317.3,318.35,https://www.sge.com.cn/sjzx/mrhqsj/510785,e98d16a0cc7eef59defe99611c9faa098f4be44ea6d829ae50f376643d33791d
2013-03-11,319.98,319.98,318.0,319.5,https://www.sge.com.cn/sjzx/mrhqsj/510786,ff602e6ba7bb6d19ec33e60c19aeeaad0aa417cfa614db2cfac9dd53b20202e5
2013-03-12,319.97,319.97,318.59,319.49,https://www.sge.com.cn/sjzx/mrhqsj/510787,a771a83352b1641c8f557d61817d64820733638a434d1e0a57a5d7c7dadc486b
2013-03-13,314.28,321.98,314.28,320.9,https://www.sge.com.cn/sjzx/mrhqsj/510788,0a98bbddf631dfcc055bb9a10bed5c0171828faa5cf46efe01cb9a81f7db1e45
2013-03-14,320.9,321.5,319.3,319.41,https://www.sge.com.cn/sjzx/mrhqsj/510789,5862a7bb4bc2101de8f22608cdf161c669b498526535fb6d6594379201449361
2013-03-15,319.69,320.5,318.83,320.08,https://www.sge.com.cn/sjzx/mrhqsj/510790,7e7e8bdfb45bc4ff040867daa73bf33bfc8b8b44359951ec51c16f2faee44856
2013-03-18,321.95,321.95,320.2,321.19,https://www.sge.com.cn/sjzx/mrhqsj/510791,d4724ac9a1436519dfae6de85615cbf47d2af563f442e9cb9c1ed56834950d6c
2013-03-19,322.0,322.4,320.2,321.82,https://www.sge.com.cn/sjzx/mrhqsj/510792,60918f3b59838f2b706b98ef51465a34c94daf87080de14cedcf5e5e8fe4c3df
2013-03-20,322.0,323.16,321.1,322.93,https://www.sge.com.cn/sjzx/mrhqsj/510793,78872040bc6fc97630c3de57f1291cca6293a663d854ab8f8714878862fecff1
2013-03-21,322.93,322.93,321.6,322.23,https://www.sge.com.cn/sjzx/mrhqsj/510794,7a171d7bc275af99747b7143100465596cad4d505550f010b0ba15d500b8d065
2013-03-22,323.15,323.25,322.6,322.7,https://www.sge.com.cn/sjzx/mrhqsj/510795,3fe962cab02a9976057f12f7aa43290b3aaba2e8b8534968066fe33f6f9878fe
2013-03-25,322.0,322.68,322.0,322.15,https://www.sge.com.cn/sjzx/mrhqsj/510796,898f52e5147c2dc0c81146313c7faafd6e1eb97f45468c9623a6305cf84c8712
2013-03-26,322.15,322.15,319.3,321.05,https://www.sge.com.cn/sjzx/mrhqsj/510797,cffa5e662a315c1cc0201e8fb2757f7db6f2f611abf7224f29f14d9cc403f3b7
2013-03-27,321.05,321.05,318.9,319.25,https://www.sge.com.cn/sjzx/mrhqsj/510798,dcefd8108f773d815cce1d3eb98ecea388e173a98f288bd1a8f37f760889e342
2013-03-28,321.2,321.49,319.85,321.11,https://www.sge.com.cn/sjzx/mrhqsj/510799,616e70577161552b7a8eaeba86549fefa968325fada93e1cde5902970ca782ee
2013-03-29,319.5,320.57,319.22,320.23,https://www.sge.com.cn/sjzx/mrhqsj/510800,ef4d063874daa4a64b21bb9118152fa7aa42bd62cc63e7f7736d3a811f089550
2013-04-01,321.0,321.0,319.7,319.87,https://www.sge.com.cn/sjzx/mrhqsj/510801,c932667e3656b43be7ecf648e8722cf75aa1499d5c90e14761051b937d27959b
2013-04-02,321.0,321.0,319.5,320.18,https://www.sge.com.cn/sjzx/mrhqsj/510802,03ff21dac07369f511be0f4044e2df36517ec03b4d525b3d45cdc939ad3737dc
2013-04-03,319.0,319.0,312.8,314.15,https://www.sge.com.cn/sjzx/mrhqsj/510803,7655e656a60cd37c91e65cdaeb44fe997d6572109bb5dc48ee9fba0d9a347345
2013-04-08,318.99,318.99,315.52,316.69,https://www.sge.com.cn/sjzx/mrhqsj/510804,69c053771398baae580dfd9a13116037091679334ec680a4e1452c9660fc1364
2013-04-09,316.69,316.69,314.49,315.4,https://www.sge.com.cn/sjzx/mrhqsj/510805,de31e703daa09f97ea18ea6a7fbb64280a5e34d169b5a53612ff4e4abe3cb6c0
2013-04-10,315.5,317.5,315.4,316.99,https://www.sge.com.cn/sjzx/mrhqsj/510806,da00a48e79101ea544035c5e950df43c5dff596c7b2f5765b4f4b6395ddb29cb
2013-04-11,316.99,316.99,311.0,311.87,https://www.sge.com.cn/sjzx/mrhqsj/510807,839e7641537900eeaa5a639ef36bf961ec4470c8c81411fabf2f6e47a834ab81
2013-04-12,312.8,312.86,311.76,311.82,https://www.sge.com.cn/sjzx/mrhqsj/510808,78c0e605652c7cd7d59039e59cc660b729831602149468e59a46d48af8800a15
2013-04-15,305.0,305.0,285.6,289.9,https://www.sge.com.cn/sjzx/mrhqsj/510809,76f4f8e8a2eb91543c4daecff66e9fd78aa2f9f0465d14151cec57c9ac50fc9b
2013-04-16,289.9,289.9,263.2,274.76,https://www.sge.com.cn/sjzx/mrhqsj/510810,f6244ff8c59c7356e7e39a394582f7067ae0cd7b8a70ce4726ec97c4db8c3b64
2013-04-17,274.76,278.98,272.76,276.5,https://www.sge.com.cn/sjzx/mrhqsj/510811,392d9aa42be67e7a22ffa78c2ae899b4a7e5229ff3d99359334f7335931f6d56
2013-04-18,277.0,277.5,267.0,275.91,https://www.sge.com.cn/sjzx/mrhqsj/510812,c9e88044cf9c70df0d28a886d200baf4e9b9dca163a60939b3b2d35aefdaafa1
2013-04-19,277.96,285.6,275.5,285.5,https://www.sge.com.cn/sjzx/mrhqsj/510813,0a4b073a3e4d04f41c08986ee385664c19a19626cc8622584fd0edad2b6a1b02
2013-04-22,285.5,290.4,285.5,288.49,https://www.sge.com.cn/sjzx/mrhqsj/510814,94a8d477d49cd5a64f0003e5932aa5624d5ad8c0530a41597542db3548c625bc
2013-04-23,289.99,291.3,283.7,283.91,https://www.sge.com.cn/sjzx/mrhqsj/510815,0855c62a62bd50e8a869a29cf0e1f77ba248a81b900f8563588b1353439e8826
2013-04-24,283.81,291.25,283.81,290.79,https://www.sge.com.cn/sjzx/mrhqsj/510816,4ae6c5c7978424355f8ff9b75dae4b32eafe549a4ac739af1d2c365644ae31af
2013-04-25,291.8,299.15,289.0,293.2,https://www.sge.com.cn/sjzx/mrhqsj/510817,66e35656f8f0715c358fd7224e8bc8bf0f8887e8bfe9b1087515cce93887b0d1
2013-04-26,299.0,303.5,295.5,296.5,https://www.sge.com.cn/sjzx/mrhqsj/510818,434d533617ab31554b28aede9a44936a265696755d60501808ee8088d855b994
2013-05-02,296.5,296.57,292.25,294.58,https://www.sge.com.cn/sjzx/mrhqsj/510819,aae3db97060cf4ed6e235035e12502730b109e53ef4f297398f6fb83eb34a3b0
2013-05-03,296.87,297.7,295.0,296.8,https://www.sge.com.cn/sjzx/mrhqsj/510820,8743e3fcd6d95a39103e846fe81e2a5db7946a73c3ab0f1b4844b71c6372651d
2013-05-06,296.8,299.6,296.8,299.6,https://www.sge.com.cn/sjzx/mrhqsj/510821,3f85309b3673e56b676558ebe64f8b979bfb0761c2a9a5a516f306180d8b616b
2013-05-07,300.0,300.0,294.0,294.0,https://www.sge.com.cn/sjzx/mrhqsj/510822,0112679a1e2fbf7dbd09d92a7354016e8433e5ad9915ad588fc269271652787d
2013-05-08,294.0,296.0,292.1,294.52,https://www.sge.com.cn/sjzx/mrhqsj/510823,12ed71a996e15d72f835d724ace3a3cb7d0863bc692bea4fb055ab739b4208a8
2013-05-09,296.8,297.8,295.8,296.79,https://www.sge.com.cn/sjzx/mrhqsj/510824,2d38bce4e08d00ec178318109b0a7ade6b579c492dd1f6189cb0d540b5169e05
2013-05-10,296.8,298.0,295.1,296.17,https://www.sge.com.cn/sjzx/mrhqsj/510825,ffaf861f45516be9cd0aeac7eebdfc8f4044b74df6159a27b36599fe88350011
2013-05-13,296.17,296.17,291.0,293.64,https://www.sge.com.cn/sjzx/mrhqsj/510826,bee96512dd9fbf25cf571f36410f92fceef74630a11cc3efc0f0efd4c628f8fe
2013-05-14,295.0,295.0,288.7,291.84,https://www.sge.com.cn/sjzx/mrhqsj/510827,67389192073ca018bb1f7eca99f8a21b7c44047e63cd993026233f3e090762df
2013-05-15,290.0,292.0,285.6,285.6,https://www.sge.com.cn/sjzx/mrhqsj/510828,2a94b46cf272fa0098a42de6979ddc0b124005d487cd78ca14332b3f6e88b026
2013-05-16,285.6,288.0,280.55,280.94,https://www.sge.com.cn/sjzx/mrhqsj/510829,cf9c5a2f2c240f2378ebf710402c3cd3bd1bf3a440cd7a9baef36b9da1f49d2f
2013-05-17,280.7,282.0,277.5,277.96,https://www.sge.com.cn/sjzx/mrhqsj/510830,308dd522890fc0cb9429fb193e61bec0f3455923044cd3db04638468d3a424d5
2013-05-20,275.0,277.0,268.07,276.44,https://www.sge.com.cn/sjzx/mrhqsj/510831,0652afefd0f2a160256cba778b87afb2efe2b93be92f054a94ab17438914061f
2013-05-21,277.9,284.35,276.03,282.64,https://www.sge.com.cn/sjzx/mrhqsj/510832,0703845b7a2d7c9b279ed82c0186b8fa92c94227a0f46815e6ba0538f8d82aa6
2013-05-22,282.64,282.64,278.78,281.56,https://www.sge.com.cn/sjzx/mrhqsj/510833,4d2c05b3aabdbd84cc976485cceed9366706674c566cf47cabbbc41df105e7e5
2013-05-23,283.5,285.6,277.5,278.0,https://www.sge.com.cn/sjzx/mrhqsj/510834,67ae5dccfbb6ef3b6b61c467e652cbc374758b6a9c85e523c5c5d9fab7b76a9f
2013-05-24,282.8,282.8,278.0,279.2,https://www.sge.com.cn/sjzx/mrhqsj/510835,db63e31273e0631a1893fada6967105ee843fdad6e47e3462a4cceb596ce48f7
2013-05-27,282.0,282.0,279.7,280.85,https://www.sge.com.cn/sjzx/mrhqsj/510836,98ba79181bdb04410a781a8dbef35d5be3b6f809ccb56d679eb1ccc8c8b5f6ad
2013-05-28,282.0,282.0,278.81,279.14,https://www.sge.com.cn/sjzx/mrhqsj/510837,ee7c6850eded46baf627cc4df8fce834d3c49696fcdb5ab510d72478eeda4cf4
2013-05-29,279.99,280.5,277.0,277.96,https://www.sge.com.cn/sjzx/mrhqsj/510838,79f1e6c60d505f047a89756b876aaad9fec8655b5061d34e1c8cf6a49c365037
2013-05-30,278.0,281.25,277.8,280.85,https://www.sge.com.cn/sjzx/mrhqsj/510839,53acf21f3e01d82151264a616adc75bc6aa25986735c33e023d162b74fe41271
2013-05-31,282.8,283.0,281.4,281.5,https://www.sge.com.cn/sjzx/mrhqsj/510840,279fac633646cef1d3479671ef3512ba8f68370f4edfa77e0c26c0a433824a79
2013-06-03,277.0,281.39,277.0,277.64,https://www.sge.com.cn/sjzx/mrhqsj/510841,cc46ec41d73527484305b46007f424c1a590e5ebf99a4d1bb117042b2faf983b
2013-06-04,281.5,281.5,278.0,279.55,https://www.sge.com.cn/sjzx/mrhqsj/510842,55ad9753346883b6730d6eab6bf67cc1f310253e09d25abf5a7260c3b1144768
2013-06-05,279.99,279.99,277.7,278.5,https://www.sge.com.cn/sjzx/mrhqsj/510843,227c2eba6ccddbedfe1501e5fdf3599cbb25e2553e962fe1e0663b88bd41a723
2013-06-06,279.48,279.79,277.21,277.5,https://www.sge.com.cn/sjzx/mrhqsj/510844,972b94a615cf0a70952ebdb6f07b63cac40a689c300518c44acdb172472606b7
2013-06-07,279.99,281.2,278.0,281.09,https://www.sge.com.cn/sjzx/mrhqsj/510845,a6f81d8e9e50351e6e4c15d4a97e51e108ae9104579d806009a497c5b2cfb0df
2013-06-13,281.09,281.09,276.86,277.99,https://www.sge.com.cn/sjzx/mrhqsj/510846,d9270d8477f3e5194295ced94818ee3cc3412b3fb2e9aa6cddb965f617e0b2cb
2013-06-14,278.0,278.0,276.4,277.35,https://www.sge.com.cn/sjzx/mrhqsj/510847,765b1872f719b5a047eb4a5e9ac58d0817efb6c7c7b5f4ffd2bb7654dfeef864
2013-06-17,277.35,277.7,276.75,277.13,https://www.sge.com.cn/sjzx/mrhqsj/510848,65f880a245e8186a957f24c5ef85fced4963c2f58186e42e79d862261041da6b
2013-06-18,277.18,277.18,275.1,275.64,https://www.sge.com.cn/sjzx/mrhqsj/510849,aa557a1ae90aa17b4273fd36e8afdc50386fa5971517710d058e58bf047910a4
2013-06-19,276.48,276.48,273.0,274.25,https://www.sge.com.cn/sjzx/mrhqsj/510850,77bb6c74c39987aa36bdb423bd41440d4f9ff2603d2ce6e5bb1365dc223ed2fb
2013-06-20,274.83,275.0,265.0,266.48,https://www.sge.com.cn/sjzx/mrhqsj/510851,35861d177c5dbcb6ffb7bd5d24d7a0738c66ed07441b61fc7db0c3a6e6dee03e
2013-06-21,266.48,266.48,254.58,262.47,https://www.sge.com.cn/sjzx/mrhqsj/510852,99d4c44f1c46e622acc7d83ef7b4700784eddadc5ef8a0e21d1bf0088fc53a17
2013-06-24,261.5,262.95,258.5,260.16,https://www.sge.com.cn/sjzx/mrhqsj/510853,a9a21b4d728be27ca6eeb92af8d1be03b9adf1fd2576bd8ce482daa9d53f3f82
2013-06-25,260.16,260.5,258.79,258.91,https://www.sge.com.cn/sjzx/mrhqsj/510854,29336c6b619453ed022f3abacd4dac74472cd503bbddce7c0a4f6390731c76e6
2013-06-26,259.1,259.3,251.0,251.59,https://www.sge.com.cn/sjzx/mrhqsj/510855,0345353c4977981d0a5e0b63ee17d3d3303dc4a822e9c59eb6df65064f4e8d7d
2013-06-27,251.59,251.6,247.6,250.07,https://www.sge.com.cn/sjzx/mrhqsj/510856,6e2036275542791eb3036b599a9d8b6b58ff80747158266d87b41f79824fad20
2013-06-28,250.07,250.07,239.3,243.5,https://www.sge.com.cn/sjzx/mrhqsj/510857,29fd3e4fc0c2804ccc79daa1e701a0d0c62ed65c88b12bdfb46552c6494e37d9
2013-07-01,243.0,254.3,241.0,254.1,https://www.sge.com.cn/sjzx/mrhqsj/510858,4d756daab4c481b8fbc1e4b8a4cb12adfe76296ef0283b4520348579081436eb
2013-07-02,254.1,257.01,252.3,256.6,https://www.sge.com.cn/sjzx/mrhqsj/510859,5692b13f7054e07f4c0655302aedb807fe7ff407c0461efb72eaf8c5057ccb20
2013-07-03,256.0,256.0,251.9,252.0,https://www.sge.com.cn/sjzx/mrhqsj/510860,3d58a0fcddd036862e69d551cbfb74db26a68e236c01e45072069ae2123a86ed
2013-07-04,254.0,255.55,253.55,255.25,https://www.sge.com.cn/sjzx/mrhqsj/510861,1c5566512274764dd2d59a3c6fa1964c0a8f120ca13f296841d53540db2a8a5c
2013-07-05,255.25,255.25,250.8,252.99,https://www.sge.com.cn/sjzx/mrhqsj/510862,24c0a03afabfcffede1038d6ea778555b2d074e40c7515ba45e8601a3c39dd65
2013-07-08,252.0,252.0,246.0,251.15,https://www.sge.com.cn/sjzx/mrhqsj/510863,c19c66f3a314e2b8af041eb2b46383c828c579bf383b907b0db82927740586b1
2013-07-09,253.68,256.25,251.19,253.8,https://www.sge.com.cn/sjzx/mrhqsj/510864,df3dd1c82d0f59469a8654878e3408bdcbfec5536c45bd827130ecc40899c86a
2013-07-10,254.93,254.93,251.1,252.69,https://www.sge.com.cn/sjzx/mrhqsj/510865,e19725209e5dd9d0c71ca4fdf5a14eadf5f7849f2bdfe303dc8b17f3ad98a249
2013-07-11,254.3,261.4,252.8,259.37,https://www.sge.com.cn/sjzx/mrhqsj/510866,94d6a234b0978fc4157876339f7671203ab6e63a9484ddc75cb54b57cadc1a86
2013-07-12,259.37,259.8,256.8,257.59,https://www.sge.com.cn/sjzx/mrhqsj/510867,f2147353dae6f94437c5c53c081bb84e7bcff39c39e2f47b33a223f673fbe3e9
2013-07-15,258.49,260.3,256.8,259.7,https://www.sge.com.cn/sjzx/mrhqsj/510868,98c13d2c9005fe6995a92926dc24af4e53074190e8d317dc22f9598af3adb00c
2013-07-16,259.7,277.5,258.0,259.1,https://www.sge.com.cn/sjzx/mrhqsj/510869,834dbb5b0027e9250b5903e662f4bd0d8a3a06204b18b4388afa85db2a411566
2013-07-17,260.98,260.98,259.11,259.2,https://www.sge.com.cn/sjzx/mrhqsj/510870,8986b231861e77b0d52e081da20f510f81c83996225865598df3e4d6597b2ede
2013-07-18,260.5,261.0,255.9,256.42,https://www.sge.com.cn/sjzx/mrhqsj/510871,2ac8a5694efa351c617043098f235360cd05947a01e9f6d51ddc08835a1aa360
2013-07-19,258.48,259.45,257.25,259.39,https://www.sge.com.cn/sjzx/mrhqsj/510872,e46aeeac676f5d3f3bf6130cf7c904e8f5e09c1b219ab483d97c261cc6e1c795
2013-07-22,259.49,265.3,259.03,264.59,https://www.sge.com.cn/sjzx/mrhqsj/510873,f723997a0f6c30fe81c6686893659a432655d87e0c541d7187f4e9f40904348f
2013-07-23,264.59,267.9,264.59,267.17,https://www.sge.com.cn/sjzx/mrhqsj/510874,2fc1c4d808a1a51035b9de1a0dfca2b7eda7f2eb78d92996119b5b8663f7772f
2013-07-24,267.5,269.0,266.6,268.73,https://www.sge.com.cn/sjzx/mrhqsj/510875,d474ba80c7b81fbdea3042f238da69815813f9896e4b447f75f8bdbf98bee9ea
2013-07-25,268.73,268.73,264.4,264.9,https://www.sge.com.cn/sjzx/mrhqsj/510876,f4c22b5a78afd01f770d7e03e9c16ff5f8ac40b36cebe676f51b83ca1721d629
2013-07-26,267.1,267.65,265.0,266.5,https://www.sge.com.cn/sjzx/mrhqsj/510877,5de2baf7ae01c7d1bbce24fabc707e2acc8592ada9df34ba5d6ffe35ec9d7066
2013-07-29,264.49,266.1,262.6,264.31,https://www.sge.com.cn/sjzx/mrhqsj/510878,d4e7dc64e29385e48e7bbe18017a68062bb40b51ee7892c4d2f0c27595ba1121
2013-07-30,266.98,266.98,264.0,264.1,https://www.sge.com.cn/sjzx/mrhqsj/510879,a9f32d081ff1aaaf0b331741b6f0fe67df74a8340675632e677b68498a0be762
2013-07-31,266.5,266.99,264.2,265.76,https://www.sge.com.cn/sjzx/mrhqsj/510880,64882a4c5dced5b14d94733411da92d8ee7c6d13250ef96fd9c25596dc3b0ca2
2013-08-01,266.99,266.99,261.8,264.39,https://www.sge.com.cn/sjzx/mrhqsj/510881,4980f147c3febe73a95392b69531da7ce5d398fa1320fd2a7dba9babc93fb6d5
2013-08-02,265.74,265.74,257.5,258.27,https://www.sge.com.cn/sjzx/mrhqsj/510882,58eaf9cf102af2e7519ac0493aab80bcfb891b2e6c5c3c9f7dd9481b76c7f239
2013-08-05,263.97,264.1,261.8,263.5,https://www.sge.com.cn/sjzx/mrhqsj/510883,453d20024d757ea689406268460bec55766838625e54392a33c177bf29ed3129
2013-08-06,263.5,263.5,258.6,259.89,https://www.sge.com.cn/sjzx/mrhqsj/510884,cb89a5cb79daf7c44137f434e5cebb7d3e5623b81da7d0f4edbd0efe02e0beec
2013-08-07,259.01,259.5,256.0,257.11,https://www.sge.com.cn/sjzx/mrhqsj/510885,021acd41820816d3fe28ae7a6d2f0f35f20c074d2f4daabe6547a140c8d0ea7c
2013-08-08,259.0,259.6,257.3,259.02,https://www.sge.com.cn/sjzx/mrhqsj/510886,d621ddcd3921403efec9b476d055142c400c26b1dd401b2fbfd341829dcf96aa
2013-08-09,259.15,263.01,258.76,262.2,https://www.sge.com.cn/sjzx/mrhqsj/510887,b9602eabc02b5e98bfaac00ba22ca33d566c72bb255a57c62b669e703af48158
2013-08-12,263.0,266.88,261.61,266.76,https://www.sge.com.cn/sjzx/mrhqsj/510888,eda1d0c53a7f23ac3f52d19ac067945857ca610ec5f00ecf534e788628efaf5a
2013-08-13,267.8,268.29,266.3,267.96,https://www.sge.com.cn/sjzx/mrhqsj/510889,187ea6d9c016d48416cff944a2f9acd503bbec3b0ccdfafa5e8bf790aa4480fc
2013-08-14,269.5,269.5,264.01,264.75,https://www.sge.com.cn/sjzx/mrhqsj/510890,e981a75743fe943d0a9213a143ff0c81c6f3b84b6fe8492554674140be92bdc4
2013-08-15,266.0,269.0,264.2,267.23,https://www.sge.com.cn/sjzx/mrhqsj/510891,9ed79542f2b64783a212aef13ae03bab05b031f60e397e7b2592560fb8bbb684
2013-08-16,267.0,273.6,264.6,271.89,https://www.sge.com.cn/sjzx/mrhqsj/510892,32c8d32644c4740c54cf53c4d1c008725203755a9e57a8e79f315544d8ef28ba
2013-08-19,273.2,275.65,271.7,273.59,https://www.sge.com.cn/sjzx/mrhqsj/510893,3db4b095ed370677ef323ef22c9d9fc5810219ded85390c134f1d5b3c8d55752
2013-08-20,274.99,274.99,270.0,270.66,https://www.sge.com.cn/sjzx/mrhqsj/510894,b8a34a7cccf7e7fe1fecf1d701e54a6212a43ec05da010415ee0b9a750a66fea
2013-08-21,272.0,273.9,272.0,272.23,https://www.sge.com.cn/sjzx/mrhqsj/510895,48bc8ad14167f017c1a2037ec810984076ea9825c640608c0dc89d29ab109a23
2013-08-22,272.8,273.3,271.0,271.79,https://www.sge.com.cn/sjzx/mrhqsj/510896,c7b06bbfae49be7b26c668933e14907b14f0c9c5fb576a7534ed4c6bd8e26a26
2013-08-23,272.98,274.1,272.72,273.19,https://www.sge.com.cn/sjzx/mrhqsj/510897,c45bdcd1861a2178875af7ffceb84b914ae0e92f6e1e87b2afba2fd04d925b91
2013-08-26,273.19,278.0,272.85,277.69,https://www.sge.com.cn/sjzx/mrhqsj/510898,67181bea0a37dbda751552317ec5a471cc349edf255381a127ffa2731ee5bc77
2013-08-27,278.95,279.8,276.53,278.32,https://www.sge.com.cn/sjzx/mrhqsj/510899,edfed394f2aef9a890de358358c56882ec2a6f2bfc051159eafb39aa73054863
2013-08-28,282.59,283.5,279.02,282.27,https://www.sge.com.cn/sjzx/mrhqsj/510900,fbc92cd32d46a51a3404c249a1eeaa30ec3141993d9e0a545efd14c29b22b647
2013-08-29,284.49,284.49,279.21,280.0,https://www.sge.com.cn/sjzx/mrhqsj/510901,998a281d36a201cfef904e62af539c997336e460bc84485b6c316c8f80aa28f0
2013-08-30,282.65,282.65,277.6,277.6,https://www.sge.com.cn/sjzx/mrhqsj/510902,724c75a57fca7e8b5dc507d17a81e5cf7a22709a11ad360dc29252060d7fb598
2013-09-02,277.6,278.81,276.01,277.0,https://www.sge.com.cn/sjzx/mrhqsj/510903,52106f8f68923ccec1f5e002042c20206cef06463553ae13b13bba9c4382a1d1
2013-09-03,278.0,278.0,276.2,276.39,https://www.sge.com.cn/sjzx/mrhqsj/510904,29b811599833c21e8eac9be94f23e483502d01abc30718caf349bedc1d2ab0b2
2013-09-04,278.0,280.3,277.99,279.18,https://www.sge.com.cn/sjzx/mrhqsj/510905,7a74a3f2ba11f69c07820fa321104ed2497928d53968910ba11ec1124a50fd79
2013-09-05,278.5,278.5,274.7,275.66,https://www.sge.com.cn/sjzx/mrhqsj/510906,d2b275e2ce74ee24a374ecd41e60fb04858290bd338032748d8b88e275d77b02
2013-09-06,277.49,277.49,272.11,273.28,https://www.sge.com.cn/sjzx/mrhqsj/510907,99e3c0fea0735503037fd02c8fc0bb7ee18af891ded14f0da1f7e7e5262d5d76
2013-09-09,276.5,277.0,274.65,276.16,https://www.sge.com.cn/sjzx/mrhqsj/510908,82e667de3f82ccf4a924cecd0d4c7b6331c4c265797837f71ed4ef5db6514b4d
2013-09-10,277.0,277.0,273.8,273.8,https://www.sge.com.cn/sjzx/mrhqsj/510909,ee5616d3af1ee4b60a34f4f5b85fcc25876e604614a78652b7b81fcccab2428c
2013-09-11,273.8,273.8,270.3,272.38,https://www.sge.com.cn/sjzx/mrhqsj/510910,b59ee16ddf835da3f938d85dfc6423b0f70c356d24b7318129161a6138bb18e9
2013-09-12,272.5,272.5,267.8,268.09,https://www.sge.com.cn/sjzx/mrhqsj/510911,7681c6155534772df4de3cbd0085892b52fc9ec30168b2557da81ee41362e945
2013-09-13,268.09,268.09,261.05,262.78,https://www.sge.com.cn/sjzx/mrhqsj/510912,bb28833952c8b94590e2995f6a957b3831d2d7ca766989247b853634fdaef48f
2013-09-16,262.8,265.2,261.8,263.76,https://www.sge.com.cn/sjzx/mrhqsj/510913,40569f3198d21b557bd00ec558cfc9c8745135d3623b8416e63343bb8b08cbf0
2013-09-17,263.8,263.8,261.0,262.0,https://www.sge.com.cn/sjzx/mrhqsj/510914,983211c5a6618f8f2478549bd273cc9f6a32523a54f82df25a6445bf867496bf
2013-09-18,262.0,262.0,256.9,259.02,https://www.sge.com.cn/sjzx/mrhqsj/510915,e563c1e6badeb9e47880bd96c0998ec8adc40b49983545cb9467472c54b1c8e8
2013-09-23,262.99,263.41,259.8,263.39,https://www.sge.com.cn/sjzx/mrhqsj/510916,de87779350821a38d443d0f02c1d4557158b9c21fad6a42cbd23184474eca99f
2013-09-24,263.39,263.55,261.69,262.45,https://www.sge.com.cn/sjzx/mrhqsj/510917,95fc52240de604227db40d0e6ce88d06cfb0ab103c607c56ba13a1adc1fc1798
2013-09-25,260.0,263.5,260.0,262.2,https://www.sge.com.cn/sjzx/mrhqsj/510918,af12c682f4d6ba3c6298b160eb4155f4d03ff785ffae0ebb1d9a1e06732fd7fd
2013-09-26,263.99,264.95,261.9,264.57,https://www.sge.com.cn/sjzx/mrhqsj/510919,90ef8315d7a1cd22f1628f6d0014867b1319fc58f8a7226be63453e9707d6741
2013-09-27,265.0,265.0,262.0,263.58,https://www.sge.com.cn/sjzx/mrhqsj/510920,9a3ba4f1763224862c1b1e04021e2b4368d6155fc810b9e6bf72686c07cef847
2013-09-30,266.0,267.0,264.11,265.65,https://www.sge.com.cn/sjzx/mrhqsj/510921,f985b3adb141b2d5c21a838f302f91049d5e5a9fdbdba9bf6ff13185ec7b337d
2013-10-08,265.0,265.0,262.5,263.2,https://www.sge.com.cn/sjzx/mrhqsj/510922,7a752e96a0193cfb94fc09c97f9b92d2e60b607c118c59795f78b776e79bf176
2013-10-09,264.95,264.95,261.8,262.1,https://www.sge.com.cn/sjzx/mrhqsj/510923,24efda717838dcea76817498024d1479a91970d6e9cc323952bd0fcf5de9738b
2013-10-10,262.1,262.1,259.0,259.8,https://www.sge.com.cn/sjzx/mrhqsj/510924,3dace3d52495f5f4ab89c192553c999594e692369e56c30d0fc13ce7c30a47f7
2013-10-11,259.8,259.8,256.5,257.77,https://www.sge.com.cn/sjzx/mrhqsj/510925,19a321d72e1303a3859da8cb523877f8504701b707c9a05b3f5f9068c4f0c8a6
2013-10-14,253.0,255.5,252.5,255.25,https://www.sge.com.cn/sjzx/mrhqsj/510926,fe1c8dde3bc12af05ce2e0c3f8573cd2b25369d9225b239e3328f4417f84c0f6
2013-10-15,258.0,258.0,253.0,253.36,https://www.sge.com.cn/sjzx/mrhqsj/510927,bdb48476455d4797d97e0e4bdc3a21961729aa0194ab506820eabf02acb1354a
2013-10-16,252.9,255.5,252.33,255.01,https://www.sge.com.cn/sjzx/mrhqsj/510928,90a2ebbfc2d12f094b4a535531b9032fe3e4b78a6b75c5e6c3f52887ccdc7d99
2013-10-17,255.0,255.42,252.89,254.02,https://www.sge.com.cn/sjzx/mrhqsj/510929,354ac9b8f80ef6b4d9314884e7c46031fa63647c7cab5ee51c458bca48744b0d
2013-10-18,255.8,260.99,255.8,260.13,https://www.sge.com.cn/sjzx/mrhqsj/510930,4ccc7cf55d58e0ba5814dcd3fb2fb1eb77aeef5019e5b0e64c497b728d850399
2013-10-21,260.85,261.4,258.61,260.76,https://www.sge.com.cn/sjzx/mrhqsj/510931,52fadeb42494237947b413e86ec7d4b7886fccde6f2d55ed572cd2b657476625
2013-10-22,261.5,261.5,259.06,259.5,https://www.sge.com.cn/sjzx/mrhqsj/510932,a40322abc61d3f8b93cdba6ce1fef3428568a55669cd248072772dde51c9fdd8
2013-10-23,262.98,264.5,261.5,262.49,https://www.sge.com.cn/sjzx/mrhqsj/510933,14fb27ca180a280d8490d69c46e8abb66ab6b867d4dc1c6ad896339fb8890e2c
2013-10-24,262.7,263.0,260.0,262.67,https://www.sge.com.cn/sjzx/mrhqsj/510934,5011c4e76e4ffd92c170e4fbb53769269f0dab4676b5032250c136b64352898e
2013-10-25,266.0,266.0,262.5,262.86,https://www.sge.com.cn/sjzx/mrhqsj/510935,64c415d49fe642254811dadb2253d1730c3eeea403d91f8e1eb1355a099bb23e
2013-10-28,262.99,264.75,262.5,264.13,https://www.sge.com.cn/sjzx/mrhqsj/510936,6804a728d660622388419f06a83fb13020edda37b680d9d7efe7d1b74bd23035
2013-10-29,266.0,266.0,264.2,264.2,https://www.sge.com.cn/sjzx/mrhqsj/510937,cafcb3b4a31dea40ba002078ec7703ed465499fb219a8d6e027f8dbb90fe1abc
2013-10-30,265.4,265.4,262.55,263.92,https://www.sge.com.cn/sjzx/mrhqsj/510938,ed836bd494290e8366443deca89b524ad5c95fccd9848e78e7eb9a70ea4b9814
2013-10-31,265.98,265.98,261.6,262.25,https://www.sge.com.cn/sjzx/mrhqsj/510939,951ae0b2526e99bad335155609f9289972cf2ee5cda30226a151ecc6373be26e
2013-11-01,262.25,262.25,259.95,260.69,https://www.sge.com.cn/sjzx/mrhqsj/510940,5c58467271136bcf7b5861b2bda9fe17368e035486d4b7d345debeb22564f83c
2013-11-04,259.0,259.88,258.05,258.41,https://www.sge.com.cn/sjzx/mrhqsj/510941,a95a344443f35b47514253b118345b188e7c85ed2a13e2f38fec3271d151b938
2013-11-05,261.85,261.85,258.7,258.75,https://www.sge.com.cn/sjzx/mrhqsj/510942,9ec828108267a487394cf72775dba14ef7e8f8cc2e720bec9bf3cfd0a540b398
2013-11-06,259.85,259.9,257.7,258.11,https://www.sge.com.cn/sjzx/mrhqsj/510943,b9bf0ad008fc39d1e2ef92ac83835a56c992895c122ce1e93e0ab459bc567c09
2013-11-07,266.5,266.5,258.35,259.01,https://www.sge.com.cn/sjzx/mrhqsj/510944,248c7b44bf3a388860cc308576b45ff009e9408960bf7e7f117507e5b3697c68
2013-11-08,259.9,259.9,256.5,257.52,https://www.sge.com.cn/sjzx/mrhqsj/510945,b307072e9885664b5866990fbbc6237fe093a4c5664f0d4ff36023269267bfc6
2013-11-11,257.0,257.94,252.1,253.29,https://www.sge.com.cn/sjzx/mrhqsj/510946,5099f055bd4e3809d632993760707108c395bb840a1252d46d12fdd7121c0609
2013-11-12,254.58,254.58,251.1,251.96,https://www.sge.com.cn/sjzx/mrhqsj/510947,226acad434e47a8cfd6a66372d9f53c92e825fde058a97ba27b7fbe1b9bb5d6b
2013-11-13,252.99,253.0,249.77,250.98,https://www.sge.com.cn/sjzx/mrhqsj/510948,50091c4852af5f9a3b1389723090412543633d3a8afc37bff7fddbbc9d622e11
2013-11-14,252.4,253.5,250.6,253.0,https://www.sge.com.cn/sjzx/mrhqsj/510949,446306a17bb1eb5dca5b55859587593ffd6e57620197be849a7307aab804d8fd
2013-11-15,252.1,254.5,252.1,253.0,https://www.sge.com.cn/sjzx/mrhqsj/510950,ccb1ea36772e890b8323f2d9d9ace775ef48a2e619fe82bd519c49231638c5fc
2013-11-18,253.57,253.63,252.61,253.06,https://www.sge.com.cn/sjzx/mrhqsj/510951,c8bc19d1f6c60b1601f26aa60c823752114f84d1113dd4e2c46bc24a9e5b19f3
2013-11-19,253.58,253.58,249.86,250.9,https://www.sge.com.cn/sjzx/mrhqsj/510952,64f320b5fd008e643f36112f1588c4a5051a2bf7c3c9dc4e6f6de0c6a1da6d06
2013-11-20,252.38,252.38,250.6,251.21,https://www.sge.com.cn/sjzx/mrhqsj/510953,f26bd823fba8994a3f718d9dedf18ea3bab7a695f082a00a004229f46941bff2
2013-11-21,251.21,251.21,245.81,246.17,https://www.sge.com.cn/sjzx/mrhqsj/510954,0cdd1ee7479827fb38eb7661c516509eb92c260ee9910ae7473f9367980b4573
2013-11-22,247.38,247.38,244.5,245.67,https://www.sge.com.cn/sjzx/mrhqsj/510955,39b4d7fea5c36accdd696a4205c304ea90b26a22759564f8b4cb1e274f522498
2013-11-25,246.3,246.55,243.3,243.32,https://www.sge.com.cn/sjzx/mrhqsj/510956,6f5ba52a8b0dc82207ffdf842de4f6fa947c7ba7afd38127ff2b7bdd409e67fc
2013-11-26,243.98,247.38,243.0,247.32,https://www.sge.com.cn/sjzx/mrhqsj/510957,a07e64942a848a474adca401f37b5169dcf5c154bec67076bb837c4b0543bca9
2013-11-27,247.32,247.32,245.18,245.93,https://www.sge.com.cn/sjzx/mrhqsj/510958,2ccaff05627d16bd6152fe374742b1f9dbb71cabbdf2483a6d2299e3a817ac18
2013-11-28,246.45,246.8,244.0,244.6,https://www.sge.com.cn/sjzx/mrhqsj/510959,ca2a558c6a4950d7de788dc1514d4307f7a64647a67854ea25cf2f83d3f3d000
2013-11-29,245.85,245.85,244.2,244.71,https://www.sge.com.cn/sjzx/mrhqsj/510960,82dc5119ccc649af81eedd9ac9ea6f1c950f1ac9808ba4801b5984124d9f7028
2013-12-02,246.1,246.3,245.12,245.8,https://www.sge.com.cn/sjzx/mrhqsj/510961,6b80b25f066d40ba3f427f181081976e9be7b90da651d8852c9747b2e247debc
2013-12-03,245.8,245.8,241.32,242.18,https://www.sge.com.cn/sjzx/mrhqsj/510962,e58211e22800145137628fe1409dac4faf8a3990da3b07f83fde609c3545ee1b
2013-12-04,242.5,242.5,240.8,240.89,https://www.sge.com.cn/sjzx/mrhqsj/510963,480d95d1c451399e5aa1f8ca6d51a6367e83f45c04481e45e0409bd799c430ba
2013-12-05,246.68,246.68,241.0,243.51,https://www.sge.com.cn/sjzx/mrhqsj/510964,24a8b2349c45dc4db6f3eb48bb0f8c0651135be2dbad17f5acccb2c8735ca8f9
2013-12-06,246.0,246.0,240.8,243.5,https://www.sge.com.cn/sjzx/mrhqsj/510965,5651762450e5ac9d80dfc1956ba901084ea07f33e69d397beacd5872896dbd26
2013-12-09,242.75,245.0,240.6,243.99,https://www.sge.com.cn/sjzx/mrhqsj/510966,52a18ea965e2212f90848fd7317e9044eaa48d44c10263b16428015aa6f81285
2013-12-10,245.0,245.3,243.36,244.96,https://www.sge.com.cn/sjzx/mrhqsj/510967,98d2e0778917f470840e47ddc61d27aca1cf32ddc838b4d221db89e68856bdfc
2013-12-11,245.96,247.3,245.2,246.71,https://www.sge.com.cn/sjzx/mrhqsj/510968,0634e4181ae3cdf5c844866a3ef6b5e09fd685b93e5b03acb055ef5094878f88
2013-12-12,247.85,247.85,246.0,246.0,https://www.sge.com.cn/sjzx/mrhqsj/510969,2fe2456ccc75cf20831e2bf5601ef92d01b38528aa5473b3aa3687b09f94f92d
2013-12-13,244.0,244.4,241.15,242.08,https://www.sge.com.cn/sjzx/mrhqsj/510970,6012c075415cada76813effde660b5682e3ab503faa5729f1a05ccc082e8d97a
2013-12-16,242.48,242.9,241.74,242.75,https://www.sge.com.cn/sjzx/mrhqsj/510971,77c0c96b906841b7ef4a941b4199258055f96b6d7683bae27fa5b93218605f92
2013-12-17,243.58,246.0,242.5,245.55,https://www.sge.com.cn/sjzx/mrhqsj/510972,c56968549d217d6acb6f5d6ee57645183dc8becb5ff47e8e7fc4df0ea5f58e5e
2013-12-18,245.55,245.55,242.34,243.06,https://www.sge.com.cn/sjzx/mrhqsj/510973,30e826be10198d0248c2080c2859c339b46e7094f79d85555fe500f5903774a6
2013-12-19,243.06,243.06,240.45,241.0,https://www.sge.com.cn/sjzx/mrhqsj/510974,c86a18b254537a4ea3c21eebf8b7e38d204cc599818d9060392e1a56b8bb2fd5
2013-12-20,241.0,241.0,235.4,236.37,https://www.sge.com.cn/sjzx/mrhqsj/510975,14341d540213b155885f891bfdfd249df5517a5d3acab65f21aa33626c53d648
2013-12-23,237.85,238.88,235.52,238.77,https://www.sge.com.cn/sjzx/mrhqsj/510976,42115b2db102e8be8057c5297a0ec9f4faf2e8cf302a1d67a68e1ee9e8716918
2013-12-24,238.77,238.77,237.3,237.62,https://www.sge.com.cn/sjzx/mrhqsj/510977,52781f12725d1b89ef6f45be1e0d4e36473e1cfc875d619f3e2c784e804a4fc3
2013-12-25,238.01,239.5,237.8,238.99,https://www.sge.com.cn/sjzx/mrhqsj/510978,fd165cf06fe9a9e3b139eb477fff65147a3238a46427c7a56cc46c2d97bd4fe6
2013-12-26,239.38,252.0,238.5,239.29,https://www.sge.com.cn/sjzx/mrhqsj/510979,69312036c7a0cf3986d4006942f30cc9cf9f8ef661bae4ba5a1f2dce91b13ea9
2013-12-27,239.9,241.47,167.5,240.5,https://www.sge.com.cn/sjzx/mrhqsj/510980,16868792f39016a15c4f6c9c0ccfb4ded057288e4681f8e518a246a81a4e719a
2013-12-30,240.3,241.48,238.66,238.77,https://www.sge.com.cn/sjzx/mrhqsj/510981,50b3fc06d6ba8e7044ecb290d958e8af0f3bc6073d6a5e65673de4f8d332b50e
2013-12-31,239.0,239.83,236.36,236.46,https://www.sge.com.cn/sjzx/mrhqsj/510982,16031fa354a27f85cd41083f646b0cdf86aa226240c4fb7f5fe652f6d4eb9e0b
2014-01-02,238.85,242.3,238.85,242.3,https://www.sge.com.cn/sjzx/mrhqsj/510983,f2170a8c2b2a66c84920afc08684e4a86207f9084fb3dd48c9cd12be83b51ff2
2014-01-03,242.3,243.96,240.5,243.8,https://www.sge.com.cn/sjzx/mrhqsj/510984,18acdc347beb5b6287694a5893a2ea6822fd64db3243db6e19bf59c0adcb5d96
2014-01-06,242.5,246.0,242.15,245.39,https://www.sge.com.cn/sjzx/mrhqsj/510985,b4e61d3fbe97e480a2c38e0e4e833c9c3feddabb04b485fb346b7a267cd7de39
2014-01-07,245.6,246.38,244.8,245.79,https://www.sge.com.cn/sjzx/mrhqsj/510986,f702cd10dafd15bdd1b1b799ca752b59b7bc7cbbfa03eeebc4ed3313a4b62c5e
2014-01-08,245.79,245.79,241.8,241.95,https://www.sge.com.cn/sjzx/mrhqsj/510987,8474f8a38447db8549eab58387b557a93a203451df0ef820f6dd6e996f6c3799
2014-01-09,242.96,243.49,241.28,241.82,https://www.sge.com.cn/sjzx/mrhqsj/510988,a0ae78dbb5f28a554130652b05abb10f4793662112bdccb7b44e1a6d0b2366c5
2014-01-10,243.0,244.0,241.7,243.0,https://www.sge.com.cn/sjzx/mrhqsj/510989,4e1ac0a65a8e43927b9dda7ea782304ce6db86b64f92f3f039a4eb965408f942
2014-01-13,243.59,246.65,242.6,246.5,https://www.sge.com.cn/sjzx/mrhqsj/510990,f023241e0b686ce3c21c0d26875d9f48a207ff84d24abc74aeba95a918dad175
2014-01-14,245.95,246.5,245.0,246.34,https://www.sge.com.cn/sjzx/mrhqsj/510991,0b73036c12e21dd4bff2572685870b7135d3e06e3ec4b153e9f10794c7767dff
2014-01-15,246.34,246.34,243.65,244.16,https://www.sge.com.cn/sjzx/mrhqsj/510992,4b946dd9b90365711ae977219d8d17af14baf380efa1b63d94cdf27253bf35a2
2014-01-16,243.85,245.0,242.8,244.49,https://www.sge.com.cn/sjzx/mrhqsj/510993,9c67655b1fc4c48c31a5832009bf0418ace2c6dcb70ef49ebbe4369de591b8e8
2014-01-17,243.5,245.48,243.5,245.4,https://www.sge.com.cn/sjzx/mrhqsj/510994,403168291b1fb9eade52986b1d65d6f504d3c3878aec9dd5e36aef3aaf67e859
2014-01-20,245.4,247.2,244.8,246.82,https://www.sge.com.cn/sjzx/mrhqsj/510995,c9d409d2c5cf9234912439fc65c90de21be7c8dc095807ef95c425abcf6f8912
2014-01-21,247.44,247.44,245.8,245.8,https://www.sge.com.cn/sjzx/mrhqsj/510996,8d1b54601470aaf0d945a62844f5bbc140d67b5f3f019d8d64944764287cc395
2014-01-22,245.8,245.8,243.2,243.87,https://www.sge.com.cn/sjzx/mrhqsj/510997,8083f84390abc9cb5c71aacdbbcbd21b8a8fb26e5647730885d497a5bf488403
2014-01-23,244.25,244.25,242.4,243.27,https://www.sge.com.cn/sjzx/mrhqsj/510998,4a48ac9bea6110a941ccb0bf3011535ffae0db3b32f1188f1c6c19a5d5bfdc6d
2014-01-24,245.0,247.2,244.7,246.89,https://www.sge.com.cn/sjzx/mrhqsj/510999,010a178f43379b9473c8e3f95abae9136c86e748a3326a138a12b5d8e67f4671
2014-01-27,248.5,249.2,246.7,247.78,https://www.sge.com.cn/sjzx/mrhqsj/511000,63ea2c9fe0b9556869f1b3aaa8c98a22594424da42ffa5cc60bb5cb36f2c49c3
2014-01-28,247.79,247.79,245.9,245.9,https://www.sge.com.cn/sjzx/mrhqsj/511001,719ee4e8a5639a6e406985fb1ff0104187d297f49b6a73900e815c9e89585dc9
2014-01-29,246.98,246.98,245.03,245.94,https://www.sge.com.cn/sjzx/mrhqsj/511002,bdd76cb83d82f8912cc9ff1b756eb6346abaa6a3d85393a522f66a4323b7dfe4
2014-01-30,247.37,247.37,246.15,246.37,https://www.sge.com.cn/sjzx/mrhqsj/511003,ed3f2e4b79564e5901f94abaf1f4fc3bfc3756a399e6c359803f97ff559281d2
2014-02-07,247.49,248.5,246.4,248.29,https://www.sge.com.cn/sjzx/mrhqsj/511004,c5b8281da7ed8acb8d64418f67845881c6b554a124b3e95bd04d135d8745cf3e
2014-02-10,248.85,250.6,247.52,250.39,https://www.sge.com.cn/sjzx/mrhqsj/511005,2817f9b3bab954022d1926bc1c59eb44c5a1f7ae1adfe64d5c3bb15cf4d34ce3
2014-02-11,250.39,251.99,250.0,251.49,https://www.sge.com.cn/sjzx/mrhqsj/511006,b6ddacf7a2265882ec66339cd609653f624afcf6f42d3d25ac44dc5125a1987b
2014-02-12,251.5,252.6,250.5,252.06,https://www.sge.com.cn/sjzx/mrhqsj/511007,544a256ced6d07e922bd55ad450a51fac3f0b4b3df03f82d0a881bf99f45b7df
2014-02-13,252.06,253.1,252.0,252.1,https://www.sge.com.cn/sjzx/mrhqsj/511008,64aec32399cf076c38c4342ac05649ac3b4eedd250d637b018e5be5ffd933402
2014-02-14,252.99,256.7,252.51,256.69,https://www.sge.com.cn/sjzx/mrhqsj/511009,be91b913d0630c3eaf95467128d070fbd9c2fdfc4f6048b2484390b16db5cd97
2014-02-17,258.0,261.5,257.1,259.85,https://www.sge.com.cn/sjzx/mrhqsj/511010,20c3fab213b32fadc4d0f6cbe8e05f23dd23531074f16990031b4306f73368cd
2014-02-18,259.87,260.4,257.6,258.01,https://www.sge.com.cn/sjzx/mrhqsj/511011,f205dd4be8902966062d51ff04a40e06ead60c603980faa590fa073fac840f84
2014-02-19,258.01,259.15,257.02,258.24,https://www.sge.com.cn/sjzx/mrhqsj/511012,a379fb45d02a9c345fb746cbe440f9ecc2d6b7670f06b93592df2b1f79c14486
2014-02-20,258.58,259.15,256.8,257.49,https://www.sge.com.cn/sjzx/mrhqsj/511013,101addc2bba9ffc9d3fa97db5537a6a9e1e4293d56011925949f80e815da30ea
2014-02-21,257.5,259.5,257.01,259.29,https://www.sge.com.cn/sjzx/mrhqsj/511014,775c8e570c250c8ce4be7cf08260251e2e3f429a85a1c2eff4b32e2a6153641d
2014-02-24,259.3,260.7,258.9,260.5,https://www.sge.com.cn/sjzx/mrhqsj/511015,0263699b26b971c38541722acf7da30e85cfbc5ea364fd69ae7f815f78a9ee58
2014-02-25,260.5,262.45,260.5,262.39,https://www.sge.com.cn/sjzx/mrhqsj/511016,b3a29ef57653b856a604f59b3a0afef6462d2d561e93de0859524465b520c750
2014-02-26,263.0,265.31,262.21,265.22,https://www.sge.com.cn/sjzx/mrhqsj/511017,527ad0cf90a5fc896db8256b0843ef18f3729ab4f385d71b5eac6f11cab04378
2014-02-27,265.24,265.24,261.0,261.48,https://www.sge.com.cn/sjzx/mrhqsj/511018,94e792c112f83289541f7d6cdd82245aaf50281b0643b50d03b0dafc4f9c939d
2014-02-28,262.94,263.55,261.52,262.73,https://www.sge.com.cn/sjzx/mrhqsj/511019,0bafd50636284d620330c29f3c054adc79b3fbd242e4612e2de782d6c94150b4
2014-03-03,263.45,266.4,261.45,266.2,https://www.sge.com.cn/sjzx/mrhqsj/511020,95f2383a0c66f98cadf2248774f0e375165651e70c8ac89303988e4da55475f9
2014-03-04,266.2,267.45,263.5,264.0,https://www.sge.com.cn/sjzx/mrhqsj/511021,e760dab1bb87fdd895fc3ab4e5f126fe52e9d5a8c461ac25ad53fac8927c9b11
2014-03-05,263.5,264.0,262.85,263.08,https://www.sge.com.cn/sjzx/mrhqsj/511022,f45e32adc5966a920083e56fd4b1b5f0aea2ef3b95d72deca2244e86a00051bc
2014-03-06,263.01,264.4,262.7,262.99,https://www.sge.com.cn/sjzx/mrhqsj/511023,4dbffe08c15aaebb6909e9aa019c6bf84ed6693f1beffa547420906177f877e5
2014-03-07,262.99,266.0,262.99,265.27,https://www.sge.com.cn/sjzx/mrhqsj/511024,d0be4b000ecdecb6817afaa3a2b5375eacebe9950d5804f4cc90cef140c03319
2014-03-10,265.98,265.98,261.1,262.53,https://www.sge.com.cn/sjzx/mrhqsj/511025,fe63a046e82202ecf3c10923bd511235240747204ea8fad84937c384a2de6bcb
2014-03-11,262.72,264.8,262.72,264.51,https://www.sge.com.cn/sjzx/mrhqsj/511026,23cf4d0599693708c3665910b5e02deb8980b56879b530a36fd46f4434cc4467
2014-03-12,264.51,268.9,263.8,267.43,https://www.sge.com.cn/sjzx/mrhqsj/511027,bd2116911e51250528812316abecfe8268a59983246aaeccccc971e6b48e216a
2014-03-13,268.0,270.99,268.0,269.76,https://www.sge.com.cn/sjzx/mrhqsj/511028,a471d5c2a5813dea2b516c5944aa3857b7dca86923d3cbb34f0f9fa59819f75a
2014-03-14,269.76,271.3,268.8,269.63,https://www.sge.com.cn/sjzx/mrhqsj/511029,5da0e2b03bdf4aaf13ed4ad6095b8a85b6ed7c20b5219186ef83c3bf7f53196c
2014-03-17,269.63,273.6,269.63,273.29,https://www.sge.com.cn/sjzx/mrhqsj/511030,d77a81974efd0263993669091cf6146dcf77e417d8f3daba9781483068ae231a
2014-03-18,273.26,273.26,268.2,269.1,https://www.sge.com.cn/sjzx/mrhqsj/511031,3c74a0889a81acdb5d22f46f1c209cf645bbe0db007bc93bb40bbb1b5089089c
2014-03-19,269.1,269.27,267.0,268.2,https://www.sge.com.cn/sjzx/mrhqsj/511032,d3c75f13cdffabec91a2c8848cd43a0261c6ddee6a060a1c0c6db155388a963b
2014-03-20,268.2,268.2,264.26,265.45,https://www.sge.com.cn/sjzx/mrhqsj/511033,1fb0a8c21859f6cb9ebe0083c87d49d335342d722c7b7058c6c3c5e2a16835c1
2014-03-21,265.45,266.3,264.01,265.26,https://www.sge.com.cn/sjzx/mrhqsj/511034,6bd4004eea634288905282a5b52264edfd50b678a26eefb8681a42c28d2da007
2014-03-24,265.3,266.9,263.7,263.89,https://www.sge.com.cn/sjzx/mrhqsj/511035,9aac6364829476cc7f77e239ee16d129d9092e25b187e9f373e8cf79b0d5586e
2014-03-25,263.9,263.9,260.3,261.2,https://www.sge.com.cn/sjzx/mrhqsj/511036,cfe843aad01b93f3b5b1d32a83147c16885d79625861576e1e328abbd7d9842a
2014-03-26,261.2,262.0,260.02,262.0,https://www.sge.com.cn/sjzx/mrhqsj/511037,6a3cbc3fadf02e649165afde3f5c2f0f7a92d5e40f77f0acb83e245c705107d3
2014-03-27,262.0,262.0,258.75,259.51,https://www.sge.com.cn/sjzx/mrhqsj/511038,58eccbe76cc1f2669bf81e952df0bc1f94531ca420c50ae869bdc6fe0b40c446
2014-03-28,259.51,259.51,257.64,258.5,https://www.sge.com.cn/sjzx/mrhqsj/511039,99bc061b8e449ba086f22260c4ea378e0d86eda5baa45fa4a0f4eb5688bbfcbb
2014-03-31,258.5,259.1,257.04,257.8,https://www.sge.com.cn/sjzx/mrhqsj/511040,dc75da4c982ef21016b16772bb64548379d436f5f38ac519edb6dba805bae4ae
2014-04-01,257.9,258.49,255.5,256.39,https://www.sge.com.cn/sjzx/mrhqsj/511041,9e5762322f5f7a096f5da6d518192d0282c958ae0892e8a670c7b2b072076add
2014-04-02,256.4,256.4,255.55,256.25,https://www.sge.com.cn/sjzx/mrhqsj/511042,e87736b203859d66dc97be012c337fe0c4d437963470a3faa5874f87b1beff18
2014-04-03,256.25,257.7,256.25,257.06,https://www.sge.com.cn/sjzx/mrhqsj/511043,cc6c16b44f82fbe7d761deb4c1cd146046e925ed6d11f3d0ec9e2f4e6a10ae90
2014-04-04,257.06,258.2,255.85,257.64,https://www.sge.com.cn/sjzx/mrhqsj/511044,28d1099e0cfab1389f670647577cb9e7d27a963675eb3a9c3d5c95a635dfaa03
2014-04-08,257.64,261.3,257.58,261.0,https://www.sge.com.cn/sjzx/mrhqsj/511045,3a0aa8c893fc56d5517166ad8af25fe8ac31f997292471650a1981c27b7fbbc3
2014-04-09,261.2,262.0,260.41,261.12,https://www.sge.com.cn/sjzx/mrhqsj/511046,1fea11e1061e972d09e88c220e974d4f39b040946f7a016bd0ac14df2d3da203
2014-04-10,260.5,263.0,259.56,263.0,https://www.sge.com.cn/sjzx/mrhqsj/511047,660af4d554cf83caaa246ce197e274b1ad1ee7ebcc870d7be5b0009201351d9d
2014-04-11,263.0,263.35,262.3,262.64,https://www.sge.com.cn/sjzx/mrhqsj/511048,686455ff8a66141fe6a71de9fe5dad96cb623ec50db137a8fef5e31110964d39
2014-04-14,262.88,265.45,262.58,264.85,https://www.sge.com.cn/sjzx/mrhqsj/511049,119bd2d92ed31b99a250165dc397cc6de883a155708a626fade55552482764bc
2014-04-15,264.85,265.99,262.0,262.18,https://www.sge.com.cn/sjzx/mrhqsj/511050,093a460c71faa4d8a636db08632523716d8094ad5e55335e8a4a7d088f8526d6
2014-04-16,261.0,261.0,258.5,260.08,https://www.sge.com.cn/sjzx/mrhqsj/511051,43739b5068acdf20ad7fcb7c423cafc26ca99640c1a5a743ae080207a3da449a
2014-04-17,260.5,260.5,259.2,259.3,https://www.sge.com.cn/sjzx/mrhqsj/511052,5015a7f49f1bea0da55777ef93f5bcbd69edc5fd3b90d29b237a83089b669da2
2014-04-18,259.3,260.5,258.5,259.33,https://www.sge.com.cn/sjzx/mrhqsj/511053,93ca1eba9debf9c6cffe285fc6d4431688bb1baa99bb7498c897d1b1590f61f2
2014-04-21,259.79,259.79,257.0,257.66,https://www.sge.com.cn/sjzx/mrhqsj/511054,e6974b1dd9a8b3a969b14c3acc12f61dc8563126f2a3f0426b6a1e99e0190156
2014-04-22,257.97,258.75,257.4,258.55,https://www.sge.com.cn/sjzx/mrhqsj/511055,e32f3ffec6a3b62320ace055d859cb8919a3c61fda0a7dbcca3733f920207f28
2014-04-23,258.55,258.55,257.2,257.88,https://www.sge.com.cn/sjzx/mrhqsj/511056,12a3e4d90dc64d157dc178b953a173a7446b04de421691005578a3a65fb0a281
2014-04-24,258.3,258.5,257.5,257.7,https://www.sge.com.cn/sjzx/mrhqsj/511057,90730f12449e7034ea6d77311ccc002fe550b8124054b45a9103f0b67ddd5f0b
2014-04-25,257.0,260.15,256.3,259.76,https://www.sge.com.cn/sjzx/mrhqsj/511058,60f5356dbc266931138a53d9f2f91bd1c61d6127e103f2dbb572fe5fae71bff7
2014-04-28,260.42,262.7,260.42,261.89,https://www.sge.com.cn/sjzx/mrhqsj/511059,87e43f4f0358825c6edcdce0563f177d1b1afcb1e2a1bae8ccb7b720944ce7ac
2014-04-29,262.8,262.85,260.0,260.09,https://www.sge.com.cn/sjzx/mrhqsj/511060,01673c83675d872e63a05a4174acf1730593bad00ee0f23a9c1c54822bfbb55a
2014-04-30,260.3,261.2,260.12,260.26,https://www.sge.com.cn/sjzx/mrhqsj/511061,75f722c8d17c04f5c25a88464225f5c87559474cee52dbe1f9e96105698ca8c8
2014-05-05,260.59,263.2,260.59,262.84,https://www.sge.com.cn/sjzx/mrhqsj/511062,a57a0f213b2eea948e3db8cc7c1d13088faffd52af1b6bd6c2e4cf3542ad8eb3
2014-05-06,263.65,263.8,262.6,262.98,https://www.sge.com.cn/sjzx/mrhqsj/511063,d704d1b6a5e473655f378106752afd3d04986fdd3bc610574123b5ea93c9b69d
2014-05-07,263.3,263.3,262.31,262.8,https://www.sge.com.cn/sjzx/mrhqsj/511064,d6550aa657b1ead02de67360131d9aca2f83d394cfedd86c4736650bc683e348
2014-05-08,262.8,262.8,258.95,259.05,https://www.sge.com.cn/sjzx/mrhqsj/511065,52e89b6bf14f21b201f307d92790539b066155552bd1a8fc3a3fa7665d3cc97e
2014-05-09,259.05,259.38,258.4,259.16,https://www.sge.com.cn/sjzx/mrhqsj/511066,b82bf58f3e8e2881bbc099323e1e9ea80738b5a81d67fe3f799dad50003e313b
2014-05-12,259.48,259.48,258.2,259.1,https://www.sge.com.cn/sjzx/mrhqsj/511067,0d1f6b1bb5f720f4b956e345c5a14519a59b630f5936aadaa1462e057dfb11d7
2014-05-13,260.8,261.1,259.02,259.49,https://www.sge.com.cn/sjzx/mrhqsj/511068,20d0c6a428492ebb1b447ece2d39e15b83c4b9f8337179b46d0a85d3e74f5182
2014-05-14,260.0,260.8,259.45,260.29,https://www.sge.com.cn/sjzx/mrhqsj/511069,61e2e8bd27010bd0153c26b10d2f557296ffb994b1f728fb9062033c100aa291
2014-05-15,261.5,261.55,260.56,261.0,https://www.sge.com.cn/sjzx/mrhqsj/511070,1e2e211890be50f0c437a12d817c9f1c4df57ed4e3d382fa14b64bb3655e8343
2014-05-16,260.6,260.6,259.6,259.69,https://www.sge.com.cn/sjzx/mrhqsj/511071,200507294922d8f2a9fe2118c8450e515c4354bf56f19fc7faf202e3d2aaf181
2014-05-19,259.85,260.9,259.4,260.71,https://www.sge.com.cn/sjzx/mrhqsj/511072,847a1eee69e93affa246f4e2e3f3f54cd1c36b98521e0b24871fade39fc5181c
2014-05-20,261.49,262.0,259.4,259.8,https://www.sge.com.cn/sjzx/mrhqsj/511073,73cadf19d0e50941868d50c7d97d7e7b7fe65a349a2e369a8ea37356014599d1
2014-05-21,259.85,261.0,259.3,259.85,https://www.sge.com.cn/sjzx/mrhqsj/511074,48cac8a77b32ddfb9375b37521a81c67b3314ef9983c59e7c8e7e49399cc1f41
2014-05-22,260.35,260.4,259.3,260.1,https://www.sge.com.cn/sjzx/mrhqsj/511075,dc9c74ceafc7cd8700efc5a05274001e4e70dbf0c0feaa6eaa6f50ec72ac438f
2014-05-23,260.5,260.5,259.7,260.01,https://www.sge.com.cn/sjzx/mrhqsj/511076,1fb6b255f790c74de75ab4ff11d5434fe79e782a953fa36ddbf2be82e59ae89c
2014-05-26,260.1,260.1,259.0,259.56,https://www.sge.com.cn/sjzx/mrhqsj/511077,cbd95dbf4e4fc59f30e28c92cd169be0115446f4135c487647f41fb343aaf9e1
2014-05-27,259.7,259.75,258.25,258.29,https://www.sge.com.cn/sjzx/mrhqsj/511078,b3841194146b496dd8ede97800239dc33da6234caa812682816773aefe758d56
2014-05-28,258.29,258.29,254.6,254.9,https://www.sge.com.cn/sjzx/mrhqsj/511079,d3ea5b29e6500f0d8ab84af955a58ddeacd00d598812b71224a31ebf9351dca0
2014-05-29,255.0,255.1,252.05,252.07,https://www.sge.com.cn/sjzx/mrhqsj/511080,9550816efeae3704cd4fd508ee736c0ea1a0f62ddd339728d8d43c38bffedbe4
2014-05-30,254.8,254.8,252.3,252.8,https://www.sge.com.cn/sjzx/mrhqsj/511081,733c568db9b0289421663f2f10a65bce91d489983aa437edb4c27924b62fe19a
2014-06-03,252.8,252.8,250.15,250.9,https://www.sge.com.cn/sjzx/mrhqsj/511082,a15239f016c226a47d44cd401d99a74e6b1b761de462079dbd3336066b774bf0
2014-06-04,251.19,251.2,250.2,251.0,https://www.sge.com.cn/sjzx/mrhqsj/511083,1fad35c8eac41f2731ac82f0aa9e7fb076abf24cbef2400c25d7ed83f2571e75
2014-06-05,251.75,251.8,250.31,250.4,https://www.sge.com.cn/sjzx/mrhqsj/511084,0f52cf45ea5097b82b8421f3bb205168070e385d385b2b19a54aebd04da87ea9
2014-06-06,251.99,252.9,251.5,252.75,https://www.sge.com.cn/sjzx/mrhqsj/511085,0ae61863e6e9504dfc8b206db6fa6ffb420910c6e4335b223a702c3392369a92
2014-06-09,252.75,254.5,251.3,252.23,https://www.sge.com.cn/sjzx/mrhqsj/511086,ea37ebaa12306e95fd43b18473ab52c22ac4d8835fe0753e0abfb98059b149b2
2014-06-10,252.4,252.4,251.0,251.6,https://www.sge.com.cn/sjzx/mrhqsj/511087,d661abd7828ce146bcc2c36c33cb0a96347bf0f4830f4d1406398c9ed0bd4a2c
2014-06-11,252.0,253.0,252.0,252.46,https://www.sge.com.cn/sjzx/mrhqsj/511088,6a80b8dabc0ef56f94c4fd10081953b972c1e764316cbd57cced7f741e70826f
2014-06-12,253.15,253.38,252.0,252.0,https://www.sge.com.cn/sjzx/mrhqsj/511089,555808db69b0dd21f7ee727d0e712af7b64fc014e38bcf55f78f92effd21fc5b
2014-06-13,253.47,254.5,252.85,254.35,https://www.sge.com.cn/sjzx/mrhqsj/511090,261db7e90521099f5a78c82ec42736a6e2c6a39145393620f3cc79e9afb11dcb
2014-06-16,253.0,256.8,253.0,256.79,https://www.sge.com.cn/sjzx/mrhqsj/511091,143847addb848eb737934b089bb644c1cc7bde38ac912f7862a7bd2b471f15c9
2014-06-17,256.8,256.8,253.5,253.75,https://www.sge.com.cn/sjzx/mrhqsj/511092,1fcbff91eea3630b52df93a39bb20ffd06858f91a30b92be326e4a34c8d5b2e7
2014-06-18,253.49,254.58,253.33,254.38,https://www.sge.com.cn/sjzx/mrhqsj/511093,c7c9a078d28c2a65327594a4773c495e5c62752fb621c51b9802fc2802a1038d
2014-06-19,254.95,256.74,254.11,255.98,https://www.sge.com.cn/sjzx/mrhqsj/511094,8b8208ac9ccbc71bc0c90e74f0f2cfe18adee230dbcecf163f3ee9d790555101
2014-06-20,256.88,263.51,256.88,262.5,https://www.sge.com.cn/sjzx/mrhqsj/511095,eb922c1d678e5883114c9ebae0069d2f408a6fba1e3178ee7b8cf757acdfd681
2014-06-23,263.5,264.47,262.1,263.68,https://www.sge.com.cn/sjzx/mrhqsj/511096,7dbca1f26bcf9596cb28a7720e8b8d8e4ecc04f6e19ca3cb4ca80200a3623ea2
2014-06-24,263.68,264.1,262.8,263.61,https://www.sge.com.cn/sjzx/mrhqsj/511097,e2428ecb2ff7aa73520505c822cd98b116010155013daa6c3921c506237c0e64
2014-06-25,264.0,264.8,262.68,262.9,https://www.sge.com.cn/sjzx/mrhqsj/511098,9cabe422a863304c98907ed44b906ee7e66f4e189a1dd3fee4f910b13855949e
2014-06-26,263.5,264.6,262.3,262.78,https://www.sge.com.cn/sjzx/mrhqsj/511099,3cc0ee2314c6945745c6d435b452c7786cfe31eb3459452772261824e69daff6
2014-06-27,263.8,263.8,262.5,263.09,https://www.sge.com.cn/sjzx/mrhqsj/511100,ff7bffe425d6e0d88c2b024b7ea677d2add8d67bd33b477d10d7a7655dd3f665
2014-06-30,263.75,263.75,261.7,261.86,https://www.sge.com.cn/sjzx/mrhqsj/511101,4eed3ff9e7bdd428224cedc0548f22dab6dfaa910921039337501999b865f0c8
2014-07-01,262.8,265.3,262.1,263.99,https://www.sge.com.cn/sjzx/mrhqsj/511102,03ffbd857cafa4dac7620125105ab02b9e6dd89a9347cf09d20b772962165619
2014-07-02,264.55,264.88,263.85,264.52,https://www.sge.com.cn/sjzx/mrhqsj/511103,64be45ba1e0810f71d61c3509a573c7362e96deeb41be7854ea1939f7c2a11bb
2014-07-03,264.48,265.0,263.7,263.71,https://www.sge.com.cn/sjzx/mrhqsj/511104,2871f983d1c8404a3f5605977d6966e0649380936c12a7c918db9305f6aade2d
2014-07-04,263.51,264.11,262.93,263.93,https://www.sge.com.cn/sjzx/mrhqsj/511105,4e4544b349cbd3f9c6cedd3b3ea1431db1a4fef09d3f51fd27d6616e2572db02
2014-07-07,264.5,264.5,261.6,261.7,https://www.sge.com.cn/sjzx/mrhqsj/511106,7226c515958f269c696f743fdcd62fab99c9290886f2fd0bee1ebdc29d6bebe5
2014-07-08,262.49,263.09,261.4,263.0,https://www.sge.com.cn/sjzx/mrhqsj/511107,fb32e2f222221a02ff70435e3cf7c5291e9915463a33fa25970070cceb1e9b6d
2014-07-09,263.25,263.85,262.0,263.76,https://www.sge.com.cn/sjzx/mrhqsj/511108,d86591222aafec4506cb4126251fc023c60bb4ce5a9ef4f0a0c1f7acdbde6419
2014-07-10,263.51,265.0,263.45,264.79,https://www.sge.com.cn/sjzx/mrhqsj/511109,23aec37bf868ba33b412bf25412cbb15e27a0bb27ca8455927339c0abeed9cb7
2014-07-11,265.5,267.8,265.5,266.89,https://www.sge.com.cn/sjzx/mrhqsj/511110,d785c6e9c359a191cccf53b01c80f6473a13373a5ebc1ab2b39ca4072972202c
2014-07-14,266.9,267.75,262.75,263.26,https://www.sge.com.cn/sjzx/mrhqsj/511111,61b22936b63e85b9b958627b7a7d908c0455ba4bf65a4dcbd3e737a8d335cac7
2014-07-15,263.0,263.0,260.5,261.73,https://www.sge.com.cn/sjzx/mrhqsj/511112,9d01df2157a255d736e1c89ca81e6fd83e652875b91dd2a06435851df6a6f243
2014-07-16,260.8,262.38,258.11,259.19,https://www.sge.com.cn/sjzx/mrhqsj/511113,7f65443c909b7fa8559cbf20720c25d0024eda36a0f18f95f635dd1d3f8967f4
2014-07-17,259.95,261.3,259.2,260.45,https://www.sge.com.cn/sjzx/mrhqsj/511114,32524b71b550bb3c92b97ef6eb80a5c7a09e6678b9615a4c54c3be1bb5f120da
2014-07-18,260.99,263.74,260.1,261.69,https://www.sge.com.cn/sjzx/mrhqsj/511115,755edf49bcaf6391c665801378e60530f71464beb2530a5ce77d24b63769d299
2014-07-21,262.8,262.8,260.7,262.6,https://www.sge.com.cn/sjzx/mrhqsj/511116,9439f23243ee90402d24fce6cf40fe6742975969fad2db27f11530a6a87a1e08
2014-07-22,262.99,262.99,260.3,261.09,https://www.sge.com.cn/sjzx/mrhqsj/511117,e83426c7d4e2f516d1175b977c04780308e51d8a668b9034b8132f759ad987cf
2014-07-23,261.99,262.0,260.6,261.17,https://www.sge.com.cn/sjzx/mrhqsj/511118,947592f4467fd4435052d26b5235d1357586b8a4b1ecb240ef4948a2fed1ba73
2014-07-24,261.2,261.85,258.4,258.85,https://www.sge.com.cn/sjzx/mrhqsj/511119,e10fb378a7a2e206f817e7073d4ce7d6f306c75152acddd9caaf6472e57d6572
2014-07-25,259.25,259.3,257.35,257.85,https://www.sge.com.cn/sjzx/mrhqsj/511120,73598b47f321a30cf639bdc65934e9de873558b7d78d50af89fb63b3231b08b4
2014-07-28,257.85,260.15,257.85,259.75,https://www.sge.com.cn/sjzx/mrhqsj/511121,113b552e2a07bbbd7464f88174d198e046dfec653892725f2953e36a0545974f
2014-07-29,259.75,260.4,259.6,259.85,https://www.sge.com.cn/sjzx/mrhqsj/511122,16505c6dd738b8177a5723bdd95299a354730929e4382ca66d9b10c90b7725ad
2014-07-30,260.32,260.32,258.31,258.4,https://www.sge.com.cn/sjzx/mrhqsj/511123,d867af661ffbf7f168ac56f0410125a6c0eed14642355914aacebb1ff951975d
2014-07-31,258.4,258.4,257.0,257.79,https://www.sge.com.cn/sjzx/mrhqsj/511124,98ff12be88a4b02b18cd06a77f6556f6aee114efd1ab81270a09c1e4e6eee06f
2014-08-01,257.8,257.8,255.2,255.65,https://www.sge.com.cn/sjzx/mrhqsj/511125,9a8ec3cb6104c8e9d02abb8f0cd2e96c43d1c50adaa151c7b0f4d32282df273b
2014-08-04,256.95,258.0,256.95,257.63,https://www.sge.com.cn/sjzx/mrhqsj/511126,389417296e12e49d5be88f5b2633b7332827c891665060ea787f1f9edec5b7af
2014-08-05,257.8,257.8,256.1,256.81,https://www.sge.com.cn/sjzx/mrhqsj/511127,4a421fd05ebabaa8ced5c9452a37b18eb9c1199fa5494cc8f3178ed56d616e25
2014-08-06,256.99,257.0,255.5,256.45,https://www.sge.com.cn/sjzx/mrhqsj/511128,c79c4a494c12b4c80c35b7f1cebc0c345793e78b9c6b07969979b704970bacfa
2014-08-07,256.8,265.5,256.8,258.71,https://www.sge.com.cn/sjzx/mrhqsj/511129,a364d6dacd58c5647cdd2089dcffe11f618b536685ba0a778c0f098846558315
2014-08-08,258.7,261.77,258.52,261.1,https://www.sge.com.cn/sjzx/mrhqsj/511130,755e62a0682f3c0c9704992901f7d3cffbe55afd065246ed1529a84a4fa713fe
2014-08-11,260.9,260.9,258.75,259.37,https://www.sge.com.cn/sjzx/mrhqsj/511131,efdcec81ad1ead422765318de15682f199b8847084208ae5918cab6ae089e1ea
2014-08-12,259.2,260.0,258.6,260.0,https://www.sge.com.cn/sjzx/mrhqsj/511132,adc72e3bf37b9aa410e9b6747eefe889fcaac0dd300fe2c7bf4a5e0aace48ab9
2014-08-13,260.0,261.0,259.35,259.61,https://www.sge.com.cn/sjzx/mrhqsj/511133,98c4dd6954fe2206a3b4250bd986e4e2c7c58b536a1811f1d5c471fd18b17268
2014-08-14,259.61,260.5,259.61,260.39,https://www.sge.com.cn/sjzx/mrhqsj/511134,a0cf8fb2cc6df6752951cc437f72e6c28c183ba95742277b992bd38614f67a52
2014-08-15,260.75,260.75,259.7,260.14,https://www.sge.com.cn/sjzx/mrhqsj/511135,f5f62f0cba2d70efbc2192e0f5c6d7bce8ea230f440e8155a7221ba5ef615ba2
2014-08-18,258.41,259.0,257.0,257.5,https://www.sge.com.cn/sjzx/mrhqsj/511136,04ac4b3c67e60ffbcc504940e796a8003dfac3f3b843cd1c5ef066f5f04b4c5b
2014-08-19,257.5,257.75,257.0,257.0,https://www.sge.com.cn/sjzx/mrhqsj/511137,7b551de40e5e07d6b4a7bea99fab92ba720f76bac7b433d9427b70ecbeedfda5
2014-08-20,257.2,257.2,256.4,256.4,https://www.sge.com.cn/sjzx/mrhqsj/511138,4c1d13babfc94445c549f67a7c2f0a0c5508df664a1f793ef5104c85ddebd3d9
2014-08-21,257.5,257.5,253.39,253.85,https://www.sge.com.cn/sjzx/mrhqsj/511139,e8e3a1d123bc9bd8d27eec53dcaf2c0c21f3555c85f1f0d68b86a9d78d18a008
2014-08-22,253.99,254.2,253.0,253.91,https://www.sge.com.cn/sjzx/mrhqsj/511140,7c15fd3dbf8dc1955611759f6b903b16d3388e069e6e923242c6bc21cfe762aa
2014-08-25,254.0,254.78,253.3,253.3,https://www.sge.com.cn/sjzx/mrhqsj/511141,e7eaa18b31a39fc51b309d7df43eb66edcdad4f27e40ef5f17bedb9e7ecde99f
2014-08-26,253.79,255.9,253.4,255.77,https://www.sge.com.cn/sjzx/mrhqsj/511142,50ed1fe76f3cbedd5ebce561871db0b652a2f624037e3f21d6f030fdb6faee41
2014-08-27,256.0,256.0,254.4,254.95,https://www.sge.com.cn/sjzx/mrhqsj/511143,2d4fdafc56f3ec8efcf773f2673ff20f41ce4986b171da790e0aafa0c79aaaca
2014-08-28,256.0,256.0,254.1,255.15,https://www.sge.com.cn/sjzx/mrhqsj/511144,b39f4cb52e003466f75e6511603425ea5f818c17dcc0c23615161ea57525f633
2014-08-29,256.0,256.0,254.9,255.04,https://www.sge.com.cn/sjzx/mrhqsj/511145,b4f59f0c6e94a67b764eceaa4638dd2a20545e75d23f0166aff7d45670e6f309
2014-09-01,255.49,255.49,254.41,255.14,https://www.sge.com.cn/sjzx/mrhqsj/511146,f978e8e80a71f81c6947fe6c71e981bb1dc64fab34978187944567962524a7e4
2014-09-02,255.7,255.7,252.2,252.84,https://www.sge.com.cn/sjzx/mrhqsj/511147,15f9b5ce04f42c81dea22f6c045f9913350b9eeea1e772c20772d1ad15919b3f
2014-09-03,251.99,252.0,250.7,251.25,https://www.sge.com.cn/sjzx/mrhqsj/511148,7c284e98c4ae756ce03324c3a8d9074d0e0343cb185d947eb41e1aa43359e9f6
2014-09-04,252.6,252.6,250.8,250.91,https://www.sge.com.cn/sjzx/mrhqsj/511149,738375ac3d3d49d0abd5ff715f73e8486b5d03e5aa924eead7ac66216d57bed8
2014-09-05,251.44,252.0,249.6,250.25,https://www.sge.com.cn/sjzx/mrhqsj/511150,ede7ae191f3c77ef8eb3a080aa640cf6c4b3887fcddcf3ec87ef4a2dca27ceca
2014-09-09,250.25,250.25,248.18,248.18,https://www.sge.com.cn/sjzx/mrhqsj/519645,58ea52a5a90f7088ec0f41bf227afbe674568cb86c86d7ba21e3e2df5326d7fc
2014-09-10,248.45,248.6,246.01,248.46,https://www.sge.com.cn/sjzx/mrhqsj/519646,3e39130dd332e4b46883564b43781c9ff7ecca8fec019c95d8bc819d116e4a64
2014-09-11,247.95,247.95,246.5,247.19,https://www.sge.com.cn/sjzx/mrhqsj/519647,99ca27bac5b9e7c131bede65ae3e24bf3b71a378e165515fa594728e147e5e8f
2014-09-12,247.19,247.19,243.8,245.21,https://www.sge.com.cn/sjzx/mrhqsj/519648,87aa76003c9651c31f6302d35e4ec46f9f58b0474e772f372a2bec0a245ada21
2014-09-15,245.0,245.45,243.3,244.8,https://www.sge.com.cn/sjzx/mrhqsj/519649,e4a7b1cb5ef2afd3b582cb13c7feae66f422b60fb98153a9bde9089ae915624d
2014-09-16,245.8,245.8,244.4,245.4,https://www.sge.com.cn/sjzx/mrhqsj/519650,7c5eaa74160d3e141dd8f512a2c86cc9a41ff93e0a64c5e840a225ddef5a75b0
2014-09-17,245.99,246.0,244.7,245.32,https://www.sge.com.cn/sjzx/mrhqsj/519651,ce7b4690ed8640823dc4ef9341d7b424f71ac9dc7e8b65a3aa1b3ac62a95f50b
2014-09-18,245.0,245.44,242.33,242.33,https://www.sge.com.cn/sjzx/mrhqsj/520007,cc2a56fb89a55fe1b68f6469bd8916826a87e35284934e03de050bf7e8e6fdc2
2014-09-19,242.0,243.49,241.5,242.01,https://www.sge.com.cn/sjzx/mrhqsj/520167,8ee156927ecf5d90e1329d329097e4d7f023efde9353ece90eb7553be1c83c31
2014-09-23,241.48,241.48,239.8,240.9,https://www.sge.com.cn/sjzx/mrhqsj/520923,69f8872b799fdae9190311b849e5bc917087f7370f114ad81c40da8c91e342f9
2014-09-24,245.48,245.48,241.51,242.5,https://www.sge.com.cn/sjzx/mrhqsj/521060,6b25c81e78ccdde917249b4f9bccc9c5bdaa735f55cc6f9fb988211af229cc71
2014-09-25,242.5,242.5,239.25,239.27,https://www.sge.com.cn/sjzx/mrhqsj/521135,1edc650a19b3e72120cc6bacff2ecc982ea0a6e48a3d6b5632b3d6592b0ee9f4
2014-09-26,239.53,244.0,239.39,242.76,https://www.sge.com.cn/sjzx/mrhqsj/521190,cfd07493f0449346147cafb1576a603f87bd076d7ea17a9ef25a6fbbbe78d7ed
2014-09-29,241.98,241.98,240.39,240.97,https://www.sge.com.cn/sjzx/mrhqsj/521239,f268bbf6877071f0321f1c53abd81c419d3eed0d2efab236df8961405f20305a
2014-09-30,242.0,242.0,241.08,241.24,https://www.sge.com.cn/sjzx/mrhqsj/521263,fc57866ed7d6cf88af5a44ffd4797cf3d100daa9e029a7d7f782986c179b034d
2014-10-08,241.0,241.4,240.0,241.26,https://www.sge.com.cn/sjzx/mrhqsj/521309,c09481460963f974bd255311bbdc55b1aa2d1bd3e942bc7fa83553bb38fe6ad9
2014-10-09,241.25,242.95,239.52,242.59,https://www.sge.com.cn/sjzx/mrhqsj/521326,9688fdd2f2cf50793e81bc8cefc44d3c7bc6b6463c8a325a6f15a1a5eb17ccea
2014-10-10,243.99,243.99,241.65,241.75,https://www.sge.com.cn/sjzx/mrhqsj/521377,015b8882caa9f085bda71709e4f3a04977d3b11142550558f74bd845b3b1a666
2014-10-13,242.45,244.29,241.6,243.64,https://www.sge.com.cn/sjzx/mrhqsj/521408,03df645fe31db15c4078243225bdbefd541ea0b68d3cb4ef2c37910ea0939de8
2014-10-14,242.99,244.1,242.5,243.58,https://www.sge.com.cn/sjzx/mrhqsj/521434,64aeade9a388baa578b10ea4881523b34b06315ef978c0acddf2dd68e0c4aebc
2014-10-15,243.99,244.3,242.0,242.12,https://www.sge.com.cn/sjzx/mrhqsj/521464,6527237ad55b64ca2a879baf800ff67ddad3742e15e5a74429930ba9ed30ca58
2014-10-16,244.0,245.4,242.7,244.41,https://www.sge.com.cn/sjzx/mrhqsj/521503,26218d8e7df71bbf34b326a04ec421d7adec8cb6efd89207f4f98cdd2be0a3b8
2014-10-17,245.66,245.66,244.0,244.89,https://www.sge.com.cn/sjzx/mrhqsj/521521,064800331677dd4fc0ba519ea223cbf10cecbd7251faf88e91e3745c1a960b4f
2014-10-20,244.98,245.2,243.0,244.79,https://www.sge.com.cn/sjzx/mrhqsj/521538,23c59e17b31b2be207d7e168ab3863fd688162ee904e4ef10de6e9d97a07cc1b
2014-10-21,246.69,247.0,244.81,246.99,https://www.sge.com.cn/sjzx/mrhqsj/521555,3420f6a89a8064bee2664f9942fc2a38532df757d4709f4241b27850285a1a7f
2014-10-23,245.99,245.99,244.7,244.85,https://www.sge.com.cn/sjzx/mrhqsj/521613,6be957db337d9c54e7b29ddeef3ffdda844eaf7b9438a691285bb914d5f7b746
2014-10-24,244.8,244.8,242.01,242.42,https://www.sge.com.cn/sjzx/mrhqsj/521637,a3f5c19fcb82407a4d0c20f48cc41de1c5d9f14519cbf2b8635ae2a1b484e24c
2014-10-27,242.9,243.49,242.1,242.22,https://www.sge.com.cn/sjzx/mrhqsj/522289,33811283592ed9a29afb6b4bf8efe3c142cd3a333791bd3c8d0065d2082b06a6
2014-10-28,242.49,242.49,241.51,241.82,https://www.sge.com.cn/sjzx/mrhqsj/522306,ee64fdba9e136393a3cfd2d6f21ca959c1798470101e2395ad0fe3d11c790122
2014-10-29,242.45,242.99,241.8,241.83,https://www.sge.com.cn/sjzx/mrhqsj/522322,20ea763497af9e471d9f270f63bd233aa559a2c58acc222be963d515284a9f88
2014-10-30,242.25,242.25,237.1,237.41,https://www.sge.com.cn/sjzx/mrhqsj/522340,bf68a29ed1ecc3da5fcd7d3c4549ccb8bb261a33c124e165c4bfa67f729c75bf
2014-10-31,239.38,239.38,230.05,230.44,https://www.sge.com.cn/sjzx/mrhqsj/522365,58adb4ddf0d25861d1d92d3ed99060be1e89337e77e14495746bbe7ca3081bfb
2014-11-03,231.49,231.49,227.5,230.93,https://www.sge.com.cn/sjzx/mrhqsj/522386,710259e6f6e59e544667ed10d2ecac5f31232b8fa7e389711a1cf1bb72de1474
2014-11-04,231.49,231.49,229.46,229.5,https://www.sge.com.cn/sjzx/mrhqsj/522406,7414f9070e620486241b7d9734e41322a5f173d8ac7179b7bc661ffcef405555
2014-11-05,230.5,230.5,225.38,225.9,https://www.sge.com.cn/sjzx/mrhqsj/522459,0509e9cf332f4cf1ecf2405adae133a931a14288c8a8e8f900f3891d75b6ae7b
2014-11-06,223.49,230.0,223.25,225.38,https://www.sge.com.cn/sjzx/mrhqsj/522474,4ff32cfce6c101ead32b7db26eada9000c42c060ee2d8b1deb8556707350c4f8
2014-11-07,225.38,225.61,223.0,225.3,https://www.sge.com.cn/sjzx/mrhqsj/522497,06e94511454fc3b37694a2309871c30ba467e507125711e60c7cca1ffc2b093a
2014-11-10,225.99,232.5,225.0,230.71,https://www.sge.com.cn/sjzx/mrhqsj/522521,f59c6f772a15aa02595f9026849fe024c47e5985a7ec9a860ef1b2257f079491
2014-11-11,230.09,230.39,226.6,227.79,https://www.sge.com.cn/sjzx/mrhqsj/522541,5aad1cebcc438fac19718ba273b8fcc292f5b5533aae236970f2577861c6fbb1
2014-11-12,229.5,230.63,227.5,230.39,https://www.sge.com.cn/sjzx/mrhqsj/522556,173d8c61523ba88dd5d288d85948b322fe85d9a1d11c5c7d2ff0279a0bd37b1c
2014-11-13,230.1,230.45,228.4,228.89,https://www.sge.com.cn/sjzx/mrhqsj/522587,552931ae34b40a8fb0d5ba20acc473cb6093fd26fab13e6ff699339eb38e74a4
2014-11-14,229.4,230.0,227.0,227.2,https://www.sge.com.cn/sjzx/mrhqsj/522615,34e1c6e3f8f5de3163bf025123be8adf88a6dc23db900cb607c70e940e3560e8
2014-11-17,228.3,236.0,226.5,234.57,https://www.sge.com.cn/sjzx/mrhqsj/522660,46cd73373b7af9c0c9f9366cfcdbe727fde142e1195c1a777b0dceff1de89b4f
2014-11-18,234.89,235.0,233.55,234.4,https://www.sge.com.cn/sjzx/mrhqsj/522692,3293229a6456d11c3e9667dc16e9f2db024e86124cf594c35216b15c252dc3f2
2014-11-19,236.1,237.0,234.8,235.2,https://www.sge.com.cn/sjzx/mrhqsj/522711,3900a4d46447d2077c2c9246504cd6abea68f16af4ef398bf94f0d79c31f03b5
2014-11-20,236.49,236.49,232.0,233.8,https://www.sge.com.cn/sjzx/mrhqsj/522727,3a74f11f91daa0817189dea7f55093a5d240167ae6a3cd91d82fec8478bf806e
2014-11-21,234.99,235.99,233.8,235.41,https://www.sge.com.cn/sjzx/mrhqsj/522748,2aa6b28f897262f285de1e67eda222832cd6b65d5811cf42115414c87a53f907
2014-11-24,234.0,238.0,234.0,237.15,https://www.sge.com.cn/sjzx/mrhqsj/522787,fed349df2a63bc9c65d93f7d28c2f0bc0ac42b23ef53c41e60ea8b498272859e
2014-11-25,236.6,237.38,236.36,237.0,https://www.sge.com.cn/sjzx/mrhqsj/522810,75be1533fad8cbc565fe963ee4ae58a7f1c66789f0a4bf887b026b6e0cabb736
2014-11-26,237.98,237.98,235.8,237.39,https://www.sge.com.cn/sjzx/mrhqsj/522831,ecb030bc90568a46f7fe71428ddb3ffa14a076f92d0e92b5244b6956202fd6ca
2014-11-27,237.5,237.5,235.7,236.42,https://www.sge.com.cn/sjzx/mrhqsj/522847,d41048c5ffdac3678706701591aed8294f62336ce7a943d67e0f25017f68e517
2014-11-28,237.2,237.2,233.5,235.5,https://www.sge.com.cn/sjzx/mrhqsj/522871,4a7eb3815b9d933c210476aaf10e28b5f325e84de0d02ea15448f1d0e6768fb2
2014-12-01,235.0,235.0,226.61,228.84,https://www.sge.com.cn/sjzx/mrhqsj/522888,9e836770710610dc49d402e1e623cd9080c348c680071af47a7e98903500336d
2014-12-02,231.58,240.05,230.02,238.86,https://www.sge.com.cn/sjzx/mrhqsj/522903,87fd2baa89db68ef2442bb0d29daff330d744cf236da5df0938a62475c076e7f
2014-12-03,238.98,238.98,236.6,237.65,https://www.sge.com.cn/sjzx/mrhqsj/522918,1a228bf555cf138418d4023b735d028ece0d0a0a87e7b0bee80fc0265f97386c
2014-12-04,238.98,239.68,237.76,238.0,https://www.sge.com.cn/sjzx/mrhqsj/522937,069bcea35f9e4b113de808ae9db5356d9961d612d2b424697960026f0c44ecb0
2014-12-05,238.5,240.1,237.1,239.0,https://www.sge.com.cn/sjzx/mrhqsj/522966,b0abef614875a1a4d91710558a46db12a92ff877ac3b64b04ce9f82bcd9c5343
2014-12-08,239.0,239.5,236.4,236.99,https://www.sge.com.cn/sjzx/mrhqsj/522995,3a7da02eded442a74afa590c21b181298cfb6a4fa573dfe95797069aa6aad0cb
2014-12-09,237.4,240.55,236.7,240.38,https://www.sge.com.cn/sjzx/mrhqsj/523021,78fac393419c4c5275e8e4b06afc84a954cd3c208e04fef219b3383abd26b18a
2014-12-10,239.38,246.25,239.05,246.15,https://www.sge.com.cn/sjzx/mrhqsj/523039,f24a23594a03c53721bc5d40cd44d4ee4e56020e437d412389644e265b0f3534
2014-12-11,245.5,245.78,243.0,243.17,https://www.sge.com.cn/sjzx/mrhqsj/523062,4247d1ec5f655e0012afc2092c1d033c00cd5eb401d473b3dd0f85f5efbd2247
2014-12-12,243.79,244.5,242.42,242.9,https://www.sge.com.cn/sjzx/mrhqsj/523101,999603166ebc0ef76766a8660594fa5716fd41f0ee5be155e2b4afeac04154c9
2014-12-15,243.01,244.2,241.99,243.1,https://www.sge.com.cn/sjzx/mrhqsj/523118,626268778d80b4fdd0be8dcc3c28149f0a8db4436ba4c1aedba8c3796309a56d
2014-12-16,242.5,242.99,238.35,239.09,https://www.sge.com.cn/sjzx/mrhqsj/523134,e488ce8fdfbe620eaa03351a90203a7358c67564fcace13f8c500a6e1e40f859
2014-12-17,241.49,243.0,237.35,239.3,https://www.sge.com.cn/sjzx/mrhqsj/523154,6c69abd03b4db037ef9b24db73be0e978b9b40ad74be84c6fdfee3c6542ff46a
2014-12-18,240.49,240.7,238.0,240.35,https://www.sge.com.cn/sjzx/mrhqsj/523193,91928345785dff6930e925605a4437c3a0306e723aed09a899fff4cda3f336da
2014-12-19,241.0,241.68,239.5,240.93,https://www.sge.com.cn/sjzx/mrhqsj/523216,f28bef3d7a1f01058027dd4818d3027ddae8fb701d06ce5b8557e42094218677
2014-12-22,239.6,240.49,239.5,240.25,https://www.sge.com.cn/sjzx/mrhqsj/523263,7b2f209ac5b2442f1ffc00c602a27fe9ea7fd7ed6d348528e4214c02c1b29319
2014-12-23,240.99,240.99,236.3,236.95,https://www.sge.com.cn/sjzx/mrhqsj/523284,26e59d2d4a0b93d10b26dc6b62d94b12956f0dc959d7b4fa3a57e7faffd3c20a
2014-12-24,236.5,236.99,236.0,236.57,https://www.sge.com.cn/sjzx/mrhqsj/523304,a49076979ca39558b94e9cc9f4b6e0f749bb5ebaa864779e0732a60ddd9de3a2
2014-12-25,236.8,236.8,235.95,236.69,https://www.sge.com.cn/sjzx/mrhqsj/523335,0cb961eca774fc8220250cc587c92da1eed54dfcfc74971c829de66daf591c4c
2014-12-26,236.69,238.4,236.36,238.2,https://www.sge.com.cn/sjzx/mrhqsj/523362,92a401068929c2fab01fe31508c12f385a6846738dc8ce51fc28b976b1b5e838
2014-12-29,240.49,240.49,238.22,239.96,https://www.sge.com.cn/sjzx/mrhqsj/523400,1a6b0158e9ae1dfa17cbd9dcc867e95a9a5b4af0c5b67510642edb38e824bc3c
2014-12-30,239.85,239.85,237.4,237.42,https://www.sge.com.cn/sjzx/mrhqsj/523438,851a6f135d5f7d7a8deb462f274a64559201ffb2c296709283e3f668bf5cf04f
2014-12-31,237.42,241.1,237.0,240.59,https://www.sge.com.cn/sjzx/mrhqsj/523464,7fb1e4862f09bc8e12015fea3482ccc2d4c339d7c89c1785ca851505e0b5c4be
2015-01-05,240.6,240.68,238.8,240.6,https://www.sge.com.cn/sjzx/mrhqsj/523487,e0da087f94a21c0dabad4380d0ad1e48119dfdd926120deec75055f11483d950
2015-01-06,240.99,242.6,239.0,242.5,https://www.sge.com.cn/sjzx/mrhqsj/523509,ad3139e27db8ec085d2a17815c8fc24684acf9c44524bb91f4d868ec07eb04d9
2015-01-07,242.5,244.5,241.8,243.14,https://www.sge.com.cn/sjzx/mrhqsj/523569,80ab68283da46813998f79b0c70567a953ca2e535be65c21bf037ec2a3d5520e
2015-01-08,243.4,243.6,242.3,242.75,https://www.sge.com.cn/sjzx/mrhqsj/523586,ab975e39e940cb0948a379638aa2b7a434389681e58d399827b89bac0a7465f2
2015-01-09,242.75,243.63,241.9,242.92,https://www.sge.com.cn/sjzx/mrhqsj/523614,83728755909cc1149eb930349c8455c1addb27550753cc935e44ea0bb59fb6a4
2015-01-12,243.59,246.09,242.7,245.8,https://www.sge.com.cn/sjzx/mrhqsj/523641,106efcfc13271e89fd3b99a50181a3b9e63f1dcc47cb327f85c7b02ad534e92b
2015-01-13,245.5,247.65,244.2,247.38,https://www.sge.com.cn/sjzx/mrhqsj/523674,e77fef8ae41c98b9641e46c2f55142e5b1ca341ac06bd384ac3e01c0643f587f
2015-01-14,248.0,248.1,244.9,247.7,https://www.sge.com.cn/sjzx/mrhqsj/523694,903d36fb84d6e6b97cd9294d71abe3e72bea49787bb11e425c94ee047e1bc5cd
2015-01-15,247.5,248.0,244.95,245.01,https://www.sge.com.cn/sjzx/mrhqsj/523723,4dc768d771d3e9dec9b6aa9155c7f7d03a0c313bc1ef43eed57c902130b0f5a2
2015-01-16,249.63,252.0,248.1,252.0,https://www.sge.com.cn/sjzx/mrhqsj/523735,f44f9e281fb6e9e311ce9c593396fab7aa29c693b3e3417cbb55cbe1ec1be4a3
2015-01-19,253.0,256.1,252.0,255.8,https://www.sge.com.cn/sjzx/mrhqsj/523757,cca40788a82f061928884f9540b374773a6baf2e47a82f86e863487bf0702bf6
2015-01-20,256.75,256.75,255.0,255.99,https://www.sge.com.cn/sjzx/mrhqsj/523778,13cccca43cbf1ed83a2f1ed06afc09a2ed46e1fc2784360f05e851e053605e77
2015-01-21,257.9,261.3,257.21,260.29,https://www.sge.com.cn/sjzx/mrhqsj/523794,2baee3fd0898bf09f71a1fc7f009aa7442d5bf322783d58026908475e8194ae8
2015-01-22,260.97,261.19,256.5,257.28,https://www.sge.com.cn/sjzx/mrhqsj/523810,44fcdae08c1bfbbf3be60e93cd9ab587fabaa9dcaeaea9198120189b8533632f
2015-01-23,258.0,260.8,256.0,259.8,https://www.sge.com.cn/sjzx/mrhqsj/523869,b2cc240473045cb58293fb08471033148f10ff96e7e77fcae65a3fd458747a8a
2015-01-26,260.49,260.87,258.1,260.8,https://www.sge.com.cn/sjzx/mrhqsj/523901,7a3be0e9796c4a5a33c9c85c6377e15af53cd3e185bf79c426a2f95d2fb8a037
2015-01-27,260.0,260.0,256.9,258.39,https://www.sge.com.cn/sjzx/mrhqsj/523920,19aa58e3293790837b90b667adc09b4d53050cd31abe38d18b8a131572b075af
2015-01-28,258.99,260.0,257.76,259.16,https://www.sge.com.cn/sjzx/mrhqsj/523957,bb6b78ebc36efac68ae852568d2726f981ca3eff4dcb7e558594790060c640f9
2015-01-29,260.78,260.78,257.3,257.5,https://www.sge.com.cn/sjzx/mrhqsj/524010,1953dce8646e1bae3b89cae52bf3dd9279462d6a635e284dfe4d53faec899013
2015-01-30,257.0,257.0,250.18,253.19,https://www.sge.com.cn/sjzx/mrhqsj/524043,6392dbc19729ca233fa21054c7b2b9f7f8842d8098f5503efc48c03c5847c943
2015-02-02,254.5,258.2,253.2,257.94,https://www.sge.com.cn/sjzx/mrhqsj/524091,685df924bcf2cbaf49c1297070b7fb5555231f0702a9aa649fc9517e749f0853
2015-02-03,258.98,265.0,255.7,258.26,https://www.sge.com.cn/sjzx/mrhqsj/524112,6b41877b42c98acee5abe9a7e0496349e14c9d837cff400b73e2d7b39e610266
2015-02-04,259.49,259.49,253.4,254.7,https://www.sge.com.cn/sjzx/mrhqsj/524131,49d98d2fae205b1abec962cdae6f39613c73c9ed647d05affc5a9bdd9b8aeb3c
2015-02-05,255.95,256.7,254.0,255.26,https://www.sge.com.cn/sjzx/mrhqsj/524170,4dbe9f26dee0762acf21924af12efa43944cb59004a730e14a353e44f918c195
2015-02-06,254.36,255.9,253.8,254.93,https://www.sge.com.cn/sjzx/mrhqsj/524207,6ecb6e209b7b62a921f5e5fc8be2c39b2899768bd74977c81767af97b9bfa69f
2015-02-09,255.49,255.49,249.0,249.74,https://www.sge.com.cn/sjzx/mrhqsj/524234,7e0673a6e546f7d8ea33c47bfdddda5c67a9170901125e60acb2df3169b217fc
2015-02-10,249.99,250.61,249.2,250.28,https://www.sge.com.cn/sjzx/mrhqsj/524254,0eec1f999a871fb66bea37fb3799c1f3f4391913c564ff6c0135c504d73cc2f7
2015-02-11,249.45,249.5,248.2,248.88,https://www.sge.com.cn/sjzx/mrhqsj/524275,c1c8c1b15e13f046de8365fd29a79abefb8495d970b5ed33dbe203ba42f8e632
2015-02-12,249.0,249.0,245.7,245.9,https://www.sge.com.cn/sjzx/mrhqsj/524293,e80b376de69f63cf5745c6a5ad0e3ac6a29437d8eb3288d550424ad2f7d1481e
2015-02-13,246.85,247.76,245.8,247.6,https://www.sge.com.cn/sjzx/mrhqsj/524312,899f9c7647cca7fd97bb6d57dd7acd167af3769142e0f8b6058e2d414a1f9d55
2015-02-16,246.45,248.6,246.45,248.6,https://www.sge.com.cn/sjzx/mrhqsj/524322,59f97541b21577b5c0003a6afa5eeb3a4453c8a36262f0a52baa4f69fbe7ac01
2015-02-17,249.4,249.4,246.9,247.23,https://www.sge.com.cn/sjzx/mrhqsj/524349,903241110e913d9c47865609569e2746f8b03db518f75fb114acd4a0506f488e
2015-02-25,247.2,247.2,244.0,244.52,https://www.sge.com.cn/sjzx/mrhqsj/524373,6ea1d55cc8ace0a62d78f2b6710f2d855cb970e88f6efca5b584a0f294265555
2015-02-26,244.8,244.8,243.4,244.59,https://www.sge.com.cn/sjzx/mrhqsj/524389,9b520d896c0e045831c80188761f9ed991b116d4f1b7b242ac8773ecc619cc0e
2015-02-27,245.8,246.47,244.0,244.83,https://www.sge.com.cn/sjzx/mrhqsj/524412,88fbb27e4f89aaf1c6f404731f512f6fecbcd3b6f9d3448fdfe09287f9d4210f
2015-03-02,243.91,247.49,243.91,247.39,https://www.sge.com.cn/sjzx/mrhqsj/524428,7c56cfebe69c0ae82e6ab0b27de1d42528a094cb4ea1858e45a93b06919751c7
2015-03-03,246.25,247.0,242.3,245.0,https://www.sge.com.cn/sjzx/mrhqsj/524451,249cd78f030e4b14025420546ecdfed52437c95801ab62566f572097f7678461
2015-03-04,245.97,245.97,243.15,244.18,https://www.sge.com.cn/sjzx/mrhqsj/524475,653ef7040ce9157eab278db87de65db582db6b923d7008089103010a38880ae8
2015-03-05,244.85,244.85,242.8,243.0,https://www.sge.com.cn/sjzx/mrhqsj/524500,b9b9e2bf1ab98a78379fb42041db7a79514a72ffdaf74bd924e31405b894af67
2015-03-06,243.99,244.0,242.0,242.31,https://www.sge.com.cn/sjzx/mrhqsj/524520,6f231b4648ed5835e9c9eb3717bacaefba5d428346b1cd4aa255014049ef523c
2015-03-09,243.0,243.0,236.5,237.4,https://www.sge.com.cn/sjzx/mrhqsj/524554,aba3a04ae8c319af18f6bf70b4a53e975724e984b7f4bb66b492b69a67139fab
2015-03-10,237.85,237.85,234.65,235.45,https://www.sge.com.cn/sjzx/mrhqsj/524571,ea6337bb2e8239b5ad95fb25bb63091bb1785985c1415e9cb42913ee2f504b1f
2015-03-11,235.6,236.48,234.73,235.3,https://www.sge.com.cn/sjzx/mrhqsj/524602,87e320aaf24ad3ea2985923559e8bd85f0657272375a1de202921d790bba1f42
2015-03-12,234.5,235.9,232.41,235.79,https://www.sge.com.cn/sjzx/mrhqsj/524625,fbe55302e0dc266ac642d5ce878fbf9e17ab3847825c39bf221ef106990d3fc0
2015-03-13,234.99,234.99,233.2,234.64,https://www.sge.com.cn/sjzx/mrhqsj/524655,1e7fb935293c20db328247fe924bd69ae0c1a0070e35019823fbed88cbd7c83d
2015-03-16,234.4,235.3,233.2,234.85,https://www.sge.com.cn/sjzx/mrhqsj/524670,c532359186d6b3b51bfc1183dd0cfc4a655202dccec05793e6171acf4d554db2
2015-03-17,234.6,234.71,233.0,233.0,https://www.sge.com.cn/sjzx/mrhqsj/524686,032abbfdc4d5b48eab1a3726c60ac0d51066d05b8542d8609109c77d5047928b
2015-03-18,233.0,234.0,230.4,231.0,https://www.sge.com.cn/sjzx/mrhqsj/524705,53d37f4e27d07eb3d4e4efde2e8ba7c74c0e84b1f65bf6397ac424adfdb81070
2015-03-19,231.5,236.9,230.9,234.49,https://www.sge.com.cn/sjzx/mrhqsj/524726,80b9cca898b39218cb6a669eb699c428c0229bd7c0bf48f50468987002bd8ed4
2015-03-20,233.9,235.0,232.6,234.5,https://www.sge.com.cn/sjzx/mrhqsj/524740,e39c58a96ad0e728a9b5d034e8ccb07ce42b0a041cbfc0e5b148dd2dea94489b
2015-03-23,235.0,237.1,234.4,236.68,https://www.sge.com.cn/sjzx/mrhqsj/524753,382af961e5734d0bc029339ed6456d8638265ff2da396836cf1191525d0f6a6b
2015-03-24,237.0,238.2,236.8,237.73,https://www.sge.com.cn/sjzx/mrhqsj/524765,aa766d0e863edf467a9c1fd08f48e34357cc1406bd4bd81957d56a3ff86de71c
2015-03-25,238.95,239.0,237.7,238.19,https://www.sge.com.cn/sjzx/mrhqsj/524783,a2b6112dd42cc2d0eaf79518ec3635f1f3f36c34e4e7e9833eefa7d820f614a8
2015-03-26,238.3,241.1,238.3,241.04,https://www.sge.com.cn/sjzx/mrhqsj/524822,fc9fef5e4c8ffe96c1a000e92641f13a97b32a10d2ef31ea88d3bc108f97478f
2015-03-27,241.04,243.0,240.5,240.5,https://www.sge.com.cn/sjzx/mrhqsj/524835,f6741401ed3ee2e2dd7c6d9e0145e248560b6bd7898e7dece7be4c931e4aae6a
2015-03-30,241.49,241.49,237.7,238.74,https://www.sge.com.cn/sjzx/mrhqsj/524853,16fac6316b7bf43d8c762c74030a51190ff55ebc0d43a28dcad693de1baf2c67
2015-03-31,237.8,237.98,235.55,235.55,https://www.sge.com.cn/sjzx/mrhqsj/524865,571b3c00c1c49abc6ff72db8bb7c20236169528a70251f9829ed776fc0acfee9
2015-04-01,237.5,237.5,236.3,236.69,https://www.sge.com.cn/sjzx/mrhqsj/524876,014a916deeef7b5ab958795e51eca807f8aef3e5d0d77d07833866cd6fdeeaa6
2015-04-02,236.5,240.97,236.5,240.3,https://www.sge.com.cn/sjzx/mrhqsj/524886,560d4ea9a883d9e9f180f462be2193ca207025b3c0eb0053d63bd913d51b8b93
2015-04-03,241.0,241.0,238.2,239.4,https://www.sge.com.cn/sjzx/mrhqsj/524905,2a7e6427a69bb850e7d80f6fa1b5d5dcb84c01a255369191c3fc446b40513828
2015-04-07,241.0,241.97,241.0,241.41,https://www.sge.com.cn/sjzx/mrhqsj/524918,98d2ba268e813d3eadb49a55f0bf49df09848a447595678abd2f9cbf870bd8ec
2015-04-08,241.0,241.95,240.6,241.9,https://www.sge.com.cn/sjzx/mrhqsj/524934,ea67b49e172b571d75a47aa4f34b947be6ba82fca8673338bbc817a695794837
2015-04-09,241.45,241.45,238.0,238.5,https://www.sge.com.cn/sjzx/mrhqsj/524950,abde2a69680002ca9b907e0a96fae8f4d53faf67122566b67acfdc4c0a59fef7
2015-04-10,239.99,239.99,238.3,238.89,https://www.sge.com.cn/sjzx/mrhqsj/524966,7f5ddd358a023bd3e7bd6cf14b259e7a48c69dfe16f2a2c9e82b8c79df3b79c0
2015-04-13,240.01,242.36,239.5,241.34,https://www.sge.com.cn/sjzx/mrhqsj/524997,35761bc500f5c7c403fdb191b818b6baefbeaff4242f4dc9e3885274e264a0f1
2015-04-14,239.89,241.5,238.5,239.09,https://www.sge.com.cn/sjzx/mrhqsj/525017,a6ff277605474cd1d7b42150ac58b017312f0e7f354e5c82024d0ec4b9cf030c
2015-04-15,239.0,239.89,237.5,238.33,https://www.sge.com.cn/sjzx/mrhqsj/525063,639f0056efdc9f24b4a4ea492c63ac6d1ad9c8a178db833649d8bebd201e9bb4
2015-04-16,239.48,240.98,238.05,240.3,https://www.sge.com.cn/sjzx/mrhqsj/525079,6c92737e6d7bc61d4647eb50e1d94a61931f3e7b9013c2aa98b35ba71ab519c5
2015-04-17,240.39,241.0,239.03,240.0,https://www.sge.com.cn/sjzx/mrhqsj/525122,e2d90b185ea872ec4980f99f928b7672ae7959fb1d5b981dd6152b22498f359d
2015-04-20,240.3,241.99,239.88,241.79,https://www.sge.com.cn/sjzx/mrhqsj/525143,da9337178f6dd1e93222b3d1b0e19aa86f0d4b7bcb7d050a7198d6b61d945433
2015-04-21,241.79,241.79,238.42,238.57,https://www.sge.com.cn/sjzx/mrhqsj/525165,58be292ef124f3a06ed4f22ae46e7309932ce5129b18211ce98cea2928b6960a
2015-04-22,240.2,240.5,239.0,240.0,https://www.sge.com.cn/sjzx/mrhqsj/525181,a30d6d70258cc47d0d00dabe512ab0cef000f8479e0637bafbb9bd07c9542a21
2015-04-23,239.99,239.99,236.66,236.99,https://www.sge.com.cn/sjzx/mrhqsj/525199,7b05156c9ce613bc4853ce8475baa1e77e518ce1823b702a993afee08e3b138d
2015-04-24,237.32,238.88,237.01,238.8,https://www.sge.com.cn/sjzx/mrhqsj/525226,55053d8433c76f85b9a4a7d9e57b04f0185817545e1ed2620348b2948bac50e4
2015-04-27,238.45,238.45,235.01,236.8,https://www.sge.com.cn/sjzx/mrhqsj/525244,257c13a7471bbb164cf260ec1a25da053310e4c9f85d04b357a21d47eb517f09
2015-04-28,236.8,240.65,236.8,240.5,https://www.sge.com.cn/sjzx/mrhqsj/525259,a2fdce0625cce76f0af259ce72f099e3cb2d8cea652f0a8cd8f9774472b5d4d6
2015-04-29,240.95,242.0,240.0,241.49,https://www.sge.com.cn/sjzx/mrhqsj/525281,8fcc2c7d5e20013d07615eb9ca6eb419731287d64935e9f27f7cd810550c324f
2015-04-30,241.48,242.3,239.88,239.93,https://www.sge.com.cn/sjzx/mrhqsj/525302,90c56cdb2c739d16fe5103bf438ee3dfed3eb1d478b0096a36822c08a8e69098
2015-05-04,238.0,238.0,236.01,236.97,https://www.sge.com.cn/sjzx/mrhqsj/525333,95f1ad6b779932a7669934be75e9744f35bf016d501ee3b21134bb63479de67b
2015-05-05,236.99,239.0,236.7,237.73,https://www.sge.com.cn/sjzx/mrhqsj/525351,83b3c163d9238aa8850a5025f15cf6f9e875f09e92442a7626dc52e81d776ad6
2015-05-06,238.49,239.2,238.02,238.78,https://www.sge.com.cn/sjzx/mrhqsj/525368,af48af627a131eb07c1e5b53d5e2270885657ea46e23e072707983f2cf37a5fc
2015-05-07,238.4,239.18,236.6,236.89,https://www.sge.com.cn/sjzx/mrhqsj/525385,154dd63a24f0acfbdb05bf20a6a1c81ac3a45ec3863363b69ff3d1831d1cf90e
2015-05-08,237.49,237.69,236.38,237.65,https://www.sge.com.cn/sjzx/mrhqsj/525413,958bc0f8110e88cbe86a0087a9443e3180096cea30c31f3ca026e90b9acc71d1
2015-05-11,237.59,238.88,236.71,237.17,https://www.sge.com.cn/sjzx/mrhqsj/525461,221e5305c1ca4bed31b063015cc184bfe6ff8603302681e4b5b0eae1708634c3
2015-05-12,237.89,238.2,236.46,236.9,https://www.sge.com.cn/sjzx/mrhqsj/525486,0e88680efe3eeb4f9e04e9da745861c29d73d53cb4fc09d9966b67663f453614
2015-05-13,238.58,239.05,237.6,238.98,https://www.sge.com.cn/sjzx/mrhqsj/525503,447acabc7b24eb0353e1499950a0ff863c15660090cf3da9752ad03f0df7a993
2015-05-14,239.0,242.9,238.8,242.83,https://www.sge.com.cn/sjzx/mrhqsj/525522,02bd6a10e1030d58b8329ad46ceb0d5f1441dee2d7bf56974ed688b900c32eda
2015-05-15,243.0,244.05,242.22,243.56,https://www.sge.com.cn/sjzx/mrhqsj/525542,b42f584e0d03ba939eecb925ea0958603c8ea8341d8cab5e703d89ea7595d766
2015-05-18,242.51,246.08,242.51,245.37,https://www.sge.com.cn/sjzx/mrhqsj/525570,81ac3f00691e2ac3f585aff7c53c9ecc04532c797d9b449fc9ac0c43d6b7917d
2015-05-19,245.6,245.6,243.5,243.55,https://www.sge.com.cn/sjzx/mrhqsj/525590,63fc2161b9ed9a3a4d0d045737f3afb3aaaff95ad9fcd4ebe63788a9cf0b5106
2015-05-20,243.21,243.99,240.6,241.17,https://www.sge.com.cn/sjzx/mrhqsj/525610,28eadc286c83b978fa9c65325f3e5823fa907c44fe3a9a4a8d2b02b578d99b02
2015-05-21,242.1,242.3,241.55,241.79,https://www.sge.com.cn/sjzx/mrhqsj/525624,f0f916251716aeb97357bc8ed70063d954749aa60c94b09b85fc05b721ad52f3
2015-05-22,241.6,241.85,240.5,241.74,https://www.sge.com.cn/sjzx/mrhqsj/525656,631eb3d961eb0488d767ad978272ae41f02bd96748209e1bf87c7ae8eeb399ae
2015-05-25,242.15,242.15,240.35,240.5,https://www.sge.com.cn/sjzx/mrhqsj/525688,845ee02ab4d4ed6a260e4729649585db3c06a9922aafeed9c8184a346b1884b7
2015-05-26,240.0,241.25,238.9,239.16,https://www.sge.com.cn/sjzx/mrhqsj/525711,7220927c855cabe6e817339da9dc22d94af272b24f029602ee3a732f77c007ca
2015-05-27,239.75,239.75,237.0,237.65,https://www.sge.com.cn/sjzx/mrhqsj/525736,ca20faf1bf4beac6f4dcc9fece3c308364169f49ccd85930811a03922a491608
2015-05-28,237.79,237.8,237.0,237.25,https://www.sge.com.cn/sjzx/mrhqsj/525753,c8961377599f089471fc92c31e68fed0b26abca843225bb82abb5fae62e9393a
2015-05-29,237.95,237.95,236.41,237.59,https://www.sge.com.cn/sjzx/mrhqsj/525778,4211daf7f9a4b51f6f1aadc746696fae271a087eae2d12ab3808ea068cc41265
2015-06-01,237.88,238.2,236.6,236.79,https://www.sge.com.cn/sjzx/mrhqsj/525799,8a74f51f47f17970b2568fe46472ee7f2e470f8fa81bbbb7cf42bbdb609c67cd
2015-06-02,237.39,239.7,236.6,237.4,https://www.sge.com.cn/sjzx/mrhqsj/525822,511ba950ea1fa426cc2f72378176994f82e5c8c4d2674e11c33cb4adcaab9331
2015-06-03,238.08,238.8,237.3,237.52,https://www.sge.com.cn/sjzx/mrhqsj/525838,9609fc277a5a232b41c52fe9e899255f42e17b588bc7fd9cfa7274e4b041a683
2015-06-04,238.0,238.45,235.8,235.94,https://www.sge.com.cn/sjzx/mrhqsj/525855,e0418c704c598c47c8062c741cc77285b38eab8f0225e67603a21356954197ef
2015-06-05,236.63,236.68,234.8,235.0,https://www.sge.com.cn/sjzx/mrhqsj/525873,08558de1e84d301b3fdc4690a4fc5d357ad9b8e3e832629088c05b20bc076a01
2015-06-08,235.0,235.49,233.2,234.7,https://www.sge.com.cn/sjzx/mrhqsj/525890,ee7dc1b681a1c351882cccc28130fa695b4730c2e7edef5f454a4efb2af566a6
2015-06-09,235.0,235.5,234.2,235.18,https://www.sge.com.cn/sjzx/mrhqsj/525911,2a127572022b89af1e1a9ab7909efa1d954a80e190993a4f3004621c751eec80
2015-06-10,236.46,236.95,235.18,236.85,https://www.sge.com.cn/sjzx/mrhqsj/525941,df31256f3f24b59f3b631a69687821cdbf79ff10f2a8953a2d3efac80022e1cc
2015-06-11,236.9,238.1,236.41,236.49,https://www.sge.com.cn/sjzx/mrhqsj/525957,22bbe638a919def53de1413c2ee6e2d8dce6996ce4c2178fb19d91f27b52f21b
2015-06-12,236.38,236.8,235.5,236.41,https://www.sge.com.cn/sjzx/mrhqsj/525986,e72d879afebae7e7242c49aacfa3152341b78af83e77c2318f824da5d27ff758
2015-06-15,236.55,236.89,235.6,236.7,https://www.sge.com.cn/sjzx/mrhqsj/526006,f0ed5980c3b75031aad04b10a3a030248f4b200ae973fb537111b5faac2f6e77
2015-06-16,236.7,237.8,235.9,237.3,https://www.sge.com.cn/sjzx/mrhqsj/526022,29f8f6691a1af66da163af0a971ff3831bc0d52949313de0566d438045bec543
2015-06-17,236.8,236.95,235.2,235.6,https://www.sge.com.cn/sjzx/mrhqsj/526040,e254d42d59e8f9d5804f7477ca73188e4be70aa8f5849043ed9103331335cc92
2015-06-18,235.75,237.5,235.2,237.5,https://www.sge.com.cn/sjzx/mrhqsj/526065,e2df1833d284c6f95007a7a528645f93c392413f5ed91bea6c844ef56e3b27cf
2015-06-19,238.97,239.99,238.5,239.4,https://www.sge.com.cn/sjzx/mrhqsj/526100,cc998c726ae17f20152842e87145c6de220a4597170342289ee68fb0cef61fac
2015-06-23,237.6,237.6,236.75,237.32,https://www.sge.com.cn/sjzx/mrhqsj/526138,724855b6063e3c32e6a3798afd38241f99aa3cd3697b85531ada8f58e05befde
2015-06-24,236.99,236.99,234.9,235.0,https://www.sge.com.cn/sjzx/mrhqsj/526154,a8242f62b70f3e328ded1d5d5e2a6d686a29b716750593b7005ed39bf3065f97
2015-06-25,235.99,235.99,234.4,235.1,https://www.sge.com.cn/sjzx/mrhqsj/526170,3046063d43474d10fcff77ba63b4f5be13906e23eb04421e24ae68341741cdee
2015-06-26,235.1,235.7,234.1,234.98,https://www.sge.com.cn/sjzx/mrhqsj/526188,6665317b67e674b3442f923f55022282f39df5d95120ed3475a90014268f71d4
2015-06-29,235.77,237.0,234.4,235.56,https://www.sge.com.cn/sjzx/mrhqsj/526213,39304f655c5665a4e58d124d25c7d757bdb8525c3fd5273dd9671effd649e9a4
2015-06-30,235.98,236.0,234.5,234.94,https://www.sge.com.cn/sjzx/mrhqsj/526234,13af223e9a3872270a4b4624a61ee1019a74695d4eec2c2d29babd35b35f76b2
2015-07-01,234.8,235.2,233.6,234.38,https://www.sge.com.cn/sjzx/mrhqsj/526245,6eb609000754e6ea8fd6b0622facf30506091abbe4236c048abf6f5e03c2bd21
2015-07-02,233.0,234.5,232.7,232.73,https://www.sge.com.cn/sjzx/mrhqsj/526269,9fd599ef6bbc281bfb3133f463f0d8485b461d309d273abcc8edf25038ba1687
2015-07-03,232.72,233.9,231.5,233.77,https://www.sge.com.cn/sjzx/mrhqsj/526285,2f2d4fb3fb078d05573ca04493c0be28779dba79ce1415fc6844ff503a234e69
2015-07-06,234.39,234.39,233.2,233.69,https://www.sge.com.cn/sjzx/mrhqsj/526304,7718fc7a7cc222cc27909eeec864e6831c3537b160f71b3bd947039817274713
2015-07-07,233.65,234.2,232.7,233.89,https://www.sge.com.cn/sjzx/mrhqsj/526380,1e11b2fabced73357ebb2403a72b53dd8fd0206559b93bd985e6a0515b0826e8
2015-07-08,233.7,233.7,229.0,229.13,https://www.sge.com.cn/sjzx/mrhqsj/526397,ece3091ddd8b5457cc56fc36e665290a8ccd273925224dc55b6c6a6856d16b49
2015-07-09,230.5,233.0,229.96,232.64,https://www.sge.com.cn/sjzx/mrhqsj/526419,5358f36979c87c8a94c5243862eda97af5fc96dab51b39215293acc5dedc1a9d
2015-07-10,232.64,233.02,220.01,232.77,https://www.sge.com.cn/sjzx/mrhqsj/526438,d9761de4cf0fa665baf977400fa5ad703581f7ac3b8543720e6970bc51c3b9aa
2015-07-13,232.3,233.3,231.4,231.4,https://www.sge.com.cn/sjzx/mrhqsj/526464,67e876faa1482d8fb7e65894ac7d3e711b182d55ae7135f9e40abfeaee9d3841
2015-07-14,231.7,231.99,230.6,230.8,https://www.sge.com.cn/sjzx/mrhqsj/526479,112749ea25d6aaf9402dfc7465efe4c5bccb352d8c6211b89de898ad830e7a4d
2015-07-15,231.99,231.99,231.0,231.29,https://www.sge.com.cn/sjzx/mrhqsj/526491,e4ed4369005504bc027077d21b7895a5f4a6f8d2fbabfdb779bed30eabfbfbd1
2015-07-16,231.01,231.6,229.4,229.6,https://www.sge.com.cn/sjzx/mrhqsj/526513,322c728c79e483ee637f344214ce10ab993a7ee3f141000c6d52db5a69044a0d
2015-07-17,228.09,238.7,228.09,229.19,https://www.sge.com.cn/sjzx/mrhqsj/526529,480cd611f390677230c3ebead83df7e5ac3aceff97def889593bff97c3b636ea
2015-07-20,229.95,229.95,219.0,223.52,https://www.sge.com.cn/sjzx/mrhqsj/526546,619de437928ff8e01e6a7040962b0e68df5cd36d44fb04384c20c6e11579729e
2015-07-21,223.0,224.4,220.8,221.7,https://www.sge.com.cn/sjzx/mrhqsj/526576,e605822552d07f308905562be165d5e70a06cb3e556325b5c0257f545dccb575
2015-07-22,221.52,222.09,218.5,218.9,https://www.sge.com.cn/sjzx/mrhqsj/526592,5749a2e790f0c3e0b5815b0a8f0067b3f422c5ddd03621b1ae3ad6269047ae4c
2015-07-23,219.2,220.5,217.65,219.55,https://www.sge.com.cn/sjzx/mrhqsj/526612,c3cef2465ac835ac29875d623ed6fb82dbbdb8ca329ff199c007caefe98644e4
2015-07-24,220.99,220.99,216.15,217.19,https://www.sge.com.cn/sjzx/mrhqsj/526627,f8d473662ee9aef053766d564f99b938dc4677553ba185328f931fff6b789f11
2015-07-27,216.6,221.4,216.4,221.38,https://www.sge.com.cn/sjzx/mrhqsj/526644,6727e13c1e02cb7fa010c24f9554436c1444c824ab5aad94333e0dc39626f835
2015-07-28,219.99,220.5,218.7,219.53,https://www.sge.com.cn/sjzx/mrhqsj/526669,ec154b63a1254dd094b3066b4599db36381e5d51f4da9b899adf34ff2d3df2d0
2015-07-29,219.53,221.0,219.1,219.56,https://www.sge.com.cn/sjzx/mrhqsj/526685,9f91a4048201e12536a146124e01f17972a47d1353af8ce75f2ed3b4b16cf45f
2015-07-30,219.56,219.87,216.82,217.51,https://www.sge.com.cn/sjzx/mrhqsj/526695,e88081f1950ac39a72879dcbe546f319a6132ef3be0c3ee1f9a1f16b4408dfd7
2015-07-31,218.0,218.6,216.65,216.87,https://www.sge.com.cn/sjzx/mrhqsj/526718,8bc2baeba158850fb92c034abaeef9740ff05861a49a74f5097275495329cecb
2015-08-03,216.5,220.0,216.5,219.3,https://www.sge.com.cn/sjzx/mrhqsj/526737,050ab677b87b39afb9840d300758d42d689306e280ee5477a0d611b98c1e834a
2015-08-04,218.8,219.01,216.4,218.14,https://www.sge.com.cn/sjzx/mrhqsj/526758,f976336ef889776e08cf7e0b5b192515e873c2b6311ef198f1a4ebdcc77bcac4
2015-08-05,219.49,219.49,217.1,217.61,https://www.sge.com.cn/sjzx/mrhqsj/526769,fc1a08859737482ee7b7180517e4e270499920d097c2f31a799309980425f613
2015-08-06,218.0,218.5,217.08,217.59,https://www.sge.com.cn/sjzx/mrhqsj/526836,6d31950edbc272da30a25a58cbcae7e7f48c1152fee74eccf6e70b1b3f7f2229
2015-08-07,218.18,219.5,217.3,218.7,https://www.sge.com.cn/sjzx/mrhqsj/526864,d209a97d9fb012651635fc2e9797cd4cda557f84131fed1eb5c73d52e5702924
2015-08-10,210.79,219.97,210.79,219.95,https://www.sge.com.cn/sjzx/mrhqsj/526884,867eb1d821a8d87ddc486363a6539d4a50f4f84df5c5d36acb9e6b325399a9bd
2015-08-11,220.49,224.99,217.0,224.99,https://www.sge.com.cn/sjzx/mrhqsj/526896,682bac54b0362460a63955976de0067530a5c6dae9d6649c5787e2316027535b
2015-08-12,227.49,233.1,225.03,232.24,https://www.sge.com.cn/sjzx/mrhqsj/526936,e2057e60e8eb86ed1071eeb88eda69c81691cd8dcd5f29c2ef65f16bedef51a6
2015-08-13,232.85,233.8,231.0,231.0,https://www.sge.com.cn/sjzx/mrhqsj/526957,1376e8bab97e07b964e6e5e070701aad0db9c455c60cb337b173b7a2b6da2643
2015-08-14,231.8,231.8,229.5,230.6,https://www.sge.com.cn/sjzx/mrhqsj/526971,0cc17e42f7641a61e322925641fa05da7828eb7ee34f2a243d02b150e8e78baf
2015-08-17,231.0,231.49,229.35,230.7,https://www.sge.com.cn/sjzx/mrhqsj/526993,cc75f715976e1dc66205b481ccac08ef50798011073d30b7ffc6cec23441908a
2015-08-18,230.89,231.5,230.0,231.04,https://www.sge.com.cn/sjzx/mrhqsj/527006,606a0c4021add5dd3e2c403d8a91e99409bc95597228271aca536300b8ee6c0b
2015-08-19,231.04,231.8,229.3,231.79,https://www.sge.com.cn/sjzx/mrhqsj/527037,ac116d293abe1dc3935f45379672cc746b3fcdc3be427e3d3d28e021816ec058
2015-08-20,231.99,235.58,231.01,234.7,https://www.sge.com.cn/sjzx/mrhqsj/527052,5cccd908450345587e16d8b3821ee2cebe5397c2d9b3a3ebffa8c9f4c634d3d3
2015-08-21,235.99,241.82,235.0,238.02,https://www.sge.com.cn/sjzx/mrhqsj/527081,ede2a2631f3ac1023b52d0aa89987be35e8155a890b06a1e7233e0285ebe404d
2015-08-24,238.0,240.16,237.1,239.58,https://www.sge.com.cn/sjzx/mrhqsj/527104,bbe526ad85024147d43cf0a389301b8c3a89d0d7423593b4aaa4ad8f0ba34481
2015-08-25,239.6,241.0,237.2,237.86,https://www.sge.com.cn/sjzx/mrhqsj/527126,01dea4e8e41833ab945078fbb1b607713e1524af3959fb80f1524a06875764b0
2015-08-26,238.49,238.5,234.88,235.78,https://www.sge.com.cn/sjzx/mrhqsj/527156,8f85f29b5d273f5568913943c8bdfd6fad9294481fa4aa5dda58b1d5ae8782c6
2015-08-27,235.78,235.78,231.8,233.17,https://www.sge.com.cn/sjzx/mrhqsj/527170,e423f95e40a1e453461181cb866dc44e18bda9f869e8d57caf40acd9f80fc512
2015-08-28,233.49,234.51,232.0,233.2,https://www.sge.com.cn/sjzx/mrhqsj/527194,0caeed93d15e667232a9072f9340c0b9a2057e8ca6fccde2d2622e2853074510
2015-08-31,233.0,234.8,232.5,233.75,https://www.sge.com.cn/sjzx/mrhqsj/527204,de3183da9bf1abf00e15940eb318db18f01472aad5c3e81cf219c6508178167b
2015-09-01,234.49,235.1,232.0,234.6,https://www.sge.com.cn/sjzx/mrhqsj/527219,cb4713427c16ea9b2a0a6e482a9aabc41a840b2dc248d92da1e23e1299dcc58d
2015-09-02,234.65,235.51,233.69,234.9,https://www.sge.com.cn/sjzx/mrhqsj/527256,65ba2e69ee87a279ea7af9616d77c962b150f9ed09219b452ae7367edb2057cb
2015-09-07,234.9,234.9,230.6,231.0,https://www.sge.com.cn/sjzx/mrhqsj/527278,ac4dab430afc741209b387dbe1242de3ba6aa0630a9f59daa741b50227f960ab
2015-09-08,231.49,238.0,230.0,230.58,https://www.sge.com.cn/sjzx/mrhqsj/527289,fb67d737aad8d5e3803e01b03fdc7c5499cf68e878a6078fe6d83923a2dcc617
2015-09-09,231.5,231.71,230.67,231.1,https://www.sge.com.cn/sjzx/mrhqsj/527299,03dd6974f0d731891b1f33a001e49d6e40208003e89ad5b02f4e44d6c8c2ce14
2015-09-10,231.99,231.99,227.7,228.09,https://www.sge.com.cn/sjzx/mrhqsj/527335,60b10654496c86cddece86800cd5c5999e4b27be4eaeeb5959fffecd6a8140e9
2015-09-11,229.3,229.3,227.8,228.35,https://www.sge.com.cn/sjzx/mrhqsj/527350,9860b41b1b63ca57c5c51c6368adc4b53db54f81b05f37b17b9be6f4428d1a98
2015-09-14,231.5,231.5,226.8,227.99,https://www.sge.com.cn/sjzx/mrhqsj/528672,68580a11d75fd1bdb5f817850a0bc0796bc214b0949172e75b6c0223e6d33acb
2015-09-15,228.49,228.7,227.3,227.94,https://www.sge.com.cn/sjzx/mrhqsj/528968,d2da17ea1bbda78bb6aea570453f33e3fb65064c5a8d564af50366db398cbfee
2015-09-16,229.49,229.49,227.3,228.02,https://www.sge.com.cn/sjzx/mrhqsj/529032,2d9b3383e3e0ac43cb559af608d23f388edafc2d02163c6c90232191475e7faf
2015-09-17,229.49,280.0,227.69,230.44,https://www.sge.com.cn/sjzx/mrhqsj/529241,901c848500d255cd92d68c26ad2699dedbc1bd4c28ad0affbefdb44ee92de5b8
2015-09-18,230.25,232.68,230.0,231.96,https://www.sge.com.cn/sjzx/mrhqsj/529441,8fe5c628ac830feb94eb9816c9caab86de9c7dbb56eb9e1910954f9d3a53befa
2015-09-21,232.12,234.23,232.12,234.0,https://www.sge.com.cn/sjzx/mrhqsj/529494,4a5638fcaa396d51d3df1fa30e0f821c22fe1ecea6f1f0d55acf684b6b44fd2d
2015-09-22,234.0,234.0,224.0,233.4,https://www.sge.com.cn/sjzx/mrhqsj/529525,0053c2b777a0f29bd24e4fb60f1877553e51594f2574e87c777e0d8f629a889e
2015-09-23,232.99,233.0,231.5,232.51,https://www.sge.com.cn/sjzx/mrhqsj/529539,feb51ca228b4e56274b369b18e30fa306a782c8c4088790d2a941476e4bb578b
2015-09-24,233.0,234.4,232.5,233.84,https://www.sge.com.cn/sjzx/mrhqsj/529589,beb21812fbafcfc5f5d854ec892475c50adc9653636bf2024a4da59ad4a56399
2015-09-25,234.98,237.2,233.88,235.24,https://www.sge.com.cn/sjzx/mrhqsj/529744,c2811f402d68252ce3224a4caa65e1206349572ad72ae042f0fb51599fc16a95
2015-09-28,235.24,235.6,233.6,233.7,https://www.sge.com.cn/sjzx/mrhqsj/529897,3df919f1360cb998320cc77e5ba2d8bebf80ad1747c800bbe82a5299c226bf9d
2015-09-29,233.0,233.3,230.55,230.56,https://www.sge.com.cn/sjzx/mrhqsj/529932,6027f2a61770e2301c35eb1564e49b5406870fe219dfe316a3ffaad7444f0fc5
2015-09-30,231.99,232.0,229.75,230.5,https://www.sge.com.cn/sjzx/mrhqsj/529954,de67cdcabb6cc17a3ca8065efd18381a9cb9633dc64462ab21f09d6ccfcf0a44
2015-10-08,230.5,235.0,230.5,235.0,https://www.sge.com.cn/sjzx/mrhqsj/530039,83a4373744dbb4afe2df2655cc400120534b8d94e1b3ac31113e32bfb739732e
2015-10-09,235.0,235.2,233.22,234.77,https://www.sge.com.cn/sjzx/mrhqsj/530096,580cd74ccd32ff1a777f1f4dc384011769e7f4c94acd3045316ca9c17b15a330
2015-10-12,235.99,237.78,235.04,237.2,https://www.sge.com.cn/sjzx/mrhqsj/530145,68afd9ac2f124db19a919d7967e26906f491ab1428458dff413e10e579d1a862
2015-10-13,238.8,238.8,235.55,236.3,https://www.sge.com.cn/sjzx/mrhqsj/530170,4c3c19b0720ba5e989908aecab1f02ed1075780fa78b4d1ce9d31571bc5d82a2
2015-10-14,237.9,239.95,235.7,239.84,https://www.sge.com.cn/sjzx/mrhqsj/530231,cf2c2e6c4cf49f0780ab3b65c57bf7f00b3ca297d6e5cf63c50d15bdf4378743
2015-10-15,239.81,242.22,238.15,241.4,https://www.sge.com.cn/sjzx/mrhqsj/530247,74534f8c9f53fa27d7a22852012f5d6ce9c848c2cec9537c3ac3eb5a9174235a
2015-10-16,241.4,242.5,239.1,240.56,https://www.sge.com.cn/sjzx/mrhqsj/530337,49cf6e406098741476722830552c0922e92467bb38afd3214ba00af1c3b5e863
2015-10-19,240.5,241.5,239.5,239.5,https://www.sge.com.cn/sjzx/mrhqsj/530390,04df8d1b3309eb45fba119f7df2b55f9847e467b9ebf7d14a0878cf6bcaede73
2015-10-20,239.5,240.5,238.9,240.1,https://www.sge.com.cn/sjzx/mrhqsj/530409,e3f62bccd289f83557f3513f6e7862da6aeaf599645cedc8a37ae62aae2ab38f
2015-10-21,241.0,241.0,239.6,240.31,https://www.sge.com.cn/sjzx/mrhqsj/530455,de5e04657965b59ea35e4c690cfb25942d3bbbadcafe8ce89e99a944e61dc602
2015-10-22,240.99,240.99,238.3,239.03,https://www.sge.com.cn/sjzx/mrhqsj/530535,3fee11dd6e6064ded12a6a9bfc42efab295a0614e46502a0f1c3b5c9f388e2ee
2015-10-23,239.03,240.5,238.5,240.49,https://www.sge.com.cn/sjzx/mrhqsj/530548,e8eaa79f2b9f1186c00d4b831e56189487f570966f0bc4efa047de4672ea45cd
2015-10-26,241.48,241.48,238.0,238.3,https://www.sge.com.cn/sjzx/mrhqsj/530565,5fdf5b37fce6dc50ab438800939e248307d589535493bf46bdb258c3b7527650
2015-10-27,238.3,239.34,238.3,238.45,https://www.sge.com.cn/sjzx/mrhqsj/530872,ff1e62c80988dcfaf95b1cfd7bf5c6f8a6dcaf8ce88acd0b2b9c0f094dc2c6bd
2015-10-28,239.29,240.25,238.12,240.0,https://www.sge.com.cn/sjzx/mrhqsj/530998,127a8ffee766c308b85aa7d6ccac2fc31b587f5f3a8f1b414d34959885dd0a9b
2015-10-29,241.0,242.1,237.0,237.3,https://www.sge.com.cn/sjzx/mrhqsj/531039,64a292dcc4c5edcc965678d71b5cf6cebc9244b89f3cdf6c2f31420ec372421c
2015-10-30,238.49,238.49,233.9,233.91,https://www.sge.com.cn/sjzx/mrhqsj/531103,5a5154e870e58ac3c5d066e26596aef109d685dee550575a5ae7689c69c749f1
2015-11-02,235.5,235.5,232.0,233.3,https://www.sge.com.cn/sjzx/mrhqsj/531196,425a36ba2c1a19a978e889891743c9fee6afdd0b2f34221b20c55320c9d0a114
2015-11-03,233.98,233.98,231.9,232.13,https://www.sge.com.cn/sjzx/mrhqsj/531281,d5d0250747f9fd0cb4d05dd4e2f0e5ed2022320616242eae40eb47c68cdcf6f4
2015-11-04,231.8,231.99,228.72,228.74,https://www.sge.com.cn/sjzx/mrhqsj/531305,e985bac02fdf9e3444e88b651df9f06c4f8ec61571c5e0e59ba7eb3a540d9546
2015-11-05,229.98,229.98,226.85,227.01,https://www.sge.com.cn/sjzx/mrhqsj/531372,54ed76c615e3dbfcce888ccfc53a1c0edbafd35bce65e68dd17e0c18f21363ba
2015-11-06,227.79,227.8,226.98,227.31,https://www.sge.com.cn/sjzx/mrhqsj/531448,e59be68ef2b598e629ad90d4c56011c86e7300ee602e866db1d7bca47350768e
2015-11-09,227.95,227.95,223.25,224.39,https://www.sge.com.cn/sjzx/mrhqsj/531507,76b4112d95359b880cf32e876ed315acbdc00346bbde579ad74e998e7b5c9027
2015-11-10,225.45,244.0,223.8,224.24,https://www.sge.com.cn/sjzx/mrhqsj/531524,2403da3ebe9628d36e7dd46567e01ccdc1a097eed7aa6d10ce5f9b84eb73ea3b
2015-11-11,225.0,225.0,223.1,224.47,https://www.sge.com.cn/sjzx/mrhqsj/531643,a84265628553e6ab65375eaa637d12598390d8bdbab309c3d0716e9776719906
2015-11-12,224.85,224.85,223.4,223.4,https://www.sge.com.cn/sjzx/mrhqsj/531717,dc87775c96f017926a7502f6d2cd88986b097cba933ab4f18afe43894e08ad63
2015-11-13,224.95,224.95,221.5,223.35,https://www.sge.com.cn/sjzx/mrhqsj/531804,9d8228b65e3a06d9b5f48699bc9b0f94a918e8c8b5e665dcb08470f48c146a62
2015-11-16,224.35,226.0,223.0,225.5,https://www.sge.com.cn/sjzx/mrhqsj/531844,72f289b4bccdb325b4ea635bc9ed4cf645697d84ace9c3fab60f6d789c7ca2f8
2015-11-17,225.29,225.5,222.0,222.16,https://www.sge.com.cn/sjzx/mrhqsj/531891,0454ee9a5f7f140c03cd4233e8dc123e6d17584a0cf0e8113fb59fc4faca5ab2
2015-11-18,222.74,223.15,219.75,220.92,https://www.sge.com.cn/sjzx/mrhqsj/531928,4395a76d12a876948005edcc6eb423b5c538b59367533a44d7f6e1e41136694f
2015-11-19,220.07,222.2,220.07,221.59,https://www.sge.com.cn/sjzx/mrhqsj/531943,17d9b66e28afc0197224b53c28fb3f44ea2ba89ed4246735733434e8eefe3133
2015-11-20,221.89,223.69,220.3,223.1,https://www.sge.com.cn/sjzx/mrhqsj/532007,2c1b34af78027653c39a593fc44265de8aa49f8d46411f45cf69c0b9368ae3c3
2015-11-23,223.85,224.0,220.0,220.83,https://www.sge.com.cn/sjzx/mrhqsj/532105,1b54a2b0eecf40273ff6a474c9931077bc27c78995f2d9f19981b14f9afce850
2015-11-24,221.83,221.83,220.5,221.44,https://www.sge.com.cn/sjzx/mrhqsj/532234,e2785a527b9b2c574c8705929ab9e21d9aa90955847c835e4dff3a06b5c0fc38
2015-11-25,221.96,222.99,221.3,222.84,https://www.sge.com.cn/sjzx/mrhqsj/532263,380f16cd9e66dc26e13b3c82afbe02361a09dcde9ca8511fa97722c542374c2a
2015-11-26,222.49,222.49,220.8,221.85,https://www.sge.com.cn/sjzx/mrhqsj/532353,bec4abd5d8201298005074f72cfd9842864f39876e0bb730806ac7ca0673e462
2015-11-27,222.0,222.0,220.3,220.78,https://www.sge.com.cn/sjzx/mrhqsj/532433,630a90d0a18f95577762ed219d8208f7730687973cde13b91b047f63f6e4d094
2015-11-30,220.58,220.58,217.6,218.02,https://www.sge.com.cn/sjzx/mrhqsj/532465,e41c27e2768218d22bbc2bbbb791e5aa68bcacdeae254c7d6918fb9ddeb92138
2015-12-01,218.99,222.0,218.0,221.54,https://www.sge.com.cn/sjzx/mrhqsj/532527,f1489babb18a512609e806279272f58c4abe259a985df5af38ec694d3d3b1e0b
2015-12-02,221.75,221.75,220.26,220.54,https://www.sge.com.cn/sjzx/mrhqsj/532554,c5e7cd4fb2b11c275f440ac6467b202de2feff95bc768284b6fbe8da0da408cd
2015-12-03,220.4,220.55,216.6,218.18,https://www.sge.com.cn/sjzx/mrhqsj/532590,38b97e05478f49415721f023add71f0e7f1ee3cc1a9de245c2ec50104856839c
2015-12-04,217.75,219.97,217.19,219.96,https://www.sge.com.cn/sjzx/mrhqsj/532657,ca82bf0892acd7d5ca9720b3517e41eed4c4f91e514e6e68801e55a0a85e2405
2015-12-07,222.48,225.0,217.0,224.99,https://www.sge.com.cn/sjzx/mrhqsj/532684,be8335204d9777372c0bb26c228191971b8e956a940ad8b19f44f2feba38e279
2015-12-08,224.63,225.0,221.33,224.89,https://www.sge.com.cn/sjzx/mrhqsj/532739,37881cb356820bc5acdbe2e3a2d6587c9f4b96d84a41d0b97e26809d82a46ff7
2015-12-09,222.99,223.88,221.6,223.28,https://www.sge.com.cn/sjzx/mrhqsj/532784,c3d23e7c07d32d6ea09d5cfd900b2c3a618116883fc8cd03b14f34fbdc0ff50b
2015-12-10,223.92,225.2,222.7,222.8,https://www.sge.com.cn/sjzx/mrhqsj/532906,2147b20a300c83986328d5940434009536a0280e6b2e36f626f3abaa287aead9
2015-12-11,223.47,223.47,221.65,223.02,https://www.sge.com.cn/sjzx/mrhqsj/532993,7fe623c85e19b538571ecdb5d35760073ea1ed1bd23ca09315e57edf8d256b3f
2015-12-14,222.0,224.6,221.81,224.06,https://www.sge.com.cn/sjzx/mrhqsj/533087,59db7b69ed5828ae7767e92ce15948cc488228616805cf4c1a1eead2ae3315e8
2015-12-15,224.49,224.5,221.6,221.65,https://www.sge.com.cn/sjzx/mrhqsj/533214,396ff62b69b7ff7cd38ae3d0bffe48604b20e8d0c785db5a3ca6cd24d0bd274f
2015-12-16,222.45,222.6,221.5,222.3,https://www.sge.com.cn/sjzx/mrhqsj/533330,db0385d5164e3d6771ab74dac74216c5ba1e83c247d0904e6ae69e0af01b8ca6
2015-12-17,222.29,224.0,222.25,223.13,https://www.sge.com.cn/sjzx/mrhqsj/533359,910cafecced3e99dd7d9b3a30ce4d6c7ab68672cfe5cfd822fa21f738799205b
2015-12-18,222.99,223.39,220.5,221.4,https://www.sge.com.cn/sjzx/mrhqsj/533489,5b9b8db94a165a1bc03f8b4943627d0ddbcd4fafe69c1155db9b37703ef7864f
2015-12-21,221.67,224.08,221.4,223.94,https://www.sge.com.cn/sjzx/mrhqsj/533532,8ccfad06fca06160524079d66af52ca51dbabc73c766c1da7fbc0dbb056f4343
2015-12-22,224.0,225.45,223.5,225.19,https://www.sge.com.cn/sjzx/mrhqsj/533588,fc4a01354a5c7b404811b27b07df3fdd8d3bc5a37a1cbbf6705a5fb1a4f536c5
2015-12-23,225.35,225.56,224.1,224.6,https://www.sge.com.cn/sjzx/mrhqsj/533643,f2efd4da05b6fd09b79694358b7e57c3c2466cae865f6712f2fcaa9c7b1c0d53
2015-12-24,224.5,224.78,223.9,224.73,https://www.sge.com.cn/sjzx/mrhqsj/533688,ef200afda1523ad9fb63b8f1f4bb096f49dafed6aeb5f88fab12a3813bb88ef0
2015-12-25,224.73,225.4,224.31,225.14,https://www.sge.com.cn/sjzx/mrhqsj/533755,67acfbf8b0412275702330d6c8e0ffc315c5ba0a6739a13399c655666699a714
2015-12-28,225.94,226.0,224.1,224.94,https://www.sge.com.cn/sjzx/mrhqsj/533789,fc7497f97681f16d2274753b31c7b4f9ade32d3b0215d0da2e870ebaaed20de3
2015-12-29,224.8,224.99,224.01,224.72,https://www.sge.com.cn/sjzx/mrhqsj/533925,8daa0cdc903d4ecee9f9c6fefb8528123e33430d9f1a5e9ed4a741b7e8f4b312
2015-12-30,224.72,225.0,224.0,224.45,https://www.sge.com.cn/sjzx/mrhqsj/534011,589de480cdd3f030328d32bb6fb27b0b9ede21ac37b5762cf79bb5be857ebbf1
2015-12-31,223.79,233.33,222.05,222.86,https://www.sge.com.cn/sjzx/mrhqsj/534115,1d0799fc8cc0e3c10f76647ca07d5c00a263a467d1f1f3512c8929ad2ba42627
2016-01-04,222.86,225.0,222.81,224.77,https://www.sge.com.cn/sjzx/mrhqsj/534193,5e3f384ce0561a79be250382b320b5fc4e906f28824b2c1a684bc7ac298049c4
2016-01-05,225.59,227.1,225.01,226.65,https://www.sge.com.cn/sjzx/mrhqsj/534250,9d188286e00c02671f3752ca403f5ac854036085ff9e1dec40accb09f2a10b6b
2016-01-06,227.99,230.0,226.11,228.09,https://www.sge.com.cn/sjzx/mrhqsj/534370,08ca0e9914fb1e5e9729ded42a55923c58adde86774846e9829f77604d9a5442
2016-01-07,229.5,234.65,229.06,233.24,https://www.sge.com.cn/sjzx/mrhqsj/534392,69b350701fd1a212b3eb2d554be6b053321fd4f9fac14e4c2a00a117e9d67171
2016-01-08,234.49,235.29,231.0,233.54,https://www.sge.com.cn/sjzx/mrhqsj/534410,ff2513a2b0084bdd28d79efdd196f2f050d4487b86b9b5579090f7285e5ae4df
2016-01-11,234.5,235.1,233.0,234.89,https://www.sge.com.cn/sjzx/mrhqsj/534457,8d67816f4210629acb8d91e11c39532f90bfed048b6b8d5f8597a584cc6149ee
2016-01-12,234.5,234.5,231.55,232.51,https://www.sge.com.cn/sjzx/mrhqsj/534488,21b0365aefece330c83968bc3cb38dd539a4e8d05ab772f389eb8a56b5c2bbcd
2016-01-13,232.51,232.51,229.13,229.27,https://www.sge.com.cn/sjzx/mrhqsj/534517,7e52c0bce517bb6f077e8df0838f23ced2f892333487f2284ed42bf3d617ee9e
2016-01-14,230.48,232.44,228.6,231.41,https://www.sge.com.cn/sjzx/mrhqsj/534616,d3e9ebbcf639977e11286ec277cdb29ed321492b5dcb5b5a78e569776a5f1dcc
2016-01-15,231.99,232.0,229.0,230.5,https://www.sge.com.cn/sjzx/mrhqsj/534642,f0fa820eecfd1fac65931c101efc0e5288956828317d064c4f0ad4a3245a534b
2016-01-18,230.49,232.1,230.49,231.7,https://www.sge.com.cn/sjzx/mrhqsj/534666,fbac241463361f54a012a26aa65b6503625e85c78a30979141f2f48644bcaea0
2016-01-19,231.8,231.8,230.37,231.3,https://www.sge.com.cn/sjzx/mrhqsj/534746,8529c274f56bc759908dad1a81c99fa97d93a9b24b436e0d04fa022b4b64112c
2016-01-20,230.7,232.3,230.25,232.3,https://www.sge.com.cn/sjzx/mrhqsj/534794,f3222d8dcff4eda896ad17102fbef9dae02aed7cd349b6cd20dce6a3fbe5653f
2016-01-21,232.99,234.28,232.0,234.17,https://www.sge.com.cn/sjzx/mrhqsj/534822,fed345f5f7dfced770f81ffde7982797cb1ece00f7612a085581ae8c7c4e6293
2016-01-22,233.6,234.0,232.3,232.5,https://www.sge.com.cn/sjzx/mrhqsj/534834,c8dacae649ec8e5d3936a57d73d0ef4d18716cb082baa3747f5e0c1a45b41479
2016-01-25,233.35,234.0,232.51,233.69,https://www.sge.com.cn/sjzx/mrhqsj/534854,8a77bbaccb75bb061c0746fe46b007051d230f55e2e111de55a26784fdff6ecb
2016-01-26,234.0,237.0,233.81,237.0,https://www.sge.com.cn/sjzx/mrhqsj/534867,fdd66f6ad85ac57e473853f615bca6a550438c02293ded661c25d6604f455870
2016-01-27,236.5,237.99,236.0,237.09,https://www.sge.com.cn/sjzx/mrhqsj/534907,bd0947b6ef39233825fd0e53a65d16080cc485144ba301197dec60b626bbe1ee
2016-01-28,236.81,237.8,236.7,236.79,https://www.sge.com.cn/sjzx/mrhqsj/534923,4f97df820e923001e10b8c0ed21f2afdc436d9b1a92153b7fb64a09667397695
2016-01-29,237.98,237.98,235.9,236.48,https://www.sge.com.cn/sjzx/mrhqsj/534949,3f762cf1aecbc7b2a569f6e5e8eed7217492c9242c53f4b91f44700feda3bc50
2016-02-01,235.85,238.11,235.6,238.09,https://www.sge.com.cn/sjzx/mrhqsj/534969,ed2b4594a5c463579ba4b27aa195f18db56a42316fa5deb6acfee2a8dbffefbb
2016-02-02,239.5,239.5,237.8,238.5,https://www.sge.com.cn/sjzx/mrhqsj/534994,5695ec578b172340701f3982b7a07f171c05bb905f857c995abd02f48c3e1605
2016-02-03,238.48,239.55,238.4,238.5,https://www.sge.com.cn/sjzx/mrhqsj/535008,e2f5d2e229d0fbf879b88b6c2a40dac590f615bf7d8b3f3d98ed4ac4b038f270
2016-02-04,239.15,242.0,239.0,241.8,https://www.sge.com.cn/sjzx/mrhqsj/535091,c71776af690ea030fdef993639a2884adf70d0839a511df9161bd9a74767a5d9
2016-02-05,242.99,244.5,242.4,243.94,https://www.sge.com.cn/sjzx/mrhqsj/535113,e257d47c32c87c081cdcad3d9cc98acc78734487883dd778959f2f4068954bda
2016-02-15,250.0,259.95,245.0,253.7,https://www.sge.com.cn/sjzx/mrhqsj/535130,a7a95471888fa4c7dc61b24227357f2153a9cc2c65404cacf06184b8cc90e88d
2016-02-16,252.55,253.6,250.2,251.39,https://www.sge.com.cn/sjzx/mrhqsj/535169,61a4b225a284f2bcb97cfe087c4f560c4c954e096cc1c3ae8109c088997d1be0
2016-02-17,251.39,254.4,251.39,254.0,https://www.sge.com.cn/sjzx/mrhqsj/535212,60b7a12ca17ab599dd919c0947d56ba81c662b992f34069461bd7d56a4989e1c
2016-02-18,252.99,253.78,252.55,253.05,https://www.sge.com.cn/sjzx/mrhqsj/535252,31e129fe9496aacf3d5d443403c80680ffff4e67963bb7d748c8f9262cb69d44
2016-02-19,253.49,258.0,252.55,256.65,https://www.sge.com.cn/sjzx/mrhqsj/535284,ec8bd924b0d86641993faa70110bfee94189a5102fedcb99ef3c6818ad5f37d2
2016-02-22,257.99,258.9,254.85,254.86,https://www.sge.com.cn/sjzx/mrhqsj/535307,5768a610d3a0390809af77f0658e142f761678e4add2607e8283b87920a6cc25
2016-02-24,256.99,258.0,255.3,256.98,https://www.sge.com.cn/sjzx/mrhqsj/535361,d5d8db740c46194fc57b6d97502cbefc9bab5b8696a281e8ca2a51f63f41fba0
2016-02-25,259.0,263.3,258.0,260.32,https://www.sge.com.cn/sjzx/mrhqsj/535387,66c09a98ef2c924cfa8aa4221cf9600376548b70a8ed45a06c4ebce17c2686d0
2016-02-26,260.99,260.99,258.12,260.41,https://www.sge.com.cn/sjzx/mrhqsj/535477,ccc97d53c597410df581f9b9d7027d5ab743bb8caf399097454c9df171483423
2016-02-29,260.85,260.85,255.6,258.86,https://www.sge.com.cn/sjzx/mrhqsj/535501,02c8ad266480a7fd1f7ba2bafbe051e578ddf89e54469c4922484692bd349b77
2016-03-01,258.0,262.7,181.2,261.12,https://www.sge.com.cn/sjzx/mrhqsj/535527,9dd9163313a0f6f3a32464d4524e4ab125010cd9abebd562d63642af24e7f30f
2016-03-02,262.45,262.8,258.5,258.66,https://www.sge.com.cn/sjzx/mrhqsj/535552,dbd647a9d46da46cff7a063440d7598c54f180dcaa7fc4e1337e0ca3d69e49bb
2016-03-03,260.49,261.5,259.0,261.47,https://www.sge.com.cn/sjzx/mrhqsj/535571,33ab6129c08ac685a24cb2bdf95d55ebd7e6a5de3292561106fcd1a332af62ca
2016-03-04,261.99,265.0,261.0,264.74,https://www.sge.com.cn/sjzx/mrhqsj/535597,fc95e98582e2f34d224507865c190ba9dfca4d02671f5947873cb27a00fb9c3f
2016-03-07,265.5,267.8,263.0,265.0,https://www.sge.com.cn/sjzx/mrhqsj/535617,c60576c049908d8f9f1b3642736394591c57de4889c2669c88ba90fd9391ede3
2016-03-08,265.0,266.61,264.8,266.29,https://www.sge.com.cn/sjzx/mrhqsj/535682,325a9238488f2f44e6196f1266bc67bb0990d333bf2e768d238f6c03ac4d5372
2016-03-09,266.75,266.75,262.4,263.75,https://www.sge.com.cn/sjzx/mrhqsj/535699,7cc4963ea57ccc7fa10972a649892aa8665068da229e36a952895f0deee6ff8f
2016-03-10,263.5,263.55,260.9,261.43,https://www.sge.com.cn/sjzx/mrhqsj/535718,80536162dfc17c36987c8f6e9541d07bdfdc1b8a4b62ecf99550e4014f131294
2016-03-11,262.99,268.0,259.6,264.97,https://www.sge.com.cn/sjzx/mrhqsj/535749,b0cd0cc9ffe4233f195781992041e7ee435e4aa3d6c5661022fb943e15af97cd
2016-03-14,264.97,265.75,261.95,262.08,https://www.sge.com.cn/sjzx/mrhqsj/535777,e6e9cd45090c4b6dd60f01ed55464f7746290d67a17b7df4cd8eda22509c6f02
2016-03-15,262.99,263.49,257.0,257.69,https://www.sge.com.cn/sjzx/mrhqsj/535797,0739990db3149b13067453097fce30e48c36c8c284854f643666ae1feaf3f710
2016-03-16,258.65,259.49,257.2,259.09,https://www.sge.com.cn/sjzx/mrhqsj/535838,a469b7fce8ff9267bc2aea49f3e0fedd457539e1b7c2cdf6f5be6308b618827b
2016-03-17,258.15,263.95,258.0,263.86,https://www.sge.com.cn/sjzx/mrhqsj/535883,604ffa95b0d317f6a9cf74fc4d17ef0065a2a14c08eafd002f86c2a53dfc9bf9
2016-03-18,264.0,264.49,262.0,262.46,https://www.sge.com.cn/sjzx/mrhqsj/535935,2373164776359e56e8cf215393d7e4e8c9e55beb61ef0761c63d6318abe2c9b4
2016-03-21,262.58,262.58,259.2,259.71,https://www.sge.com.cn/sjzx/mrhqsj/536106,42160fe6400d0360046426321103b7053ef32b34bd9c2201d31202920e878a7e
2016-03-22,260.44,262.22,259.5,262.1,https://www.sge.com.cn/sjzx/mrhqsj/536188,6657d1253fa2778c34add17e782fcf3d22465644841a1015c2d428558dc82440
2016-03-23,261.8,262.5,257.6,258.25,https://www.sge.com.cn/sjzx/mrhqsj/536233,e7a3439d21a63fb5361b5ae9770efce6477b44e9d926da25bfbeb8f1c6abbeee
2016-03-24,257.81,257.99,254.33,255.0,https://www.sge.com.cn/sjzx/mrhqsj/536310,e8794620ee7c165be547e54d2742c2b83d681f93443e35ed6ac9ef01548014b6
2016-03-25,255.99,256.8,255.6,256.05,https://www.sge.com.cn/sjzx/mrhqsj/536386,9789b25b93563cda9217db090c7088b8002c7f56214885986489a2a6f737d8a9
2016-03-28,255.98,256.8,253.93,255.78,https://www.sge.com.cn/sjzx/mrhqsj/536417,e47790d3dffd7a297984ad3a2fe36e5e7268dcb1e035488a77ac60678e48c933
2016-03-29,255.95,256.47,255.0,255.02,https://www.sge.com.cn/sjzx/mrhqsj/536438,ad64201d2024aa0172bf3a4967d59a2492a3ef9d047f0e3b554979404fd70a2d
2016-03-30,255.02,259.32,255.02,258.68,https://www.sge.com.cn/sjzx/mrhqsj/536719,6ff319ecc4f37269cd7b303c5e1fa8c54929a1962927163353a70d2b83fb90ac
2016-03-31,258.5,262.8,255.3,255.7,https://www.sge.com.cn/sjzx/mrhqsj/536860,b43c0379c4f07493ac848ca4ed2e372450bfb7485ac2a4a449b434b032b82903
2016-04-01,256.77,257.19,255.81,257.0,https://www.sge.com.cn/sjzx/mrhqsj/536919,1d23ef89b39978abbcded526e269547f26bf06c51c864432d332808a6459396d
2016-04-05,257.0,257.0,254.96,255.45,https://www.sge.com.cn/sjzx/mrhqsj/536962,4bd1498c26ae14fa3934e78c96ebf6ffc58e44f3371c89f589e20c3d4cd6c011
2016-04-06,256.98,257.1,255.68,255.99,https://www.sge.com.cn/sjzx/mrhqsj/537060,ef3afa259bb270f9205bac58f45afdc863abe1012f89d890e8ba62cc0f343175
2016-04-07,255.45,256.56,255.0,255.64,https://www.sge.com.cn/sjzx/mrhqsj/537083,664ce3303aec487c5a56c903110adac410159f5323a7cf0350cd158e3b527e04
2016-04-08,257.0,258.45,256.52,257.3,https://www.sge.com.cn/sjzx/mrhqsj/537111,e33a48b39e39e324ce2838fe17e10d4c8de28dd1cc37f4d3fc3b4ff1c4ec75cc
2016-04-11,257.49,261.05,257.0,260.97,https://www.sge.com.cn/sjzx/mrhqsj/537148,4d2ef74e55ce5e194ef1e6781ab7b5f75ed75d571243d675f2f51ed83dfd16c4
2016-04-12,260.0,262.63,259.98,261.3,https://www.sge.com.cn/sjzx/mrhqsj/537221,4823d004013e724b502141e48626e631f77693647591e94c91a06094fee75815
2016-04-13,262.99,263.0,259.8,259.8,https://www.sge.com.cn/sjzx/mrhqsj/537263,cf5d0b847a4c650ca80884276ccfb12cf6ca9402a4e78f7be973df1404708c6a
2016-04-14,259.0,260.47,257.0,257.99,https://www.sge.com.cn/sjzx/mrhqsj/537329,caaa1131ee7c6082508e396f49462fbc04c7fce6fd60be31251efdb45f37a315
2016-04-15,258.99,258.99,256.2,256.95,https://www.sge.com.cn/sjzx/mrhqsj/537356,c0c1403db0e4c35203377a4501082f22d4ef5ef0f7af83968e7cf2de7c962610
2016-04-18,257.99,258.5,256.3,258.28,https://www.sge.com.cn/sjzx/mrhqsj/537405,1118948e2018042e001270aefcd5a0230946f9bc07ebafaa91de27161031dd84
2016-04-19,258.99,260.02,256.7,259.9,https://www.sge.com.cn/sjzx/mrhqsj/537422,18a3ccb6e1a8b954c96558dbe9cb5ff79902a8960de743b66b2d3f0ee4eb3622
2016-04-20,259.8,262.0,259.6,260.0,https://www.sge.com.cn/sjzx/mrhqsj/537477,60f407fc905d2e6e939437554ed4fcff0b0067735d07f54dda18fcb02cf0b8de
2016-04-21,260.5,263.0,259.5,262.74,https://www.sge.com.cn/sjzx/mrhqsj/537546,e0c80caa4abe5093c12f2b13427bbe95d76968967aff2cb2399952ce6efe14ae
2016-04-22,263.0,264.7,259.8,260.44,https://www.sge.com.cn/sjzx/mrhqsj/537571,83a43a7d7e4edc2916c87fdc6b0e7801a5160d49b5d699428810c9d39597c9e5
2016-04-25,260.3,261.0,257.5,259.06,https://www.sge.com.cn/sjzx/mrhqsj/537589,43d069e6a40705093463eb05d8131fac557f2f3aae707d0089f41e43bc18f662
2016-04-26,259.3,259.79,258.0,258.4,https://www.sge.com.cn/sjzx/mrhqsj/537725,d605782fd9ee651676d44616c139dd332ffb7c3c24267ba346b45fdc6aa74658
2016-04-27,257.7,260.84,257.5,260.67,https://www.sge.com.cn/sjzx/mrhqsj/537857,4b59048c7749bbec5eae3c485c35df0da4c49bbd187c6683e5ce30558ec68104
2016-04-28,256.29,262.2,255.5,261.5,https://www.sge.com.cn/sjzx/mrhqsj/537886,6d20cf625ebc94516b4b258c466cad7031bb071b0f5ed43681ecfce0a79f48c3
2016-04-29,260.0,266.7,260.0,266.32,https://www.sge.com.cn/sjzx/mrhqsj/537903,d63209a54fdcaf50e66f5264a2368e2198abf82eda2fca1a51925258997b1e84
2016-05-03,267.0,270.8,266.35,270.69,https://www.sge.com.cn/sjzx/mrhqsj/537954,9ac4959ebf649b2e5ea56803ff6e66ae8c0a4e94c5c088af3fe430f40fec45a5
2016-05-04,275.0,275.0,267.8,268.35,https://www.sge.com.cn/sjzx/mrhqsj/537998,b27de5b3e7922f2dba2d38a16e3d03178a4158a50014dd4cb812b385d716e037
2016-05-05,269.49,269.72,267.2,267.6,https://www.sge.com.cn/sjzx/mrhqsj/538021,8e3af39273147e484238a1d9cb14e1c0187bbcbc494572cf1936f1e2f9541539
2016-05-06,268.0,269.19,266.2,268.23,https://www.sge.com.cn/sjzx/mrhqsj/538058,16ff224daf75bceaf44dc500b2a1945334c6267e358d0e933eb20155510d3a42
2016-05-09,268.6,270.9,267.5,268.1,https://www.sge.com.cn/sjzx/mrhqsj/538090,4e5903ec1ab04008a354b1ac85ff5223e53abe2be292ef5e80162f5ae6f6b097
2016-05-10,267.5,267.79,265.0,266.0,https://www.sge.com.cn/sjzx/mrhqsj/538112,b7bf40f8b31556b29d18e91d5b34e4271ebee93d8992af195230b7c0b4d634e5
2016-05-11,264.0,267.34,260.99,267.03,https://www.sge.com.cn/sjzx/mrhqsj/538123,200274bc1e582606012f015387f49d310656dbef862b3ec7e89bdf4e0a0786df
2016-05-12,267.99,267.99,266.17,266.4,https://www.sge.com.cn/sjzx/mrhqsj/538146,5face3a25a7d2fdb5bcec29cc98452f4b1cab879cdc86f39c59d6c9dd6c3b063
2016-05-13,267.0,268.2,265.62,267.49,https://www.sge.com.cn/sjzx/mrhqsj/538179,360e8579606294432d2283373aa8e2347076bf8be4fb72e72d7d13db8c3b44dd
2016-05-16,267.95,269.7,266.3,269.35,https://www.sge.com.cn/sjzx/mrhqsj/538216,919c6ef11079e1c426e09b45fd9467f129d6d9e60ec2019e336dfc3cda1d854f
2016-05-17,269.34,270.4,267.7,267.89,https://www.sge.com.cn/sjzx/mrhqsj/538244,7bd6f5c93f97acd43627390cac37f0d28233fce9d3fc7633a7126a7e5a38a165
2016-05-18,268.0,268.95,267.5,267.93,https://www.sge.com.cn/sjzx/mrhqsj/538263,311470ab8470be86cf4c9595b223be307369be08cf700ca8c078eacfd4e74035
2016-05-19,268.3,268.4,264.1,264.5,https://www.sge.com.cn/sjzx/mrhqsj/538293,353aa57d8cf96d0ad595a466d6b5c197b2eb3cb8fd78c6b2fea867eb8cc66011
2016-05-20,264.0,265.0,262.9,264.51,https://www.sge.com.cn/sjzx/mrhqsj/538347,f24c932ed0e3b72828a553568e1909caadf1256cf6600d4a700fcdc945a73616
2016-05-23,265.88,265.88,263.6,264.11,https://www.sge.com.cn/sjzx/mrhqsj/538372,c77c5967fc4920273d3b4e014a2f054dea872971865a89d009a7b479e0383b34
2016-05-24,263.01,264.1,262.3,262.45,https://www.sge.com.cn/sjzx/mrhqsj/538385,4315c95b5fdca9f5c62726a5f613543a7338810057c8a49eec9c8c5445f8ff05
2016-05-25,262.45,262.5,258.4,258.45,https://www.sge.com.cn/sjzx/mrhqsj/538420,88a83e153e1a62c2c4db01edb986d717ef96f8d5811c2b0ebea0e1ea7fa77412
2016-05-26,259.0,260.4,258.5,259.85,https://www.sge.com.cn/sjzx/mrhqsj/538442,80387e202218b7f106fbe2215ccd3cf113c564bd96f83e852d4f912ab5aebe57
2016-05-27,259.5,260.39,256.44,258.03,https://www.sge.com.cn/sjzx/mrhqsj/538488,c3a2ec4c62861695ab2160161487ec6016b1aae86a22637f54f87236b147d7d2
2016-05-30,258.88,258.88,254.5,255.3,https://www.sge.com.cn/sjzx/mrhqsj/538504,ec734c34aa5af76c3f08cbb2277933b73940945c3554c050b3a30233341ae7a8
2016-05-31,256.79,257.6,255.7,256.9,https://www.sge.com.cn/sjzx/mrhqsj/538525,33451a2c7ea4b748927b127d5deaecab97d4be4a61213c82b8be6338b3fb507e
2016-06-01,257.48,258.85,256.6,258.3,https://www.sge.com.cn/sjzx/mrhqsj/538565,17060a317e25655060bed3812572b9ac4bf5966aada60f05e28667f4d4b9775d
2016-06-02,258.25,258.88,256.5,257.98,https://www.sge.com.cn/sjzx/mrhqsj/538587,b901c6b1b3882313c64d916caaaf168ae3b4762a9749c8ea224da3ee790e3833
2016-06-03,258.85,258.85,256.8,257.4,https://www.sge.com.cn/sjzx/mrhqsj/538606,1ddb32017af73618d075b311dbb9e3436e37d0cbd736c6fbaf7b4acb494fc529
2016-06-06,257.39,262.8,257.3,262.49,https://www.sge.com.cn/sjzx/mrhqsj/538662,2a6674fd4a07320e8b7f4e5b496ca81316962288feed2cdfad7e98adb7b95b7c
2016-06-07,263.0,263.7,262.0,262.9,https://www.sge.com.cn/sjzx/mrhqsj/538710,9c3d203a1136666ca1ecd0b640e96804ed7659805f32dfd8f7261682de66b2dc
2016-06-08,262.95,265.48,261.7,265.1,https://www.sge.com.cn/sjzx/mrhqsj/538743,0c7ff874b613112e0fd4e81b1432b95e1cdc29574bd77389020c90f1b5c3d5aa
2016-06-13,265.1,272.28,265.1,271.75,https://www.sge.com.cn/sjzx/mrhqsj/538758,9b0ea31f85b90d8a281ac666a301658577dd4129d6011afa940481124dec2ca8
2016-06-14,271.75,278.0,271.0,271.5,https://www.sge.com.cn/sjzx/mrhqsj/538812,9daf6bdb4b518799fe6fd470685ca04419baf062b3410107436c03b818e31487
2016-06-15,271.5,273.4,271.5,272.78,https://www.sge.com.cn/sjzx/mrhqsj/538838,810c88f35aba97aa276d3d4d244993eb115a7ff42b634d3fca7c811db9369c5e
2016-06-16,272.7,278.19,271.9,277.66,https://www.sge.com.cn/sjzx/mrhqsj/538855,f2d961860b3ff62cf0c6f407d2754ddc6d421c040d3b73a5d2a77285bc7384ef
2016-06-17,276.01,278.52,270.5,272.7,https://www.sge.com.cn/sjzx/mrhqsj/538883,f495ed57ba995a8467a129e35812b648c2db9bb262b4b765b1db62736c559306
2016-06-20,273.99,274.5,271.68,272.0,https://www.sge.com.cn/sjzx/mrhqsj/538916,ae72b84217b859542c3b19012d9a7dd03719b34dffa3554deaec95a56cfedc3e
2016-06-21,272.0,273.2,271.2,271.64,https://www.sge.com.cn/sjzx/mrhqsj/538952,d36a7d1a155cea2356eaf06f3e6f6e10d3fb75aa9155e654ad07d4544b31640e
2016-06-22,269.0,270.4,267.7,268.56,https://www.sge.com.cn/sjzx/mrhqsj/538974,33d0d2ca1b554eb552dc060c49d9498ec1160d4b9e527c81f8e6649aed0b3766
2016-06-23,267.01,269.09,266.19,268.9,https://www.sge.com.cn/sjzx/mrhqsj/538990,f15220b26c4161821540ccb523ffdb0b3d556be873dd17a40c6729accff137a4
2016-06-24,268.2,283.5,267.4,281.44,https://www.sge.com.cn/sjzx/mrhqsj/539022,9cbca69d1710a55fded4faf6221cc5dc1a7038bf83d875796c41a59db6c7a7c7
2016-06-27,281.45,283.59,279.01,282.84,https://www.sge.com.cn/sjzx/mrhqsj/539068,a2f0dd102105f27d4b54b7f4e555bf5d76f2f1690bf750b26a8bdaf97592106d
2016-06-28,284.0,284.0,281.6,281.67,https://www.sge.com.cn/sjzx/mrhqsj/539093,301210550bc5e6f9d6568ae06a2f147b92745e9b657f38027c008acf9429c9b6
2016-06-29,281.67,283.4,280.8,283.0,https://www.sge.com.cn/sjzx/mrhqsj/539138,e1c9432511f2ad23f8e79f9efc87e63ae9c42fb063c4fa6adb38144f686a1b59
2016-06-30,282.99,283.59,281.35,281.5,https://www.sge.com.cn/sjzx/mrhqsj/539162,82087ce8e3f7296ad05947105c75fa8f842e6e7af4173d4e6c62fb518297c69c
2016-07-01,282.95,286.37,281.9,285.89,https://www.sge.com.cn/sjzx/mrhqsj/539183,917386d58e5f172266f41c7624d17e632e964b92c83ec7ccdde53d874adda640
2016-07-04,285.0,291.25,281.0,289.87,https://www.sge.com.cn/sjzx/mrhqsj/539224,378c98ed14284c703cc19f5c1a55fe7870755f37df0e8108299ab4a6a39e7c39
2016-07-05,300.0,300.0,287.3,288.68,https://www.sge.com.cn/sjzx/mrhqsj/539244,6e3b098ea5b92aa50f16940eae1521aa72571a4d1e48b5b53f7dea4aac154635
2016-07-06,289.99,295.5,288.21,293.82,https://www.sge.com.cn/sjzx/mrhqsj/539272,0ab73468c97910efbc66536a89aff108a7fa9f9c6da3dfeefc76ef64076dfb6b
2016-07-07,295.99,295.99,293.77,294.25,https://www.sge.com.cn/sjzx/mrhqsj/539297,f44a07483768aa52111ea7687674b504a9b85fdb852b0da4030f9c469e21bbcd
2016-07-08,291.09,293.99,290.41,291.63,https://www.sge.com.cn/sjzx/mrhqsj/539311,badc3f90df0555eb0e1441a3f5b87b8dc9cf4eb71a7ccedfe02b79f03d1eb799
2016-07-11,292.28,295.2,288.0,293.0,https://www.sge.com.cn/sjzx/mrhqsj/539326,ebc8b3b82024980e42e0c838e0bf6fcf27271f0dd771ec17047ee1eafd6686ee
2016-07-12,292.01,293.28,291.5,292.4,https://www.sge.com.cn/sjzx/mrhqsj/539360,7919541f258250aa01427330d8553289367dfc032c9918c3c141e70aef64b91b
2016-07-13,292.0,292.0,286.4,289.42,https://www.sge.com.cn/sjzx/mrhqsj/539390,c55e560110beb82471d5d43a486ee77ac89f3519ad09e889a694be895dbf8276
2016-07-14,292.0,292.0,286.88,287.4,https://www.sge.com.cn/sjzx/mrhqsj/539419,dead4b14115bcacfb520c9eed2d095102214cfc9fb9aa2e83674cde6fc442a9d
2016-07-15,286.99,287.4,284.7,287.04,https://www.sge.com.cn/sjzx/mrhqsj/539443,e50c60aded0d8f3128ac7e355afa1f74bcba95ecc72d949575c5fae7b353d475
2016-07-18,287.99,287.99,285.5,286.29,https://www.sge.com.cn/sjzx/mrhqsj/539479,56517a0e178b0141b60557f1575d054961189643dda194f48d82113c8753975e
2016-07-19,286.0,288.44,286.0,287.02,https://www.sge.com.cn/sjzx/mrhqsj/539500,f33c6afbecb2f6958f7d8ab29b60586538b4205bac23750af9693e9923c6e72b
2016-07-20,288.2,288.2,285.58,285.85,https://www.sge.com.cn/sjzx/mrhqsj/539517,de03df8f1ec3d8ccca69873a861739911349386160306988b55ecba9f98eb947
2016-07-21,285.16,285.16,282.2,283.34,https://www.sge.com.cn/sjzx/mrhqsj/539535,68613f81e34d1b2f5a2aaed83777d3d0cd885523f79849bbc78792bead48ee36
2016-07-22,283.9,286.3,283.0,285.0,https://www.sge.com.cn/sjzx/mrhqsj/539555,2c999661820b36db80d0bc01345e93ce9112cfe725e3c208dfd291d575b5674b
2016-07-25,285.8,285.8,282.8,283.27,https://www.sge.com.cn/sjzx/mrhqsj/539598,d916700056e9c911b79433121b2a4216bd39fae8abb4f2211e21c19a3ceef6ca
2016-07-26,284.99,284.99,282.6,283.97,https://www.sge.com.cn/sjzx/mrhqsj/539624,c3b8bac7a464735b1a7e19118639538717106bd96641f58588916592468ee113
2016-07-27,284.0,284.19,282.56,283.63,https://www.sge.com.cn/sjzx/mrhqsj/539642,98901ddd51543e138021e8648b0958550bb426298c9d068ed9da2da81ec9cfc0
2016-07-28,283.2,287.95,283.2,287.71,https://www.sge.com.cn/sjzx/mrhqsj/539667,17ec5417a4ac289626931913cf5e2d72b7659037bd1c7435faf1fdd4ae85ecb5
2016-07-29,288.88,288.88,285.71,285.83,https://www.sge.com.cn/sjzx/mrhqsj/539791,777f5e63258b5fea21892fe7be9ea7dcf648567aa88e8ac7ad0911635ed5259b
2016-08-01,286.95,288.67,286.0,288.17,https://www.sge.com.cn/sjzx/mrhqsj/539811,eba26a47ada0e6326600a8e00943d7f4b3ef4c374078c0fcd5525df554fb5452
2016-08-02,288.99,290.4,288.08,290.1,https://www.sge.com.cn/sjzx/mrhqsj/539834,3345ac0a4a4d3754f198c6e45438ef1cbfcda7651bd03e9727b491e3ef9f2783
2016-08-03,290.99,291.9,290.11,291.9,https://www.sge.com.cn/sjzx/mrhqsj/539858,e11bbdfdaa865b35de8febfaf0346de142f32d25cc24723c2baf7feec8c8cad3
2016-08-04,291.89,291.89,288.38,289.05,https://www.sge.com.cn/sjzx/mrhqsj/539902,2973d4249d417de27a770cc8de9a7a9537ca104602b7272d41406793cf977e89
2016-08-05,290.88,292.2,290.31,292.12,https://www.sge.com.cn/sjzx/mrhqsj/539947,60bdb685304243504babe3a650835881d8c7df0cabaea9a1c244ca490e88409a
2016-08-08,291.99,291.99,285.87,286.42,https://www.sge.com.cn/sjzx/mrhqsj/539966,8bc7014c8b04c2d81048fec97abf369c9a4cecaa5ab5095bfed4b3ea679860be
2016-08-09,286.42,289.0,285.31,289.0,https://www.sge.com.cn/sjzx/mrhqsj/539991,ad4c1af0f602eacc11c91adea3f2970cbee74c885b6c79c3fb2d175873937416
2016-08-10,289.0,290.07,285.85,289.59,https://www.sge.com.cn/sjzx/mrhqsj/540007,4be2b1aa829cf96a4c6e77e5d62cec4f2d031f67938a627f9e86db98b97ae9f6
2016-08-11,289.59,289.98,287.05,287.84,https://www.sge.com.cn/sjzx/mrhqsj/540046,a907864c89b44cee6e339164326822a367c06d020ad74ab6100b1f61e49ec257
2016-08-12,287.98,289.28,286.58,286.8,https://www.sge.com.cn/sjzx/mrhqsj/540095,2f06ba2eee221f2bb623f16ff0131c76c97fcc5b0d54080ce207dd36d5385837
2016-08-15,287.99,289.3,285.8,287.35,https://www.sge.com.cn/sjzx/mrhqsj/540124,f67df2219b2eecbe6ea031688d6927773ca29e212a8e43878272a37288c2e8d7
2016-08-16,287.99,288.65,286.4,287.98,https://www.sge.com.cn/sjzx/mrhqsj/540146,79da34e8d7343066cae99aab7b8f2e1c4f70dca35f2af6d6aabd4bfa019a3d09
2016-08-17,289.2,289.6,286.79,286.79,https://www.sge.com.cn/sjzx/mrhqsj/540169,e3921dd2d5651ba143f6a0b0b8890b4d792a86dd28d7db73372674413cfec5e0
2016-08-18,287.2,289.3,287.0,288.87,https://www.sge.com.cn/sjzx/mrhqsj/540203,74740abb5f6757cacb61b78e3a57560fcbe77a718b93e1ee92f46e8f09522397
2016-08-19,288.3,288.99,287.7,288.2,https://www.sge.com.cn/sjzx/mrhqsj/540228,11e9466f1a1cde1ea839b49947ae0f282b42d212c988b5051d09b93e121e179e
2016-08-22,287.7,288.5,286.11,286.35,https://www.sge.com.cn/sjzx/mrhqsj/540250,30b650a90fad03362b1fbf3bbf2bb556b050cb286ed4696836147a186704281f
2016-08-23,286.95,287.5,286.23,286.82,https://www.sge.com.cn/sjzx/mrhqsj/540274,72779f0279710ca16e4aded4597938a3fd756b49a1054031c14cf341697aeb23
2016-08-24,287.9,287.9,286.7,286.7,https://www.sge.com.cn/sjzx/mrhqsj/540300,353410fb2b76705b09b7e08d277ff944c091988c1e8b02cd3b19a4daef930cd4
2016-08-25,287.29,287.29,284.2,284.89,https://www.sge.com.cn/sjzx/mrhqsj/540318,acf1c9b83ab93c2e0a6edc2b7c26513bcc4618ff17e751225e21e18d36b47d4f
2016-08-26,284.2,284.9,283.22,284.89,https://www.sge.com.cn/sjzx/mrhqsj/540346,5b0dca83b58fe37b28501dc4e7223458290f3151c411d0c2433b207f723d426f
2016-08-29,285.2,287.28,283.3,283.5,https://www.sge.com.cn/sjzx/mrhqsj/540377,ed5d2ba9ad2415313e0c9a08e958de2f442cbcd04f838d941c171f2f2dc2ad89
2016-08-30,283.9,285.0,283.0,283.99,https://www.sge.com.cn/sjzx/mrhqsj/540402,1566ebad52d736d446e2badddb60d690964fa3cf9e027ff7eafaedae220392ef
2016-08-31,284.99,284.99,282.62,283.19,https://www.sge.com.cn/sjzx/mrhqsj/540431,fde1225aca0fce8b0a9d030c4d8ca69c6652513694b8a15a576e4c8885b46d62
2016-09-01,282.52,283.5,281.41,281.49,https://www.sge.com.cn/sjzx/mrhqsj/540449,af72207b2332e1e8b14e405883f46f4964fa9a051b7bf77eb3fa1602b9367056
2016-09-02,281.45,282.95,280.86,282.46,https://www.sge.com.cn/sjzx/mrhqsj/540483,7e342841565727747142b03082bcf342ba2571ac0864ed27110f0037d374f232
2016-09-05,284.54,285.75,282.65,285.33,https://www.sge.com.cn/sjzx/mrhqsj/540513,54ac784950dc0d9666d6a6ae7add2b73b879f372aa9b3db28b67dadba920363e
2016-09-06,286.25,286.3,285.4,286.3,https://www.sge.com.cn/sjzx/mrhqsj/540537,974c97ae04e6587c46614b862dbe96ea1f0f5a5ed1542277a9059499aad1e7cf
2016-09-07,286.3,290.45,286.0,289.37,https://www.sge.com.cn/sjzx/mrhqsj/540560,f303905a8bc589a06f035a56bd09d71b655c1ef82526fdb8bb5663f8855b39e7
2016-09-08,289.48,289.5,288.2,289.2,https://www.sge.com.cn/sjzx/mrhqsj/540584,3f70400c12901895706190afa76637541654ecafab91bb48c11c3d9c80802c24
2016-09-09,289.69,289.69,287.51,287.7,https://www.sge.com.cn/sjzx/mrhqsj/540603,96a8b66527ddb16421637b6baaa7793ad07153422dad704510c9d6f0f330c76d
2016-09-12,288.58,288.58,285.55,286.39,https://www.sge.com.cn/sjzx/mrhqsj/540625,2a1da41bc971ad734d82db62f4f4085925fbc0da87b258df68d5acc1ccf4041b
2016-09-13,285.55,286.84,285.2,286.15,https://www.sge.com.cn/sjzx/mrhqsj/540655,af53e24dac5ad78d5615edf253a9c2f4dd488119ed9b702a17faf47ae30e08a1
2016-09-14,285.99,286.1,283.5,284.95,https://www.sge.com.cn/sjzx/mrhqsj/540691,841b360eb5e4f9e7d79d713ef1742d4251865298add83f1bee5ae1522ceb2423
2016-09-19,285.1,285.1,282.2,283.8,https://www.sge.com.cn/sjzx/mrhqsj/540732,fea224fa6c7cec79a33f17c704a4500ac1bd41e33b47e03ff5b380b14277df23
2016-09-20,283.41,284.0,283.2,283.5,https://www.sge.com.cn/sjzx/mrhqsj/540750,437a6ec5d25f84fd4e351785d6bab0e2a5cf0ab396f64283c3e845103e60862c
2016-09-21,284.49,284.5,283.0,284.4,https://www.sge.com.cn/sjzx/mrhqsj/540794,9a2cd301bedfc1a97cd7001208b77719ebee81b737cd9320f51bd300fd483942
2016-09-22,285.2,286.9,284.95,286.85,https://www.sge.com.cn/sjzx/mrhqsj/540823,69ccc7769db4f29dee510e505ed59c29a2546681e7bfa5812fc5a56efc124d3f
2016-09-23,286.85,288.09,286.5,286.8,https://www.sge.com.cn/sjzx/mrhqsj/540851,89b12bc803e21f118c247e602565411891c5423c0d572e550e382c07727ebdde
2016-09-26,287.97,287.97,286.67,287.12,https://www.sge.com.cn/sjzx/mrhqsj/540874,3fb46b026fee7df7dbfa7c0d14235734fee8681a86598a8650f676af02d0af7f
2016-09-27,287.3,288.0,286.79,287.49,https://www.sge.com.cn/sjzx/mrhqsj/540912,68a619f5bca86ae890331352308f97e6c37d4b8289d18dd4e6a0d0c4ac4a52b3
2016-09-28,287.65,287.65,284.6,284.91,https://www.sge.com.cn/sjzx/mrhqsj/540934,a7d347ca453c262c6db7766418b481ec4ec001a2046582ac1439be091b6c5721
2016-09-29,284.65,285.39,284.18,284.54,https://www.sge.com.cn/sjzx/mrhqsj/540952,8e985c6c8365168402b26f80632706305e8d68b27b4236567a159fbb329f8d4c
2016-09-30,284.99,285.2,283.01,284.95,https://www.sge.com.cn/sjzx/mrhqsj/540976,0f2c539823788748c207e38611c61c9279578f1298d58f1f4a116354dbc59016
2016-10-10,284.95,284.95,272.0,273.32,https://www.sge.com.cn/sjzx/mrhqsj/541010,d5f293cad7282cf963ad8cb5cda00073b13cc571d622690ced13a5110686c091
2016-10-11,273.12,273.64,272.5,273.35,https://www.sge.com.cn/sjzx/mrhqsj/541032,ee7900b45cfc2444b4269dc334a4deb093f997745ac601455f17daa9ef62fdbd
2016-10-12,273.1,273.49,272.37,272.65,https://www.sge.com.cn/sjzx/mrhqsj/541066,46f5cbd75dc2fb0c30a27c6acda07a64c9ab68ad91901558d5b6d115808e2ea0
2016-10-13,273.1,273.95,272.0,273.21,https://www.sge.com.cn/sjzx/mrhqsj/541102,996183344e812956857421aa5b45cebfc65c2976dad8d48ed76d03616802ad11
2016-10-14,272.83,274.0,272.66,272.8,https://www.sge.com.cn/sjzx/mrhqsj/541121,db33247c0e03f9899a9bbdb1c16d8afec357ba088de17edf186991a1a6f82667
2016-10-17,272.55,273.5,271.5,273.06,https://www.sge.com.cn/sjzx/mrhqsj/541151,c062cca97028f11fe547e106c1badc2b683071d24a4326048b56f4719905fcdf
2016-10-18,272.1,275.0,272.1,274.97,https://www.sge.com.cn/sjzx/mrhqsj/541179,ca0857b82c00cc622cf912abf3ce4e25bac177763d518e5ad597a9a0d9acef1a
2016-10-19,274.97,274.99,273.8,274.61,https://www.sge.com.cn/sjzx/mrhqsj/541197,78ed252dc435766da30f216f21e5b5dce1a8b42540b8d1ec8bb74ff05721da1f
2016-10-20,276.98,277.49,276.0,276.0,https://www.sge.com.cn/sjzx/mrhqsj/541233,d53429ca1573d9dc5b0f6bc540dca0b0d04801aaa5d9ccc74b316315e9ecad8e
2016-10-21,276.6,276.88,275.21,275.54,https://www.sge.com.cn/sjzx/mrhqsj/541259,a76e1ff4802553f61bda17de54cb2b26563bf4fc8dde55be82762420581d1003
2016-10-24,276.55,278.7,275.78,276.89,https://www.sge.com.cn/sjzx/mrhqsj/541284,0d9cf0414f000ce3da20ae0bad4ea13812308413bd9555312efa11aa8ba2d567
2016-10-25,276.52,277.99,276.3,277.31,https://www.sge.com.cn/sjzx/mrhqsj/541327,eeab605b4dac7bb783b9b3d8d4f67fdf59fc74d16431d45eac97dd656adb4966
2016-10-26,277.33,278.98,277.21,278.77,https://www.sge.com.cn/sjzx/mrhqsj/541375,e87a30b42e4415a904ffce823976d88f59303bf55f06162c2dae277b16538f54
2016-10-27,277.99,279.98,277.2,277.68,https://www.sge.com.cn/sjzx/mrhqsj/541403,1ad2293dc0600882a878c4300632fba57c587f26f76887c2557ad855572f137c
2016-10-28,278.5,279.0,277.31,277.55,https://www.sge.com.cn/sjzx/mrhqsj/541413,712753a2c8b4253582c41006ce32a7b0a20243e8c29a88047d267fcdf696d315
2016-10-31,277.78,280.0,277.0,278.93,https://www.sge.com.cn/sjzx/mrhqsj/541457,723bbbb24a97eba043dc27f4a19dc2103d2622a2831b1400150dd0f57f2a95d3
2016-11-01,279.4,280.2,278.4,280.11,https://www.sge.com.cn/sjzx/mrhqsj/541488,076254a8d436c95c651dd76c08e5ab43e2b14552eb247de7191790d165bcaee7
2016-11-02,281.99,282.85,280.55,282.57,https://www.sge.com.cn/sjzx/mrhqsj/541512,6b6a62bc40930da19354f9cd0ebde3930865c398ab9db470fbf0776ae2b8be83
2016-11-03,283.49,284.78,282.85,283.73,https://www.sge.com.cn/sjzx/mrhqsj/541536,a0ed0866367abcfd1cec5e917822692f04c5f59fce8df234ca9a19bb203f7849
2016-11-04,281.5,284.18,281.5,282.94,https://www.sge.com.cn/sjzx/mrhqsj/541550,30821b8216e1a1dd6c5b28cb7b3cbbd1cc8fee792fd7ac2b8908c4a0b054ecaf
2016-11-07,283.0,284.8,281.31,281.38,https://www.sge.com.cn/sjzx/mrhqsj/541573,55086331d6e610119b8571295dd59fcf5d36b1dd23ab9bd6960180b1211b5199
2016-11-08,281.3,282.99,280.1,280.7,https://www.sge.com.cn/sjzx/mrhqsj/541630,23948fb1fd171ace053c3ecbe4fa03c793f56f627a24dd49d53a0ccc1b2828fb
2016-11-09,283.97,289.9,279.22,288.38,https://www.sge.com.cn/sjzx/mrhqsj/541653,12309add123383f87c952fe332fcba16285bafe2e4ac4364aa1c79caec720ade
2016-11-10,288.3,288.3,282.15,282.6,https://www.sge.com.cn/sjzx/mrhqsj/541670,389aad43144d1a2b1acc400fa1aef07774e90508a7dd628d7f7aacde3246c35f
2016-11-11,282.5,282.89,276.1,278.47,https://www.sge.com.cn/sjzx/mrhqsj/541714,be7d26129513ad0c43ce628b6109e1c0703332276dbdefaae5d009b58a8cbc6b
2016-11-14,278.35,280.0,268.0,271.99,https://www.sge.com.cn/sjzx/mrhqsj/541736,f7473aad34ffe656f695dbb4af3c5567d4e3b18f91050df144a84e81681fb46c
2016-11-15,272.75,273.78,270.1,273.69,https://www.sge.com.cn/sjzx/mrhqsj/541758,ea18ad66022be04e391862b2884081a1dbbd46c2820edb4d280933c05b07b5bb
2016-11-16,273.69,275.0,272.3,273.26,https://www.sge.com.cn/sjzx/mrhqsj/541800,424c56c52ea70f6d280a7d21d5c54b602ac6bea12ce59492007ce582512a2711
2016-11-17,273.0,275.0,273.0,273.45,https://www.sge.com.cn/sjzx/mrhqsj/541826,01a39a1f005cd389cfc9219f74f5a22360c8dc7c45ae559289b805717fb3642b
2016-11-18,273.8,273.95,270.02,270.7,https://www.sge.com.cn/sjzx/mrhqsj/541852,5a00139eb2d47b7422c8a9c72d240a7a759beeb0a0ab82582205b1768ec34b17
2016-11-21,271.85,272.88,270.6,272.8,https://www.sge.com.cn/sjzx/mrhqsj/541886,b99ed73ffffe76d35c0a705acd84a3c391af0c2b0bfb4bec96ffcf186149a9f7
2016-11-22,273.8,273.8,272.1,272.41,https://www.sge.com.cn/sjzx/mrhqsj/541901,b066ac8443c5578823e6158522e4fdd283986bce6b311bc0750a8a44a791c70b
2016-11-23,273.7,273.7,272.11,273.0,https://www.sge.com.cn/sjzx/mrhqsj/541918,625e1ba25bf0303e525deb986168f3fbcb3340f95b7233ee615cf5c653c71f38
2016-11-24,272.55,273.49,270.0,270.4,https://www.sge.com.cn/sjzx/mrhqsj/541933,8ef6ed0e742c32ae6a61f001926452b6abdea69806021409395892ac4eba31ef
2016-11-25,270.99,270.99,264.51,269.36,https://www.sge.com.cn/sjzx/mrhqsj/541956,a758db6c0a0948e5c63820d5a98ecaeb44a3bac09b4b0b54373e78d10b86b5a1
2016-11-28,269.99,271.86,268.46,270.59,https://www.sge.com.cn/sjzx/mrhqsj/541969,d862d801f6706009a74037f251c4ebf581c6fd585f4752969a0e8468671fca45
2016-11-29,270.68,271.88,268.6,268.69,https://www.sge.com.cn/sjzx/mrhqsj/541984,2010f4457150772b8cb8949fd125938245cfa6d031aabe705036cd14e3025151
2016-11-30,268.61,269.35,266.0,267.91,https://www.sge.com.cn/sjzx/mrhqsj/542002,244fb7e5f977ecd14badb9d071f1c132b8ae38eb6f46ac4bf7bd434347285046
2016-12-01,267.5,267.99,263.2,265.54,https://www.sge.com.cn/sjzx/mrhqsj/542033,21ae0231e0e935ca5b56883dcee5b602ecb5046a4a86dc4f1b8a418f04153585
2016-12-02,265.39,265.5,263.75,265.34,https://www.sge.com.cn/sjzx/mrhqsj/542040,bdf7cc87af35456eb1401617e6d7a740e55f5309c69b1bea93938bf273bfe49b
2016-12-05,265.1,267.24,264.0,265.0,https://www.sge.com.cn/sjzx/mrhqsj/542079,9a8e16c7856620efd5baddef86af1c5e73fd9f9d6d03157964c3007c3e954309
2016-12-06,265.0,266.2,263.98,264.69,https://www.sge.com.cn/sjzx/mrhqsj/542099,6656654b85b416c4fb4bd8d844295e787f47115c279496b8338c97823bae77bf
2016-12-07,265.0,265.47,264.1,265.45,https://www.sge.com.cn/sjzx/mrhqsj/542109,df935f481892c8272a97fa60ad0fcc042ab897c159e78504f6521f83f5e6b8ee
2016-12-08,265.0,268.5,264.8,268.49,https://www.sge.com.cn/sjzx/mrhqsj/542111,ffbb446bc026235dec2499517b28531da126add79f2e9647e9e1fe4bdc03b83d
2016-12-09,268.3,268.3,265.1,266.49,https://www.sge.com.cn/sjzx/mrhqsj/542138,b1c6ea164252b11b1fee86fa239d61ddd322d4651a2e97bd4b96c219a64741ea
2016-12-12,265.26,265.86,264.0,265.0,https://www.sge.com.cn/sjzx/mrhqsj/542165,2b9800ca8a8e77c06fa43354b2ad685e5e3824be4ae7bfda5d1d505984536fc7
2016-12-13,264.55,265.4,264.0,265.34,https://www.sge.com.cn/sjzx/mrhqsj/542193,95807a71ac174cd6da4c291ab258e28c64d77495e11f90372d16061628f91e23
2016-12-14,265.0,265.95,264.2,265.93,https://www.sge.com.cn/sjzx/mrhqsj/542210,726d54111ab965eb4f879808bc12ec858f266408fc35eb1b326f37fe71ca752a
2016-12-15,265.93,266.7,262.2,263.0,https://www.sge.com.cn/sjzx/mrhqsj/542223,fe27e81018fe1c1c6969aababa0b981488c86ea5405815f4ca8fd0cd4048f19f
2016-12-16,262.6,263.3,261.7,262.11,https://www.sge.com.cn/sjzx/mrhqsj/542258,b1bc88358d06d01de4b9b84c8cce2b950d5799f45dc380d98a8f56c981532914
2016-12-19,262.45,263.5,262.02,262.76,https://www.sge.com.cn/sjzx/mrhqsj/5140814,4a614607477738015cd7f474c14bd93462d780300ab724f5599afd77a0cd8bca
2016-12-20,262.88,263.7,261.42,262.06,https://www.sge.com.cn/sjzx/mrhqsj/5140819,eb086f0d0066fc0eb6bf49a81ef2fe310a901476f55289be0ba9afa0852376be
2016-12-22,261.18,261.18,259.05,260.0,https://www.sge.com.cn/sjzx/mrhqsj/5140839,6ceab94a22a7622a5ae872736b5817aa8099c808ee1b19305dc536dc7dce81f5
2016-12-23,258.95,260.37,258.7,260.07,https://www.sge.com.cn/sjzx/mrhqsj/5140850,d75118e862221f62c6a0ae3487401f98b3e533b1ed9b21cd800da2b43865f144
2016-12-26,260.0,261.5,259.8,261.4,https://www.sge.com.cn/sjzx/mrhqsj/5140856,0eda657b12970eeb2e14acfbd644434f271fc4b646178a4edc34ddc47309b549
2016-12-27,261.4,262.0,260.6,261.67,https://www.sge.com.cn/sjzx/mrhqsj/5140858,48d38650ecad8d2bf612b5d078af41219b55439a4f7414a4b3fa01c2eb552396
2016-12-28,262.5,262.9,260.11,261.91,https://www.sge.com.cn/sjzx/mrhqsj/5140867,c40907ac53ab3a03b6c2626974a30716d07c5b067d0cf04c7c0a1a552dce9d12
2016-12-29,261.6,263.2,260.8,262.99,https://www.sge.com.cn/sjzx/mrhqsj/5140875,d9055254eaa6df1199f6f1903129678d716790b4b56c835890c0b34a38a0cd82
2017-01-03,264.04,265.2,258.0,263.65,https://www.sge.com.cn/sjzx/mrhqsj/5140912,da8f7633adbc7d9f2033bc6c027818d6a84b69e0094da3d8dd94eae887d54a10
2017-01-04,263.99,265.0,263.2,264.87,https://www.sge.com.cn/sjzx/mrhqsj/5140918,c663c8ebf526218b6c7412636d85da82847ee1ffee75d1c076b2b3b52d969548
2017-01-05,265.98,265.98,264.0,264.73,https://www.sge.com.cn/sjzx/mrhqsj/5140924,8e24a5c1b5fc661797c43e389f71b8313a3d7e5697ca98ce586c8e6b87da7291
2017-01-06,264.9,265.65,263.5,265.29,https://www.sge.com.cn/sjzx/mrhqsj/5140944,d9309927e09e15b9ecfd6bdad6bd260ce44c74ab358affc884d7149bf258b1b4
2017-01-09,265.06,266.0,264.66,265.89,https://www.sge.com.cn/sjzx/mrhqsj/5140950,2191be4a7c0a0438554ab94d3134f9c121ff626436caaac3ebd03051b717c293
2017-01-10,265.89,268.6,265.89,268.11,https://www.sge.com.cn/sjzx/mrhqsj/5140956,ae230eae080674c5b5e7652bc5e9926e28e7c4e35f85094e20900011b1d76d36
2017-01-11,268.88,269.88,268.0,269.09,https://www.sge.com.cn/sjzx/mrhqsj/5140966,2ccfc2f0c164dc278732dc7c79926999c455994256a426a4f68666cc48e4be6e
2017-01-12,269.0,269.77,266.75,269.33,https://www.sge.com.cn/sjzx/mrhqsj/5140969,bda519de2b14ce51578c6cf70f2fad8c5307943d3b7cc79f14a80bba1bcb5a54
2017-01-13,270.6,270.6,268.42,268.79,https://www.sge.com.cn/sjzx/mrhqsj/5140971,c464818aca6c4cff2e29f86af3c0a5a47c1ff463f1d04ee43cc7aa1080c48a24
2017-01-16,269.0,270.99,268.15,270.5,https://www.sge.com.cn/sjzx/mrhqsj/5140979,f1110c9b4b8806728d0c3379a345caff562782f0d3dde1edd6aaa8d340e3c7e1
2017-01-17,270.98,272.51,270.0,272.18,https://www.sge.com.cn/sjzx/mrhqsj/5140989,baf9e7e6b76f7c8c0524da3159fc9adb9b2af02e19f7bb0d3a115e462d3b01f5
2017-01-18,273.0,273.0,270.95,271.03,https://www.sge.com.cn/sjzx/mrhqsj/5140997,b0a337b35c9ce0121e5a9397b0a15a9193ad36dd18330fdfd52439754c134505
2017-01-19,273.0,273.0,268.0,268.03,https://www.sge.com.cn/sjzx/mrhqsj/5140999,6dd5b826354d570baec4ef489b4158d7e646a64a41df01856d6d50005e84ff60
2017-01-20,268.99,269.36,268.0,269.05,https://www.sge.com.cn/sjzx/mrhqsj/5141010,8cc98331ef0af0a256ac7ea8e5b4b8eb6d7e7ba53dab064ef825346c13b9f8ff
2017-01-23,269.33,271.0,268.15,270.28,https://www.sge.com.cn/sjzx/mrhqsj/5141016,40ba82d517de0fc966ba5f82af7d2d1b892294510be6fe1ecdb1bd8c763b7c7b
2017-01-24,270.48,270.66,269.7,269.85,https://www.sge.com.cn/sjzx/mrhqsj/5141023,acbc92ee53e33a840ea56645a837e26353c49053974053ed18e167df416d2e9f
2017-01-25,270.49,271.15,267.7,268.07,https://www.sge.com.cn/sjzx/mrhqsj/5141029,be85237293ebe23f65fea67421ca9eec36f23e5d4c53de42da812e9fff14a8cf
2017-01-26,268.99,268.99,265.8,266.25,https://www.sge.com.cn/sjzx/mrhqsj/5141036,694faf2ea798638f360fac674da15fa532db3cbd5e14f4e2ad5a6c101b73dadc
2017-02-03,266.25,270.1,266.25,269.3,https://www.sge.com.cn/sjzx/mrhqsj/5141041,87b219360cf36103eacdab538990f709caa922da9311f785bfa2c210075017cd
2017-02-06,268.01,272.4,267.3,271.79,https://www.sge.com.cn/sjzx/mrhqsj/5141047,a9dd4694a66b848671a645bd54f33161bcb6067147b0a4ac9cf618264f6a6f4c
2017-02-07,272.2,274.7,272.2,274.16,https://www.sge.com.cn/sjzx/mrhqsj/5141057,f246fa465f0becdbc39d1394f330fb54bb2e26d8159af3c995c54578d637ffb9
2017-02-08,274.2,275.39,273.85,274.35,https://www.sge.com.cn/sjzx/mrhqsj/5141059,361e5efd5ddc323d04001249e025a8a0ba2264fa80349251812b7d7c19f5e27c
2017-02-09,275.97,277.65,275.51,276.31,https://www.sge.com.cn/sjzx/mrhqsj/5141068,9f936e1b422724aca82e8c71a7deac7ba8ed7cd55ddc368d18af37e6603a8f9c
2017-02-10,276.2,276.69,272.8,272.83,https://www.sge.com.cn/sjzx/mrhqsj/5141076,1fc2992961f74e3216fef1f9418a8db97de29af71008663da0595c0178835946
2017-02-13,273.97,275.01,273.1,274.64,https://www.sge.com.cn/sjzx/mrhqsj/5141082,e0ed6b20e20b281ddc045cfcf209685e68531fc8a80b1747758ea5cbd4461f64
2017-02-14,274.98,274.98,272.7,274.06,https://www.sge.com.cn/sjzx/mrhqsj/5141087,7b2709fc87c50b9cd353a21db568182ea89bf3a8ef59dc00c43db16c3791b2c3
2017-02-15,274.49,274.59,273.0,273.4,https://www.sge.com.cn/sjzx/mrhqsj/5141095,55d4ba564041a2216b6da2fcee0193716063ce9fed650494074b06c0b971381d
2017-02-16,273.99,275.45,272.1,274.93,https://www.sge.com.cn/sjzx/mrhqsj/5141100,42ef02c293cd1f1eace390bba66629f23372de0c057ef70f1f361089fa372e14
2017-02-17,275.5,276.1,275.11,275.75,https://www.sge.com.cn/sjzx/mrhqsj/5141106,ac50ea42f7d893d74660648810f4f4bb0f38227d36e987b85065226d429d5209
2017-02-20,275.75,276.66,274.9,275.5,https://www.sge.com.cn/sjzx/mrhqsj/5141112,2e37cc2401e6e104b9c5f8a7324d0803fb4bb1f919378bc7725e07fd481940b1
2017-02-21,276.49,276.49,275.01,275.55,https://www.sge.com.cn/sjzx/mrhqsj/5141122,2d407a84b2f9c4f7c248d8ec5ebb70b6c734ce40d32ff86ff1004a4b94f4a9ec
2017-02-22,274.86,276.45,274.5,275.6,https://www.sge.com.cn/sjzx/mrhqsj/5141127,19b07b3e3c06c01adb067f389a2028cfd3dfbde752c7160dd1cbbbd15aa8449e
2017-02-23,276.48,276.48,275.3,276.2,https://www.sge.com.cn/sjzx/mrhqsj/5141135,14fd4f311cdf379dc88bdb7426718686ebc4e8402f32fa25748cbf90f4aca730
2017-02-24,276.59,279.84,276.01,279.63,https://www.sge.com.cn/sjzx/mrhqsj/5141145,4f7ff5ff0011e4826c48511cdc4edacaa673f5a926bcc446c5dab968c66e4244
2017-02-27,281.2,281.2,278.81,280.6,https://www.sge.com.cn/sjzx/mrhqsj/5141152,8fc97b3d7039b9765929043ed4cd23f6d097ac9c4d112f54cdf51b09b6ea6127
2017-02-28,280.4,281.9,279.45,281.83,https://www.sge.com.cn/sjzx/mrhqsj/5141161,aad06dc00c53eede1da0b676c7e112b7dc4baf752e915d570a803b09c230e842
2017-03-01,280.0,280.35,277.4,278.0,https://www.sge.com.cn/sjzx/mrhqsj/5141162,024657c4b9d0d586e442e1a004c40b325116cac1cf5bbe6487be5655361250b5
2017-03-02,278.0,279.43,277.0,278.35,https://www.sge.com.cn/sjzx/mrhqsj/5141171,d5fa419e4b1aba00940cff35ef610f3c631be0d6571c26551e75503f5b472251
2017-03-03,278.49,278.5,275.7,276.23,https://www.sge.com.cn/sjzx/mrhqsj/5141182,d3d92c59a916734e0e6743d1ba0cd0d7bf8b67a08a68a4f4649bbe940a6a30a0
2017-03-06,275.5,277.0,275.39,276.54,https://www.sge.com.cn/sjzx/mrhqsj/5141190,3fb42f1b01d0eef6f628e67b1f45f2aa7493f7dbd5cda33d0e94512102491b7a
2017-03-07,276.5,276.9,275.3,275.37,https://www.sge.com.cn/sjzx/mrhqsj/5141201,0330fc10babad61735f4433ea4496caa94eadc8561a63090ced289005ede7196
2017-03-08,275.9,275.9,273.71,273.79,https://www.sge.com.cn/sjzx/mrhqsj/5141208,7b35a9f8f081e6d2914783797216cca8af16aa88ee8f79b60e7e9134d997136a
2017-03-09,274.6,274.6,271.8,272.22,https://www.sge.com.cn/sjzx/mrhqsj/5141213,d4242f10cd1b2ca4f3fbb3e1aafc3d51c9092ad8e7fa917cc3331c839d1ce83c
2017-03-10,272.69,273.49,270.2,270.41,https://www.sge.com.cn/sjzx/mrhqsj/5141223,405949beb01c66baffa5134bde70aadf76221151e826b30229112748b8785cb2
2017-03-13,271.78,274.15,270.12,272.9,https://www.sge.com.cn/sjzx/mrhqsj/5141230,6cf941a141699e73ec9150bb8342d4bd478be1a56c59f76315c2b6a4fd0078fa
2017-03-14,271.0,273.88,270.15,271.3,https://www.sge.com.cn/sjzx/mrhqsj/5141237,ba516052cff0904be66dc72bd1bb0411a19c16f5e9ab20529da5872e7ea9175d
2017-03-15,272.0,272.1,271.0,271.51,https://www.sge.com.cn/sjzx/mrhqsj/5141244,356e1504bf70a4ae07c2ad72f3d200ee82a77e3902140a8af195f7ca06964571
2017-03-16,271.4,276.2,271.0,275.89,https://www.sge.com.cn/sjzx/mrhqsj/5141250,1de692e48272b7cd40a18c0cb61d1a323d975f2fcd7e9d1babb6b2fd597b1153
2017-03-17,275.02,276.48,275.01,275.62,https://www.sge.com.cn/sjzx/mrhqsj/5141257,208686e606e5a9eeff97bb8215238ec7d921d95b20227c6e3c987d2d07994b6c
2017-03-20,275.62,277.2,275.62,277.07,https://www.sge.com.cn/sjzx/mrhqsj/5141265,ee7a0d1206d9fe2718b46e74212ae30e14d89037345cd36ae7ab46d4a6f78a88
2017-03-21,276.7,277.25,275.7,275.75,https://www.sge.com.cn/sjzx/mrhqsj/5141275,838f3f44e8b41b827da9e61156c1003d3cad3be03558b59b02ef0e7427946b51
2017-03-22,276.2,278.95,276.2,278.2,https://www.sge.com.cn/sjzx/mrhqsj/5141281,5be298d4e10299c35bd54e6916b0ecbb8c33c0be8b102c05c15959181421f9b5
2017-03-23,278.2,278.6,277.81,278.21,https://www.sge.com.cn/sjzx/mrhqsj/5141286,322312cfc85ea9a8092da43fc858b9115be3e7a3248311c385c1660725cf2338
2017-03-24,278.4,279.28,277.6,277.88,https://www.sge.com.cn/sjzx/mrhqsj/5141297,f70fd4bc94b8141f36f9db675e61cf980428bdb877aefaa4d5ed64af81c325fc
2017-03-27,278.35,281.0,277.88,280.53,https://www.sge.com.cn/sjzx/mrhqsj/5141303,36622e727d79c461e0e634bc747ba20b833ce15c30f09430c6e121463718800d
2017-03-28,280.5,281.19,280.0,280.23,https://www.sge.com.cn/sjzx/mrhqsj/5141306,0d7f85aa29d10696c0532fb3493e20e9ba048d79eb4ea100adff12a48833bc15
2017-03-29,280.5,281.17,279.35,279.74,https://www.sge.com.cn/sjzx/mrhqsj/5141312,ae061bf6af129c297a3b124faef3ee1bcb36cbbfaaf09a1ca0416af9fb542bf4
2017-03-30,279.52,279.99,279.3,279.6,https://www.sge.com.cn/sjzx/mrhqsj/5141324,a30e852561a9fbfb9929ea6ee3944578925c9a1d0dc87d93b8a772bc6e3a86af
2017-03-31,278.48,279.93,277.6,277.81,https://www.sge.com.cn/sjzx/mrhqsj/5141327,de16b28e49008e7cf066b403c905a2efc24e277c23e68df764f8d96b2c37dc25
2017-04-05,277.81,280.7,277.81,280.63,https://www.sge.com.cn/sjzx/mrhqsj/5141342,a10e7655ee04086c90f05683a6a33afb8dfabddc9acfe5baf07e360cc54c4dd3
2017-04-06,280.49,280.55,278.8,280.21,https://www.sge.com.cn/sjzx/mrhqsj/5141348,2f62a12989ddf9e440abb2d2aee98583c4f5597745cd9d315eeb25e3848075a1
2017-04-07,280.35,284.43,279.7,282.93,https://www.sge.com.cn/sjzx/mrhqsj/5141356,38b4c5d4200d394dee41be43170a33f6ff27ed0d625444d8a5cca8a04438a2d9
2017-04-10,282.9,284.48,280.51,281.39,https://www.sge.com.cn/sjzx/mrhqsj/5141359,93897b0ea4fb56377e7d42806aa9d3ebc57d8283c22243234a3e79dd22621eab
2017-04-11,281.39,281.9,280.0,281.84,https://www.sge.com.cn/sjzx/mrhqsj/5141371,53fd073cd80b746087f80d90a2f58ca8505ecfee633ac004e5866372b8023572
2017-04-12,282.49,285.6,281.5,284.41,https://www.sge.com.cn/sjzx/mrhqsj/5141378,314959e8a855755309e8796f8b4d01d2fc622ae7d8d30505e3083aa359ebce49
2017-04-13,285.58,300.0,284.0,286.69,https://www.sge.com.cn/sjzx/mrhqsj/5141392,282ffb74c4f77bd9eb1541c7767cd09b4b6dbf6f5fb8fa0840a3f9e3fbad5bb4
2017-04-14,286.99,287.0,285.8,286.6,https://www.sge.com.cn/sjzx/mrhqsj/5141393,f32d2a51cd935f20dbb29fd120d45774b3e69a9af7088ce5afba2f1814197984
2017-04-17,287.45,288.5,286.41,286.9,https://www.sge.com.cn/sjzx/mrhqsj/5141407,50de7590cbc31a42bfc088cf68d2fffc3a35a7eb8d8bcc5c6071be888b65b956
2017-04-18,289.99,289.99,285.75,286.13,https://www.sge.com.cn/sjzx/mrhqsj/5141413,ef635b50316a8024281d1c196ff8817c0f1bd5fdda0e30e0d8a3710cad680926
2017-04-19,285.8,286.69,284.9,285.75,https://www.sge.com.cn/sjzx/mrhqsj/5141419,1aa1ec757cc1073ba9cda9a70e4cf1ca4704731efef32b0f09f54960e7f1dc61
2017-04-20,285.99,285.99,284.9,285.49,https://www.sge.com.cn/sjzx/mrhqsj/5141427,e8cf5cc6b4663fe16ab84c464b83556f0a744abc0ade121980185d2b762dea8b
2017-04-21,285.0,285.7,284.9,285.36,https://www.sge.com.cn/sjzx/mrhqsj/5141446,597813bfd9ea0a9c1aac950b5c582a00de7e42f4f33cf7c99c162a681fcb18db
2017-04-24,286.0,286.82,283.45,283.57,https://www.sge.com.cn/sjzx/mrhqsj/5141449,fb048404349e0eda204d0a6be806c4b4ddd13d53c1202f3cc4df4d62edba0825
2017-04-25,283.6,284.2,282.5,283.3,https://www.sge.com.cn/sjzx/mrhqsj/5141454,c57b8c19cb7ef5e34d78b6bb23119b2574c063ccf2e28f15700f75208c09415a
2017-04-26,289.0,289.0,281.09,282.05,https://www.sge.com.cn/sjzx/mrhqsj/5141468,11f48ffca2828aa85c806491f248bf6aa481b10202caf07209679dcb260e7b3c
2017-04-27,282.0,283.2,282.0,282.59,https://www.sge.com.cn/sjzx/mrhqsj/5141476,0c2cb3c4e642bd357cfc708e535a84ee4e0691a9571612d35a13a0836b27173c
2017-04-28,283.8,283.8,281.51,283.45,https://www.sge.com.cn/sjzx/mrhqsj/5141489,ea1ce2a60d4041dd7376e558d613d2c3699b4139549d09082d1ce6f27530287d
2017-05-02,281.99,281.99,280.8,280.94,https://www.sge.com.cn/sjzx/mrhqsj/5141499,530a29e094f60b16ef18ce833cf51083d20eb8363d2fdf8417ad1fb5764cc2a9
2017-05-03,281.6,281.6,280.03,280.37,https://www.sge.com.cn/sjzx/mrhqsj/5141500,f0d9d96b0821fda0913a9c5094fbf7c4664cdb5e9c1aaae769e3f8600c2315f9
2017-05-04,289.99,289.99,275.6,276.19,https://www.sge.com.cn/sjzx/mrhqsj/5141509,4ea2983ff7d0c0539e81b125fc81333406f6794176b28b2ae10cda5b382efc18
2017-05-05,278.0,278.0,274.03,275.87,https://www.sge.com.cn/sjzx/mrhqsj/5141525,45ce83fbc3697377bf88f1cc2897e6b40334ffa63319245faf91e72ad8f905ef
2017-05-08,280.5,280.5,275.0,275.5,https://www.sge.com.cn/sjzx/mrhqsj/5141530,29feba682f4ac7fe07b3968d7d24667bc0c51f4fc053c1b0465b469ed98f854a
2017-05-09,276.88,276.88,274.55,275.2,https://www.sge.com.cn/sjzx/mrhqsj/5141539,299af57e959a0a404e0258b6b0f7e9e52dbf680dd41da7f87af6dd65c8985234
2017-05-10,275.24,275.24,273.0,273.89,https://www.sge.com.cn/sjzx/mrhqsj/5141547,5dbdd42f6c16036eb0ef86e7dd6ddeb1620aa06941690d18c0b29e2ceadf647d
2017-05-11,274.88,274.88,273.6,274.26,https://www.sge.com.cn/sjzx/mrhqsj/5141554,7e322b7f5ba01a51625732012cbaf72be11a2743b81ae58455cb116694f5633f
2017-05-12,274.68,275.7,273.9,275.51,https://www.sge.com.cn/sjzx/mrhqsj/5141572,915d3c86a38a3a8df470a57f0fd309720b06fb7b45a88b5bd24b3f53c66d5712
2017-05-15,275.39,276.5,274.65,276.29,https://www.sge.com.cn/sjzx/mrhqsj/5141583,77ee8043fb76620fddb859c19e47fcd589907ac80e71a96d3190335d981805cd
2017-05-16,276.99,278.0,276.11,276.7,https://www.sge.com.cn/sjzx/mrhqsj/5141590,152aa4a8d98d099132366e63fc185b44eb297aca4cd62f8b5af307539fc48238
2017-05-17,277.49,277.88,276.31,277.61,https://www.sge.com.cn/sjzx/mrhqsj/5141601,8cfd7f2bcd22b6153d450a395cd23a631f9bec4b09eeec48384d798d2e98b478
2017-05-18,280.0,281.25,278.0,279.82,https://www.sge.com.cn/sjzx/mrhqsj/5141608,a176f87a2d992981e375e1a80e208a9ff974e2077dfac038d0046023a18b57cf
2017-05-19,298.0,298.0,278.21,279.26,https://www.sge.com.cn/sjzx/mrhqsj/5141619,fdbff6477c94b1a73aa8ca43af25d271989368e997150284464e79637a50ca75
2017-05-22,280.68,280.68,279.03,280.0,https://www.sge.com.cn/sjzx/mrhqsj/5141624,7ff9190b77c8caad698ab4b60700ba434ee86453994811564dc6acef53194472
2017-05-23,280.0,281.6,280.0,281.4,https://www.sge.com.cn/sjzx/mrhqsj/5141630,57acc7dc0a4b69460f8041138974426ba69a306e4bfa0dbab9c6e1d0734a1444
2017-05-24,281.4,281.69,278.5,278.5,https://www.sge.com.cn/sjzx/mrhqsj/5141635,800badcdb090ab06f9eadcc0817ed12cc0665f6ea42998f285f42169b123d84f
2017-05-25,279.75,280.5,278.7,279.75,https://www.sge.com.cn/sjzx/mrhqsj/5141641,a8ef5d8cf3add81851f6d16a8e355fecf05cc9a9058a23f1cb4bf68621fa53ec
2017-05-26,280.99,280.99,279.0,280.35,https://www.sge.com.cn/sjzx/mrhqsj/5141646,5f80df08c7d3f3da1b8a31c497188b296f323de61a0220e8d46c87d80864856c
2017-05-31,280.35,280.35,278.81,279.0,https://www.sge.com.cn/sjzx/mrhqsj/5141660,28a1e11566f654e7b4d1bcc2c771b534750a3ca0cc0036e9be777df5e61d4518
2017-06-01,279.7,280.0,278.58,278.99,https://www.sge.com.cn/sjzx/mrhqsj/5141665,e15c673a2b518fa3227d9c50778bd08541b5d99cfa963cc56f89967a6273698d
2017-06-02,279.59,279.59,277.82,278.16,https://www.sge.com.cn/sjzx/mrhqsj/5141674,aa77ddd7f13108750dc30869db1a8100b5080ca43d1ee19d2e05d985547d1c18
2017-06-05,276.8,282.0,273.0,281.87,https://www.sge.com.cn/sjzx/mrhqsj/5141685,9b624a5a4318043d28abaa8b3903668ef3c2cc00e821d09edab09f6714d9c2f0
2017-06-06,278.0,283.48,278.0,283.2,https://www.sge.com.cn/sjzx/mrhqsj/5141686,d1e0eb390a36530b436969bfa9d07a495d6bd1ee4938c5ce81f270aec7d255b2
2017-06-07,285.0,285.0,283.2,283.75,https://www.sge.com.cn/sjzx/mrhqsj/5141692,e312cf3ec1e6fd53b664d6e6b4231eda7b1e6fd6f7a2b4caca5c64cdf0a168ed
2017-06-08,283.75,283.83,282.51,282.7,https://www.sge.com.cn/sjzx/mrhqsj/5141697,b437ba69c835a00ee0b57500839724ed952790077e2fa6e053d8777446effcce
2017-06-09,283.19,283.19,279.5,279.72,https://www.sge.com.cn/sjzx/mrhqsj/5141707,e13423d7a1ca0b657e1b908bc1fcd70f36bebfe05b238e8647f70038f70ba4d3
2017-06-12,280.74,280.74,278.48,278.85,https://www.sge.com.cn/sjzx/mrhqsj/5141712,c5fe09e70dcac1087c768da1dddc21d1259bacd4680af7c0e7262db48a39497b
2017-06-13,279.75,279.75,278.0,278.35,https://www.sge.com.cn/sjzx/mrhqsj/5141719,b00f06de6723618845a9061ddc2ee55d984aa6b1156dcd2f11e13e3c072e21cb
2017-06-14,279.6,279.72,277.8,279.3,https://www.sge.com.cn/sjzx/mrhqsj/5141725,8a0d38841c3ed543a67e6eae877947b7888a61773d5b073d74a64287f90d8883
2017-06-15,279.35,281.33,277.3,277.47,https://www.sge.com.cn/sjzx/mrhqsj/5141735,69e0289badf2d6ff0045a809eb70842ec305b02c419f6a59424bcf55b7e831b1
2017-06-16,277.47,277.47,276.11,276.9,https://www.sge.com.cn/sjzx/mrhqsj/5141744,fc215413f430273580a205069efdd58a5c36e6f94b6908bc4b6bc25bc78765a9
2017-06-19,278.0,278.0,276.01,276.25,https://www.sge.com.cn/sjzx/mrhqsj/5141752,758c21c31a1cae52e67cd179d04a8d022ec30278bf2aa979cec06d26438dafd0
2017-06-20,277.5,277.5,275.49,276.01,https://www.sge.com.cn/sjzx/mrhqsj/5141757,21c0e2fc9fa98dd8800ce1976c485456789aa8d5ff064943a0f3dca140c147ff
2017-06-21,276.5,276.5,275.0,275.79,https://www.sge.com.cn/sjzx/mrhqsj/5141766,e2a99ea6ba9de25a62322703e635b0b8165d807f4db85cd77a56bf9404875b98
2017-06-22,276.22,277.55,275.2,277.47,https://www.sge.com.cn/sjzx/mrhqsj/5141775,9dc05315df2c9c224d291ec9b3a5954520803ca492395ce298760e7520b8db99
2017-06-23,277.47,277.88,277.05,277.78,https://www.sge.com.cn/sjzx/mrhqsj/5141785,e08b930d18bb77aba83871e4d3fe0fef4ce2c748fe818142d00f3d003da7392e
2017-06-26,278.29,278.8,277.9,277.9,https://www.sge.com.cn/sjzx/mrhqsj/5141790,1cbead7f70a95267d8724b8eed5e41f75f1ca40de92af626ef92b05fe808cef3
2017-06-27,277.0,277.0,274.8,276.56,https://www.sge.com.cn/sjzx/mrhqsj/5141797,8c97dfccc942995bc375a70dc534ae82b4817385504d52c7c59b48feadd4a592
2017-06-28,275.55,276.99,275.55,275.94,https://www.sge.com.cn/sjzx/mrhqsj/5141803,55f3862c3d5d782003a90b8a220c2a5fda98107b8f61aa9a8b23ebdee604643c
2017-06-29,277.08,277.08,274.81,275.03,https://www.sge.com.cn/sjzx/mrhqsj/5141808,27d7751e3e8715a55302089ad96587f99414c6af3ba9d3915608806fa131288e
2017-06-30,275.0,275.0,272.85,273.1,https://www.sge.com.cn/sjzx/mrhqsj/5141818,e18fa5e095c6e4778732c078adc22eb4b415f5021de933d5397784342246d849
2017-07-03,270.0,273.65,270.0,271.84,https://www.sge.com.cn/sjzx/mrhqsj/5141823,0dbf0cba087b0a9ad2236a38cf4fad30bbecbbc8ff77dcb2b91b7a3ea55b1cc4
2017-07-04,272.15,272.15,269.1,270.38,https://www.sge.com.cn/sjzx/mrhqsj/5141828,27c92747d82ce21e8dd67a20266314ed8c330ff5f6a15531b3fb127ce077872f
2017-07-05,271.5,271.5,269.5,270.02,https://www.sge.com.cn/sjzx/mrhqsj/5141840,5025ef72dbec1f9d64d034db7ab4c9265c4ffec353d2ccf1ff952671c77970a8
2017-07-06,270.2,271.1,269.0,270.12,https://www.sge.com.cn/sjzx/mrhqsj/5141845,889eaa2a31ec8395040a9ca15dc76297a3683223b9fd31b19ed53f66af42263b
2017-07-07,270.49,270.79,269.3,269.8,https://www.sge.com.cn/sjzx/mrhqsj/5141855,8e96e633e91e811f66e723daee887fab97e4d8745e1956f2415397b8564f2795
2017-07-10,271.0,271.0,265.6,265.77,https://www.sge.com.cn/sjzx/mrhqsj/5141860,22557b2cacf3c224995edb90d03ecc9d1d2bc81591a826362cc7c1468cfcb8fd
2017-07-11,267.5,268.0,266.1,267.55,https://www.sge.com.cn/sjzx/mrhqsj/5141863,aa4e48fdf906703808db149e153dfa98023b02c00b8596fad3e1f792b5788775
2017-07-12,267.99,269.39,266.95,268.9,https://www.sge.com.cn/sjzx/mrhqsj/5141870,47522a6f34db3cc8ef39b09a1e3a4ad52ec29afab4a73e5c6862766002e48065
2017-07-13,268.91,269.8,268.19,269.1,https://www.sge.com.cn/sjzx/mrhqsj/5141875,40d0fa219eaa0b2e7bf40f24fbbabfbdcf8895f8b8f5977d2987db5467274aa1
2017-07-14,269.8,269.8,267.55,267.79,https://www.sge.com.cn/sjzx/mrhqsj/5141884,823b4fb9fb0c6be702aa0218ef9da8b7594b65bec25a9bd618c3556f9a7c44d8
2017-07-17,268.98,270.79,268.7,270.3,https://www.sge.com.cn/sjzx/mrhqsj/5141889,d067f9f5aeb621bd2fa710e84dcd3ce3c2066906a9ba846d19b113bdf6ef4d81
2017-07-18,271.48,271.65,270.6,270.85,https://www.sge.com.cn/sjzx/mrhqsj/5141898,1447f3ea396e7db781dc400602e66b76edf6e7f4df1f803cce1f92d32dae53ea
2017-07-19,271.49,271.9,270.75,271.35,https://www.sge.com.cn/sjzx/mrhqsj/5141905,884ea4eee6b227cfd53cea9f5f77118eafa74942576bde6bdccec677b040f674
2017-07-20,272.0,272.0,271.25,271.29,https://www.sge.com.cn/sjzx/mrhqsj/5141911,735139ba1e4b9c77e3a1bc90936192e2dd9ed3aba039ab7a15dbb506bd1d3cf1
2017-07-21,272.8,273.2,271.17,273.19,https://www.sge.com.cn/sjzx/mrhqsj/5141925,48d49b9e0847c8ae138c605c08977133675decdf12c8d21f883bbaf94e0e194c
2017-07-24,273.5,274.46,273.38,273.8,https://www.sge.com.cn/sjzx/mrhqsj/5141931,e0db2ffb56e776d7e45547df3871ba6a2f34789d4a33df2692528aadf0bb1bb9
2017-07-25,274.01,274.47,273.58,273.84,https://www.sge.com.cn/sjzx/mrhqsj/5141939,eb6ba443e4aeddde142b51e8a7eb385ccecd51fc04515593334c0f044ce02bcb
2017-07-26,273.5,273.82,271.7,272.3,https://www.sge.com.cn/sjzx/mrhqsj/5141944,6ad0fb72eec2a033e19f2ca9af52d5ba57f338552025a0565750c519705d5ece
2017-07-27,273.0,275.3,271.56,274.6,https://www.sge.com.cn/sjzx/mrhqsj/5141950,2fb0057214b3fe5cfcddfffcc0c5ad0c1dfe1012159f01fca77613c0a5d61dda
2017-07-28,274.51,275.45,274.01,274.29,https://www.sge.com.cn/sjzx/mrhqsj/5141958,c12b4784dc7a0291ecbf617bc5b5de83c6f3309d65a419ac100e135afdb0dc94
2017-07-31,275.35,276.1,273.93,275.1,https://www.sge.com.cn/sjzx/mrhqsj/5141965,eed25cd4b9fe0d41cc38f2c5f1d52aac735d24be06f4d530d1022b6918356aed
2017-08-01,276.48,276.48,273.0,275.3,https://www.sge.com.cn/sjzx/mrhqsj/5141970,7f68e1a202db8a1cefd0db294538889241acf325e49984a1301e7b020d5b8ab0
2017-08-02,275.3,276.0,274.61,274.8,https://www.sge.com.cn/sjzx/mrhqsj/5141978,bbc188cfca0d42cf97202203d98d392da7cfed74c61a2f6348d8d6d013de3dc5
2017-08-03,275.5,275.64,273.4,273.4,https://www.sge.com.cn/sjzx/mrhqsj/5141984,553b159a4c9c7d4d6370f6d6692b764a2df561fac18d5a2a0222f56b2b2d75e0
2017-08-04,276.0,276.0,274.08,275.26,https://www.sge.com.cn/sjzx/mrhqsj/5141990,5c51dd18bcc8b2c977f4fb1f507339cdb73aaaf4740d5a72972ea3973488f8a2
2017-08-07,275.5,275.6,272.9,273.37,https://www.sge.com.cn/sjzx/mrhqsj/5141997,aa08811daf7c1c7ea4bb7d10c657596bdef6d415e09d074ea585562dfe14f96e
2017-08-08,273.49,273.54,272.45,273.02,https://www.sge.com.cn/sjzx/mrhqsj/5142004,f1046b1ee9715f59a6c862d6d5f4d5ce5661346afaa8e29f2f1a7ebc81fb850e
2017-08-09,274.49,276.69,271.8,274.14,https://www.sge.com.cn/sjzx/mrhqsj/5142009,da4337ed0bee6328716c4e3bb93818e0f5a2fd0e63556d7341fd525a3e4f7cd4
2017-08-10,274.99,275.98,274.36,275.29,https://www.sge.com.cn/sjzx/mrhqsj/5142015,a971f9230e3f229a7de6afc8a62b37c6bfbb217e3d2e41304c87f5e2d1bc4862
2017-08-11,276.0,277.28,275.99,276.72,https://www.sge.com.cn/sjzx/mrhqsj/5142025,9f92b2735275d88b84db3584a9753c38622e55ba2c03b14acb894b73650cc750
2017-08-14,277.48,277.99,276.06,276.6,https://www.sge.com.cn/sjzx/mrhqsj/5142030,9cd6ac34e4dec3d4105ee98092672029967a72d5940f3230e3f02a24a63e827e
2017-08-15,277.0,277.0,274.58,274.7,https://www.sge.com.cn/sjzx/mrhqsj/5142037,a8cc480d7ed5f87e56ec5b5b2c92f9cda233ff21249b5391b287584eb88002d8
2017-08-16,275.22,275.22,273.71,274.5,https://www.sge.com.cn/sjzx/mrhqsj/5142042,41030f72120090912708650d9a9799b6658998180fdf360d9c3fc39068b5f307
2017-08-17,275.16,277.5,274.26,277.0,https://www.sge.com.cn/sjzx/mrhqsj/5142048,78897fa8e7bd1d1dbafde6cfb1059ec6bdcf909ded85b030f80330dcaa57cf34
2017-08-18,277.81,278.7,276.5,278.5,https://www.sge.com.cn/sjzx/mrhqsj/5142058,0825255c96af45addfe92fda08c90668841291740d25dfbfc299f4328a43813c
2017-08-21,278.5,279.6,276.5,277.51,https://www.sge.com.cn/sjzx/mrhqsj/5142066,20734fd5cbe8a25d1514337d8d9d2b47044a267e41ba23d703b9b1398cc5a22c
2017-08-22,277.51,278.3,276.27,276.67,https://www.sge.com.cn/sjzx/mrhqsj/5142073,87b5ceed33bd371597b84664f9f854ba450ea515f6f877c63fa074174d8a299a
2017-08-23,277.52,277.68,276.3,277.0,https://www.sge.com.cn/sjzx/mrhqsj/5142078,7630bf8fafc0b54290c0052c39d85b774a96c7ad6e41034eac3b9f5854836dc9
2017-08-24,278.22,278.22,276.91,277.08,https://www.sge.com.cn/sjzx/mrhqsj/5142083,111a43c626eafe0abccd29c0e436c97e553adb755bf676087cfc5b49a90e9bf6
2017-08-25,277.99,277.99,276.73,276.8,https://www.sge.com.cn/sjzx/mrhqsj/5142092,3bbeaee1d8c5743392cad6ef613d39ec988c74fb5fa9fa2288edeec1cafffb2b
2017-08-28,277.59,278.42,275.46,278.21,https://www.sge.com.cn/sjzx/mrhqsj/5142099,f2c40e715c1d9b54d646349e52adfb681f5978d9c92592693c7d83d31e6a59e4
2017-08-29,278.88,281.5,277.5,281.17,https://www.sge.com.cn/sjzx/mrhqsj/5142107,4fc622177b37856571b551d60115b05ebc40aeea680ff62926f02cf6b0893c8e
2017-08-30,281.5,281.85,277.98,278.0,https://www.sge.com.cn/sjzx/mrhqsj/5142112,ffac4236139d7ae9a77dca033073cd5096cceb4f4b5c0736b6d31a513acb4a5e
2017-08-31,279.5,279.5,277.4,277.91,https://www.sge.com.cn/sjzx/mrhqsj/5142117,91a76835754f1e15af23dd2558239de9c214907d328c0c568a42fe5c70e0ac45
2017-09-01,278.65,280.48,278.1,279.54,https://www.sge.com.cn/sjzx/mrhqsj/5142127,1ad0982c99e69e2f0eb7bf2870e69df1b591ecfc8d4b80baa28b756cbfb59de0
2017-09-04,280.48,282.67,279.26,282.04,https://www.sge.com.cn/sjzx/mrhqsj/5142132,bab07555d3bd929ec4cd230709b78368ef21069cbed17f42aa8a8bf891956577
2017-09-05,282.04,282.04,280.7,281.2,https://www.sge.com.cn/sjzx/mrhqsj/5142140,7a9c09d0c0368694dddf987d54619657b3f74f1fbbeaea30339750673608ea9d
2017-09-06,281.2,282.49,280.61,282.44,https://www.sge.com.cn/sjzx/mrhqsj/5142145,39fc9f87ce41dd362b919565261233dd60887c32590776d3d58115016566537f
2017-09-07,282.98,282.98,280.98,281.39,https://www.sge.com.cn/sjzx/mrhqsj/5142150,8e2f921b245b2be0918f4b87f6925f36df61cac8be01f41b42a40300c95beab3
2017-09-08,281.99,282.35,281.1,281.75,https://www.sge.com.cn/sjzx/mrhqsj/5142159,2a72bf3aa1bf769f8579a2257e9690e7b9ea0af4ee22c7014040ff024a604b65
2017-09-11,282.6,282.6,280.8,281.49,https://www.sge.com.cn/sjzx/mrhqsj/5142167,f2102ac87fe4c6f034f42350febd91344b3f7ab24dfde301ac09c4e52549118d
2017-09-12,282.0,282.0,279.38,279.85,https://www.sge.com.cn/sjzx/mrhqsj/5142175,8d0cad0ea03a69b9c940df8a3beea449a20127a962769a95b600edb867358b0c
2017-09-13,279.4,280.75,279.4,280.67,https://www.sge.com.cn/sjzx/mrhqsj/5142182,6e70e2316cc923fda49d721a99049d398083c80bbc86458d98b10d19e5618c6e
2017-09-14,281.98,281.98,279.37,279.8,https://www.sge.com.cn/sjzx/mrhqsj/5142189,cf2ab96be282137e874138ad49300e036006288a9e0db518bad497d901e61422
2017-09-15,280.2,281.49,279.28,280.2,https://www.sge.com.cn/sjzx/mrhqsj/5142197,d4f81ac9524d6b3dc3ecc600e63b9d320d1159bfea77499a73bff3a86d7eb44b
2017-09-18,280.2,280.7,278.65,278.93,https://www.sge.com.cn/sjzx/mrhqsj/5142202,3c38cd410337975357e5470d4ef6907ae3cde7b216e59faafe6accf7e6e28584
2017-09-19,278.93,279.6,278.0,278.65,https://www.sge.com.cn/sjzx/mrhqsj/5142207,01d43fca897f2039d2d9d180723d1fa8ecab800391ba53308ae90a0829c3998a
2017-09-20,280.0,280.0,278.5,278.89,https://www.sge.com.cn/sjzx/mrhqsj/5142220,d1d8c67e0af3b2ea040703cfe4009dc1bfb33f2fe84930f38158f48e2e579e23
2017-09-21,279.39,279.96,276.1,276.45,https://www.sge.com.cn/sjzx/mrhqsj/5142227,ddbd089f8647dcb58603e92a3dfb1e20676c1da442f7cc7f6d988b0a284c2193
2017-09-22,277.0,277.39,275.5,277.3,https://www.sge.com.cn/sjzx/mrhqsj/5142236,96437a0f7fa4912a2973753968308126a92ebfc4adcd6145feabfbcb6086de63
2017-09-25,276.4,277.98,275.71,276.55,https://www.sge.com.cn/sjzx/mrhqsj/5142243,476ba668a2ce171e0725059b86afc96c6b4bff51862d954030479de08951f3fc
2017-09-26,276.5,280.86,276.3,280.1,https://www.sge.com.cn/sjzx/mrhqsj/5142250,dc40b3891e3f9698812ffea0e4052c83fed66a108d57acc453fb344900db706a
2017-09-27,280.1,280.2,277.65,277.65,https://www.sge.com.cn/sjzx/mrhqsj/5142255,3bbbe2e472602841eed6bddf862a453214f69f1c1bf6cbac37849a63322fe730
2017-09-28,278.29,278.29,276.2,276.67,https://www.sge.com.cn/sjzx/mrhqsj/5142264,e622a7101970cb5ade418dc6ae205fe932e1c27b6de1dc2cff8b31d3ee4ce16f
2017-09-29,277.49,277.85,275.5,277.45,https://www.sge.com.cn/sjzx/mrhqsj/5142272,73bf800e98e5c7a4419ed46367adce8389113abc25334dace82a11c7acd0c095
2017-10-09,274.76,276.94,274.76,276.3,https://www.sge.com.cn/sjzx/mrhqsj/5142278,190f977afe51e2a3a246ea794b90084f4adf36bdf2806fc3efc23212b1ee5c5e
2017-10-10,277.32,277.32,275.65,276.21,https://www.sge.com.cn/sjzx/mrhqsj/5142284,1caaa62dd3755f8cf7b59e9aec6b4f54587d3808380c92aa453a933bf3423f31
2017-10-11,277.8,277.8,275.1,275.1,https://www.sge.com.cn/sjzx/mrhqsj/5142293,3dc2a7c6334882bf6271f9b33b07565bae65a48b3fab08c68f50241d9363ea9b
2017-10-12,276.35,276.68,274.9,276.25,https://www.sge.com.cn/sjzx/mrhqsj/5142308,ebf54ae927c6cd15d7c8d23c7316d226753826f362305b4b8e248a2ec48015f7
2017-10-13,276.75,276.75,275.49,276.5,https://www.sge.com.cn/sjzx/mrhqsj/5142317,7bca962001c91411ec5b2dc44b2f9473d03f6e6afba07e2f0cac020b69f35045
2017-10-16,276.51,278.15,276.1,278.05,https://www.sge.com.cn/sjzx/mrhqsj/5142322,c91a6bb97070b52b5945c1f6c048f3c21e78940698fc6a3475531810ceb32666
2017-10-17,278.5,278.5,276.2,276.62,https://www.sge.com.cn/sjzx/mrhqsj/5142329,620656155f79cfd7f8c2a6c011bbac02181de7e8936a9ccefdbfa425912ab2ff
2017-10-18,277.5,277.5,275.16,275.7,https://www.sge.com.cn/sjzx/mrhqsj/5142330,3221979a5cc07b627037b51a6df6d9e77c574fbd6ba4db6e4abccd873e25e7aa
2017-10-19,275.75,275.8,274.43,274.9,https://www.sge.com.cn/sjzx/mrhqsj/5142337,5fb6bf7eb756c8d79856752813878235b5e43203f3400f11ee846cee94501f5c
2017-10-20,276.8,276.8,274.81,274.82,https://www.sge.com.cn/sjzx/mrhqsj/5142345,52a9d1dc9715bc3cbd395f0d33bbad716d9967f5997705470b5045b6a113f929
2017-10-23,275.85,275.85,273.95,274.08,https://www.sge.com.cn/sjzx/mrhqsj/5142357,d8c8eae336ba52aa4a7dd32edf6756668624a39a8557e39aa4f7af19d4a3e38e
2017-10-24,273.81,275.7,273.3,275.01,https://www.sge.com.cn/sjzx/mrhqsj/5142363,f489d8df1810400f03028fb11e70d7729dea93243da8a2b39a024abcde3a4e2b
2017-10-25,275.0,275.0,273.72,273.89,https://www.sge.com.cn/sjzx/mrhqsj/5142369,ed775e7d6b3ea9748c72e8cc42391d8f714ae561b449c467cca99f3e24b86833
2017-10-26,273.51,274.88,273.51,274.5,https://www.sge.com.cn/sjzx/mrhqsj/5142376,2e26b948721a9afb1394adb2707b74078bf5ac9e4f49c35d4482b568fa7ab526
2017-10-27,274.99,274.99,272.6,272.93,https://www.sge.com.cn/sjzx/mrhqsj/5142382,56276dab0c61918526244ec8cbca2d08449388734cc194edb5902e5f3df4ee92
2017-10-30,273.5,273.76,272.4,272.92,https://www.sge.com.cn/sjzx/mrhqsj/5142389,3c57c034627dd252e8a27725c2f220a25f82fa750f2582e1146a7ea458c66e2e
2017-10-31,273.75,274.1,273.01,273.94,https://www.sge.com.cn/sjzx/mrhqsj/5142400,6467f9f0d30ebf91da40710df3a8b4ff1daefa5daa61b2421d0eef475bc454ed
2017-11-01,274.3,274.3,272.61,273.45,https://www.sge.com.cn/sjzx/mrhqsj/5142406,b40e79a3d9fd04394ba75cac3e19442647d7df60fd782bb5acb1ab48c91d8b7b
2017-11-02,273.99,273.99,272.7,273.34,https://www.sge.com.cn/sjzx/mrhqsj/5142419,49fe5bb59df0823250b4478dd4ad6cdc34327ebccce7fce67aa9fff69aceedd9
2017-11-03,273.5,273.98,272.81,273.6,https://www.sge.com.cn/sjzx/mrhqsj/5142426,a243027f4aa536d4c6db699e91dc2efc6b3b5a5f4ff72eed58c2f781cc626edb
2017-11-06,274.02,274.12,272.78,273.0,https://www.sge.com.cn/sjzx/mrhqsj/5142437,cac6328c6d4fb2331d50d6efe92a5589562d14aaacabe71dcdf5a27b4aa3c1ac
2017-11-07,273.65,274.77,273.1,274.34,https://www.sge.com.cn/sjzx/mrhqsj/5142443,39c07eeaf9570175e6922eadf1a9254326a7a9c48a7b0a6feb8e8b5cadee8d4e
2017-11-08,274.98,274.98,273.22,274.57,https://www.sge.com.cn/sjzx/mrhqsj/5142448,4fa102d3555c1e514c54b1c13c8dab3892559282407d7c8c6010f398c427663a
2017-11-09,274.85,275.45,274.5,275.37,https://www.sge.com.cn/sjzx/mrhqsj/5142456,04812dd4c92055193245c651987744472a00d858c2a42c042f6e21e2f2f24092
2017-11-10,276.52,276.52,275.04,275.94,https://www.sge.com.cn/sjzx/mrhqsj/5142461,ed029bbf28c130923b6d6f55d230b46ba50cabc72c573b743bb1460a0e3fac10
2017-11-13,276.9,277.21,274.7,274.99,https://www.sge.com.cn/sjzx/mrhqsj/5142466,9be338a966ea6d453438f8299523b812adcb751f6c7cc18b988324ffe95871b9
2017-11-14,276.0,276.0,274.44,274.49,https://www.sge.com.cn/sjzx/mrhqsj/5142476,57ad408d90f31122632d05b3d4b7b8e71a7a421a62cf4c03fa104040217bac58
2017-11-15,274.49,275.3,273.75,275.05,https://www.sge.com.cn/sjzx/mrhqsj/5142485,7858448ff7bed7ce5364c90d179362a60fe7319cf334a15b1c86e0d6a4a0b3a5
2017-11-16,275.99,275.99,274.0,274.0,https://www.sge.com.cn/sjzx/mrhqsj/5142494,c28c46789f14f8d63deaaf305c9a874090a45e0b6960e13282f115e0b31e1dca
2017-11-17,275.18,275.18,274.25,274.85,https://www.sge.com.cn/sjzx/mrhqsj/5142501,67c94b2eadf8aeacf2b2a697b03ad3b12ba25c23e5cbe92de3943aacc26963a4
2017-11-20,275.5,276.51,274.5,276.3,https://www.sge.com.cn/sjzx/mrhqsj/5142509,0615922f27086d94886ddfc17af5c0f7806eaaec5937a37f6b21172fa7f1fb8b
2017-11-21,276.79,276.79,274.66,274.89,https://www.sge.com.cn/sjzx/mrhqsj/5142515,fd6b059f1b658d57f4c69f25f177b2d844f5f5e7c263373603e7894bae6aeb9b
2017-11-22,275.42,275.82,274.0,274.74,https://www.sge.com.cn/sjzx/mrhqsj/5142521,b47521fff038de281cb62bd470965ef670989f324969eb7fe302816593e9db35
2017-11-23,275.68,275.68,274.1,275.2,https://www.sge.com.cn/sjzx/mrhqsj/5142528,058ec174a348fe6452351513b3facd9ae8024067ccb9d1c769c698759db5aae8
2017-11-24,275.9,275.9,274.8,275.25,https://www.sge.com.cn/sjzx/mrhqsj/5142535,3f05854845aa94fbec80df297bd2adf1f62a0763500b9828a29e230fd83799fd
2017-11-27,274.55,275.35,274.49,275.34,https://www.sge.com.cn/sjzx/mrhqsj/5142538,38982eb5bbd1adefb2d015ef1269ddc8645fbc9c79e399242cd76eec3ea01bcc
2017-11-28,275.95,276.3,274.11,275.7,https://www.sge.com.cn/sjzx/mrhqsj/5142544,aafba36345e7ed8d514012c041dd0a6523e2b52e2494c54960a4649f45ba062a
2017-11-29,276.0,276.25,275.51,276.2,https://www.sge.com.cn/sjzx/mrhqsj/5142553,f4ad93c3d5dd1eaf848f6773752d2b893d4c80896b94039af0324d294baf24ec
2017-11-30,276.49,276.49,274.05,274.39,https://www.sge.com.cn/sjzx/mrhqsj/5142563,16298613ea5d5e4e5c79549ed65e77a696b7bd55592496b14c4ae3d474bcea86
2017-12-01,274.9,274.9,272.7,272.83,https://www.sge.com.cn/sjzx/mrhqsj/5142569,ba97ba7281c41b0005100f8ddb418a57b6b70a35e5da7f15228b123d711d1bb1
2017-12-04,273.49,274.29,271.8,272.65,https://www.sge.com.cn/sjzx/mrhqsj/5142576,8990f5bcd28c1d997ac062caf6bb1586e54c2b866f208e102914497fd91a19ec
2017-12-05,273.48,273.48,272.0,272.87,https://www.sge.com.cn/sjzx/mrhqsj/5142586,264de29385d01e37c1d60c138f97e05b787430cc40cb679e7b6b69efcc41bf7d
2017-12-06,272.99,272.99,270.77,271.43,https://www.sge.com.cn/sjzx/mrhqsj/5142594,ad5b9c8b9a754846a98e9705cac9fa37c4bf01cca744b0385cf1a664e57ba529
2017-12-07,271.91,271.91,268.95,269.28,https://www.sge.com.cn/sjzx/mrhqsj/5142600,53011a6a27ec67b26a95f0781353c2ad89900b3165198d2dd4a72c829e31c013
2017-12-08,269.8,269.8,267.49,267.79,https://www.sge.com.cn/sjzx/mrhqsj/5142606,cf25877b85b93919f600c806d2942569e60edd69bbc02d6c85cd00c6416864c9
2017-12-11,269.0,269.0,266.92,268.28,https://www.sge.com.cn/sjzx/mrhqsj/5142611,68a852a8cfd4b0a29a43c4a48875079a76a39f6e30061efd19630849d91e9cc7
2017-12-12,268.67,268.67,266.9,267.5,https://www.sge.com.cn/sjzx/mrhqsj/5142619,c434cc9ba200dc7c77f491e68c370d3d2c0e06d110e980b265c8d1eb2a9f2a86
2017-12-13,267.9,267.9,266.48,267.79,https://www.sge.com.cn/sjzx/mrhqsj/5142625,bd40a109f1489378ffb44f69e254422e28b5a5f9ec1f3c0cb9c89b89be6c1fd9
2017-12-14,267.79,270.1,267.0,270.0,https://www.sge.com.cn/sjzx/mrhqsj/5142632,e531a159b9592e61273dd63632ae17e2d18632bb41e2cfbf128fb62f1c0d7b68
2017-12-15,270.88,270.88,268.8,269.57,https://www.sge.com.cn/sjzx/mrhqsj/5142638,ff05aadebd8c754c5facadb65932978de5d2da240ccfe2ebac7cfac14939389f
2017-12-18,270.3,270.3,269.16,269.9,https://www.sge.com.cn/sjzx/mrhqsj/5142643,31233da9c4cfb4bc53e70bc0672d58a9c9fea128851a588a47c1839d262d6f9b
2017-12-19,270.88,271.45,269.69,271.31,https://www.sge.com.cn/sjzx/mrhqsj/5142650,b52a1aeb7a843d0a4cbbb195bbe9f00528ae039741e6a433166b986b78f47b95
2017-12-20,271.49,271.5,270.0,270.68,https://www.sge.com.cn/sjzx/mrhqsj/5142658,ece0a63eaaafed1bf7f8cb41ddaf27e0d4088645a339521cc9f61338cf1fa2e1
2017-12-21,271.5,271.5,269.7,270.15,https://www.sge.com.cn/sjzx/mrhqsj/5142667,3158562ec9a1a8d2c2a7aadce4a9a834c828453f331dc2b81594a857e2a9a0e7
2017-12-22,270.49,270.6,269.7,270.54,https://www.sge.com.cn/sjzx/mrhqsj/5142674,6c8812da73f5f970705e85bc359519c2fa2aa0f33e483fedc5db3da4e70f94a9
2017-12-25,270.85,272.18,270.31,271.55,https://www.sge.com.cn/sjzx/mrhqsj/5142676,616ce1c800c93f073eb3fc8c909095ad87843921b520603d4d15f58734f71e93
2017-12-26,272.49,272.49,271.49,271.92,https://www.sge.com.cn/sjzx/mrhqsj/5142687,062116e927de96bf530ecf3f56d0713dcaac94e3fbae7220d09a13a1171dd1af
2017-12-27,273.5,273.5,271.4,272.75,https://www.sge.com.cn/sjzx/mrhqsj/5142692,50394120b6f234482de4a95987d5366e5a291397656d205bd73bc1d819d96826
2017-12-28,272.99,274.3,272.3,273.5,https://www.sge.com.cn/sjzx/mrhqsj/5142698,90567a4604e4b3c4b4a40e73f9dba177d98a75a27018a629a807b8fa3a9ede84
2017-12-29,273.39,274.34,273.0,273.0,https://www.sge.com.cn/sjzx/mrhqsj/5142705,ad0fb404dcd335bdc3b97e48b52d54a1563c6544638b9de7b2075e3cc74db9ce
2018-01-02,274.0,275.6,274.0,275.3,https://www.sge.com.cn/sjzx/mrhqsj/5142735,935d77824920d017a00bec43fc9cfd542581c954750b93d4f79801f53c1af690
2018-01-03,274.7,277.09,274.7,276.0,https://www.sge.com.cn/sjzx/mrhqsj/5142752,fc0e039bff8bfbbed44b892dbbcb8c28ad59d487971c3a8ac449ecb1875496a8
2018-01-04,277.16,277.16,274.85,275.19,https://www.sge.com.cn/sjzx/mrhqsj/5142759,b551bf9e47421cdb726bdf3d28049c0fbe71c749d1f5ea26ea3af6c81b7f0d29
2018-01-05,275.99,277.1,274.82,276.26,https://www.sge.com.cn/sjzx/mrhqsj/5142769,6a41899b49892749bbd2d979da965c172826a929c1eb85190af542d528608bad
2018-01-08,277.5,277.5,275.5,276.6,https://www.sge.com.cn/sjzx/mrhqsj/5142779,7f6ec7631ae7b1f34499980400ab7910184a1e460ae8418a9c7ae8f5b9ee45f0
2018-01-09,277.66,277.66,275.85,277.19,https://www.sge.com.cn/sjzx/mrhqsj/5142785,f28b8d7cc4c22526e747870dfe5acef5cc396476bfe75498e5af3c93d62de50c
2018-01-10,277.1,277.59,276.5,276.65,https://www.sge.com.cn/sjzx/mrhqsj/5142791,c96e87653ff46330023335a55d55f3ed46aaae0891441d092fe35714a8ea9c40
2018-01-11,277.45,278.9,277.45,277.8,https://www.sge.com.cn/sjzx/mrhqsj/5142798,3bbddaacd5b0eef0a191f85a239cc30c00f16cd1e03d91ed5616f149fb898229
2018-01-12,278.2,278.65,277.9,278.38,https://www.sge.com.cn/sjzx/mrhqsj/5142805,78ed2255d9afbaf2126a7931d1f6a67aec3f1a59d7420360f5d708e2cbba0fa8
2018-01-15,279.21,279.54,278.0,279.54,https://www.sge.com.cn/sjzx/mrhqsj/5142813,2665666432d1df08abb677a8eabce1b1ab1dd67fdfccf3a01aeeec24b26d1c71
2018-01-16,280.0,280.0,278.39,278.8,https://www.sge.com.cn/sjzx/mrhqsj/5142819,ba429f85cb8cbdfa10e785f6530906e4d1ac1c80e5d3f61c29133a8ed055c2fb
2018-01-17,278.18,279.2,277.5,277.65,https://www.sge.com.cn/sjzx/mrhqsj/5142830,2d12448730ddb90510ed38dfaa0eb239ae49d365351a8b8f1a901d5d09bacac0
2018-01-18,278.92,278.92,276.05,276.15,https://www.sge.com.cn/sjzx/mrhqsj/5142835,1f4849a919f05a677adbabdd8dc8e0d9e2106f9ef476df7fd605dbe8423a958e
2018-01-19,276.99,276.99,275.5,275.6,https://www.sge.com.cn/sjzx/mrhqsj/5142841,997a011780868e89290985bd9b0d66075622e372187f813d0394cfee45a294e0
2018-01-22,276.8,276.8,275.9,275.95,https://www.sge.com.cn/sjzx/mrhqsj/5142849,80bdfdc67ef3ffaa50ec35152cba97c50c6cbf93311b35666aa9abe8c3ef42e9
2018-01-23,276.78,277.28,276.0,277.14,https://www.sge.com.cn/sjzx/mrhqsj/5142854,74e55eaa33b07f503be46b29206a9290d48cc0cd555fd8344e7589d1f2b82f57
2018-01-24,277.1,277.98,276.65,277.84,https://www.sge.com.cn/sjzx/mrhqsj/5142871,ba828ea0ccd8f1bcf7cca219f391504402e22d28444de4052c2ed69d8b84d411
2018-01-25,278.5,279.35,278.0,278.87,https://www.sge.com.cn/sjzx/mrhqsj/5142873,bd74675fc6f93a59c497cf262042a174c5f024466d277f8b6193833188a41671
2018-01-26,279.17,279.17,276.71,277.5,https://www.sge.com.cn/sjzx/mrhqsj/5142882,44e6d43e960f6bacc342e7b7d453b24a4486b8c042e67bde6f9ef37e50ce54c1
2018-01-29,277.48,277.87,275.88,275.98,https://www.sge.com.cn/sjzx/mrhqsj/5142887,aa1b64d11ec7234c6c83ed0f9b14680cc149c51de6beff1475a97d698d8dfef7
2018-01-30,276.0,276.2,273.66,274.0,https://www.sge.com.cn/sjzx/mrhqsj/5142895,89f6ba90b999dbfa92ad0633a96afef844656e8f3fc0b50576fb8f988f1914cf
2018-01-31,275.35,275.35,273.8,274.05,https://www.sge.com.cn/sjzx/mrhqsj/5142902,97cb87564b661a179b894a77cfca0752971d3ee905fb20e7b2003829aec07227
2018-02-01,273.55,274.0,273.4,273.4,https://www.sge.com.cn/sjzx/mrhqsj/5142909,dc766f4d6307fe87c94d8c7433227176f4a6202ce4258bc11171d551230cf506
2018-02-02,273.0,274.19,272.8,273.75,https://www.sge.com.cn/sjzx/mrhqsj/5142916,cb230fea32642c7b2e6e83469f40b43afe4f1365d81deaaede1ec83f6a645a0e
2018-02-05,273.5,273.98,271.2,271.49,https://www.sge.com.cn/sjzx/mrhqsj/5142924,056142520e941760f82ef20bb2fb1044a2acb8e730d66d115ce8fa5d26785427
2018-02-06,272.62,274.49,271.2,273.24,https://www.sge.com.cn/sjzx/mrhqsj/5142932,f9bd31b877b3dd949dc1d52a384b6c3500370f1614287ee1f7a69f7ac78ae272
2018-02-07,273.67,273.67,269.1,269.79,https://www.sge.com.cn/sjzx/mrhqsj/5142941,bdc58989ce4f43c1d60ed99ccedd5532c6e4b42bf8def3809dde8a2bce5f5e4a
2018-02-08,270.32,270.32,267.55,269.3,https://www.sge.com.cn/sjzx/mrhqsj/5142959,8172744808b6a69726076e731a25fc0f2cfc9c62db01a55a82366a96773664bd
2018-02-09,270.0,270.99,268.3,269.55,https://www.sge.com.cn/sjzx/mrhqsj/5142977,7455ca01da4a65d2362ee64ac30d2ac40d7dd904c29b15e128842d744cb6a308
2018-02-12,269.55,270.15,268.41,270.1,https://www.sge.com.cn/sjzx/mrhqsj/5142979,d86b2e70aca1d79bf650018a5ff9a6a2a975883013d1a469a3573f825ad7dd03
2018-02-13,270.29,271.39,269.35,271.14,https://www.sge.com.cn/sjzx/mrhqsj/5142986,f0aca53c9929566fba4a4446e5dccaa32e1dae9516a07ab0332dc9aa399cee83
2018-02-14,272.44,273.35,270.85,273.21,https://www.sge.com.cn/sjzx/mrhqsj/5142991,5dda27f9306b4cda9805a7448f05956bc7dbcb73b418d157a2ea30dcdca91b87
2018-02-22,272.0,272.0,271.0,271.36,https://www.sge.com.cn/sjzx/mrhqsj/5143003,658dce4f2ebecd966b628614225eec4ea9f7b2eaf1fc974c1f58617dc5d1349b
2018-02-23,272.45,272.45,271.2,271.96,https://www.sge.com.cn/sjzx/mrhqsj/5143009,8c1e35d6f371f6372556511a851f03ea3eaf89c97c0affeed92e6cfb3b567420
2018-02-26,273.35,273.7,271.51,273.6,https://www.sge.com.cn/sjzx/mrhqsj/5143018,a2a663706f9146b19f71c2414e1a32fe47f6814a53142a25fc75878405c8f073
2018-02-27,274.4,274.4,271.9,272.36,https://www.sge.com.cn/sjzx/mrhqsj/5143026,201621894b6ef2ef8e58a58943fb573b5c3cca59c66d7b3af61f8e39325c600b
2018-02-28,272.3,272.3,269.24,270.3,https://www.sge.com.cn/sjzx/mrhqsj/5143033,db6b2c2e5d99993e6cb4f96a2e95c6393885d4b4506f4e30c520861e011eddbb
2018-03-01,271.49,271.49,269.58,269.78,https://www.sge.com.cn/sjzx/mrhqsj/5143042,c1bd0bb44459064d7837105c8e6bf8145dec3801e31b18c2066967e4c89fcb98
2018-03-02,270.49,271.07,269.0,270.9,https://www.sge.com.cn/sjzx/mrhqsj/5143049,e53ecdeb172f3583c671aee80a8b4ea80626ff6e6d1506a7bd990fefae704db2
2018-03-05,271.98,272.1,270.5,272.09,https://www.sge.com.cn/sjzx/mrhqsj/5143057,7c6d476acf6d8b94ece6459760e010234b559672ef550c5faeb3de7dc0178d55
2018-03-06,272.5,272.5,270.71,271.15,https://www.sge.com.cn/sjzx/mrhqsj/5143064,55dbe4514cdb357fcf7ea93a3e833d8137075986d54aa33b0a0ba6e2574289a0
2018-03-07,272.7,273.27,271.8,272.3,https://www.sge.com.cn/sjzx/mrhqsj/5143070,8fd33a39d0ddf30ffb753ce7bce9ab8f3a2d2d5b931cf640f0c8c8a46d7b3bc3
2018-03-08,273.7,273.7,271.6,272.21,https://www.sge.com.cn/sjzx/mrhqsj/5143077,a39c4b239dce49250ab61bf0a6df407a0979060cc61f5df1d7d75866e3a950f4
2018-03-09,272.8,272.8,270.3,270.6,https://www.sge.com.cn/sjzx/mrhqsj/5143083,f645e318e427be0730f9c16275c0ff40bd034d8807570289808674e5edff6b2c
2018-03-12,272.2,272.2,269.8,270.8,https://www.sge.com.cn/sjzx/mrhqsj/5143089,7961bdb2a7ff2e773ca8d3b8a3d6d1a83cf5824284e4080a41c8ab5dfdcaf91b
2018-03-13,270.8,271.0,269.96,270.7,https://www.sge.com.cn/sjzx/mrhqsj/5143096,7a06f95945fae1b29e799d6b183ce9247b2fde2318c1d0cff9a908e51a480712
2018-03-14,271.1,271.65,270.27,271.12,https://www.sge.com.cn/sjzx/mrhqsj/5143102,41bc9ee73f0a8e1bb98c72a7a0ab43a5f5620b2939148fb01f0768d056a48f25
2018-03-15,271.12,271.4,270.66,270.97,https://www.sge.com.cn/sjzx/mrhqsj/5143108,fcdda2a7ce7e06545cb49dbe4b6f3c934e340f401f7969eeaa58a201ad8d7364
2018-03-16,271.04,271.04,269.5,270.21,https://www.sge.com.cn/sjzx/mrhqsj/5143111,5a379664b09f2c68534b27655d98a505e5123aef3d575c189251ff7e8b01dae4
2018-03-19,270.81,270.81,268.28,268.6,https://www.sge.com.cn/sjzx/mrhqsj/5143119,43988dcfb98b2fa4b060ac933120b0dce834805310ddb772723572f66271c3e4
2018-03-20,269.16,269.6,268.51,269.51,https://www.sge.com.cn/sjzx/mrhqsj/5143125,c0044d6c1e6e44fbc676ac4adaa556f8d6650a6474494b9d603b45a1df386230
2018-03-21,269.6,269.8,268.65,269.74,https://www.sge.com.cn/sjzx/mrhqsj/5143132,25bf9d2e744fcac1055d2c070d13c9a778287cee1f8a9da9e0d0126c6e21e5ce
2018-03-22,270.12,272.4,269.52,272.1,https://www.sge.com.cn/sjzx/mrhqsj/5143147,61a2bf380500df1c6600d99335b76435ddb74633b6634b974ce7068e32473448
2018-03-23,272.62,274.98,271.62,274.97,https://www.sge.com.cn/sjzx/mrhqsj/5143154,422f7d1595895e25e7ea9b3ddf6f18b52d52b2cf468945673f500ea9dbf4a126
2018-03-26,275.12,275.4,274.16,274.18,https://www.sge.com.cn/sjzx/mrhqsj/5143160,35b535e5b2a2c82fa74c0ae6967b0bb02ab563106f7f20db152dd2fcd08fb8f5
2018-03-27,275.8,275.8,273.8,274.1,https://www.sge.com.cn/sjzx/mrhqsj/5143166,429b9d03bacaa46a4a9ecb0819c980046e6294b41a89c8e9e7b3dbc8bc581cd7
2018-03-28,274.26,274.26,272.45,272.52,https://www.sge.com.cn/sjzx/mrhqsj/5143176,27c949f91bbb058d7e9894ce2160080a09f3182305af245eac1e2a0e34df9675
2018-03-29,272.52,272.52,269.4,269.9,https://www.sge.com.cn/sjzx/mrhqsj/5143181,1f7275dda20d23819218e900eed9ab587f044629bbc8725ac692e295ce02711b
2018-03-30,269.04,270.6,269.04,270.56,https://www.sge.com.cn/sjzx/mrhqsj/5143186,6f39992ec294e51dc4988fefaade3cbed9f8c5c73595d09a0c80ac05a1871bfa
2018-04-02,271.11,271.5,270.0,270.84,https://www.sge.com.cn/sjzx/mrhqsj/5143199,c0809f72127f4fe4c9de9f0b30e92a17e735d88e29f0551c7575369e5df77771
2018-04-03,271.85,272.68,271.0,272.44,https://www.sge.com.cn/sjzx/mrhqsj/5143205,948350c8d1314bce7e4bed4d24865020f9a652a3039fab82b968aa5b54b8b7bd
2018-04-04,272.47,272.48,270.77,272.16,https://www.sge.com.cn/sjzx/mrhqsj/5143212,38df5d4c050124e26c10bbe09bd0ffee74fcaace772b9a8ac5bb30de21da4cf1
2018-04-09,272.2,272.2,271.35,271.5,https://www.sge.com.cn/sjzx/mrhqsj/5143221,c5ba603b7b316f8a956cdefc815d94dff8891d1ce8d5586e1319cf5b6791d6be
2018-04-10,272.35,272.79,271.42,271.97,https://www.sge.com.cn/sjzx/mrhqsj/5143232,78848da3ebacf36c1a465cef9d7e9bcb9587be898f3928cd621a8d821a15e88f
2018-04-11,272.76,273.24,271.69,272.9,https://www.sge.com.cn/sjzx/mrhqsj/5143238,9f84daeae9eaa405842d92b15f801824dd17f04c837b54210fbb091d07ad5a33
2018-04-12,274.18,275.0,273.14,274.08,https://www.sge.com.cn/sjzx/mrhqsj/5143246,e8dee1505d672adc5f9ff4a43b64eb7f167a5b311867ca50144baceffa34d468
2018-04-13,274.08,274.08,271.95,272.1,https://www.sge.com.cn/sjzx/mrhqsj/5143252,7d215981a178fcca19d974253cbc17628d8dbaf175de14c90e8c9f502498669a
2018-04-16,272.42,273.79,271.7,272.89,https://www.sge.com.cn/sjzx/mrhqsj/5143261,1508dd0e97b02121d09b53bb077396dde71e1c2a13c970da0573ccbe54b4865d
2018-04-17,273.4,273.55,272.99,273.5,https://www.sge.com.cn/sjzx/mrhqsj/5143276,0e3d09ca9970701464f666359d6db17169b8ca23a97a9be16dac14234fb9377e
2018-04-18,273.57,273.57,272.3,273.04,https://www.sge.com.cn/sjzx/mrhqsj/5143283,5520d24cbcce86638b2e83f691d959e81915c6174d8d541056e762ebd1eb188b
2018-04-19,273.89,274.5,273.5,274.09,https://www.sge.com.cn/sjzx/mrhqsj/5143290,24065a20dcc447f3b8de9ffabd560e90f2ec5e8f9d67c9c245303e9d4e53970e
2018-04-20,274.09,274.09,272.71,272.88,https://www.sge.com.cn/sjzx/mrhqsj/5143295,c2d5ae9618f13eb865408ce8cc842e8bb32cfb7472e79c12eaed14303a41db3f
2018-04-23,273.82,273.82,271.38,271.45,https://www.sge.com.cn/sjzx/mrhqsj/5143308,a3cdaed8071f50c9199e553b055c188f901605b2c989b17c43555b9d40dbedcf
2018-04-24,271.52,271.52,270.65,271.09,https://www.sge.com.cn/sjzx/mrhqsj/5143316,171e17b33406d5dd507fe9313d569a095b74ddcad245e6ad844c05d5e23c7608
2018-04-25,271.67,271.67,270.5,270.51,https://www.sge.com.cn/sjzx/mrhqsj/5143322,17067469c3d4dd9b59ab2802ffa0ca879f959675d62273430c2c62db4df36188
2018-04-26,270.4,271.28,270.3,271.27,https://www.sge.com.cn/sjzx/mrhqsj/5143329,0f4b47cd5dc3ce2edf948620f648e5d422ab165dbd9bf4aa44c8bf6eb031764b
2018-04-27,271.29,271.29,269.9,270.3,https://www.sge.com.cn/sjzx/mrhqsj/5143335,c11fbaf1860efc9e59ff7169604e379aa9ad0185e5d13a2f076317890d551c76
2018-05-02,270.3,270.3,268.76,269.84,https://www.sge.com.cn/sjzx/mrhqsj/5143348,e1d23ac74d8bdac639e04a172964dfd8ab498ffcd54473feaa739b1e70f8b38e
2018-05-03,270.62,270.62,268.9,269.4,https://www.sge.com.cn/sjzx/mrhqsj/5143356,7f4cc72e4d57ac2435fd020273423be023d91032d3ad868b09f4365c44b246db
2018-05-04,270.53,270.53,269.22,269.48,https://www.sge.com.cn/sjzx/mrhqsj/5143366,9ba155d044b747e0a8b971aacfac9f804fda9bd5891eb91debe243bd668933ed
2018-05-07,270.62,270.95,269.5,269.99,https://www.sge.com.cn/sjzx/mrhqsj/5143371,3211d4a03706ea90d27c55aba18c39d07a0b3c26c6cd3d0516c2d0ee891b7322
2018-05-08,270.71,270.71,269.99,270.35,https://www.sge.com.cn/sjzx/mrhqsj/5143376,b2d9d0123d6055c080ea6819b56d50e4871059663c2002353d4321f5a02f710b
2018-05-09,271.3,271.3,269.29,269.61,https://www.sge.com.cn/sjzx/mrhqsj/5143385,44fbe2f89dd6f6af9c3998c811f08b3de1d3357be200abaf83020dcafb70c9f5
2018-05-10,270.62,270.62,269.7,270.1,https://www.sge.com.cn/sjzx/mrhqsj/5143386,9d3343409368d86c218d7e8dd89a0ec204d429b72575cfa2ba69a4c5f2c4fd9c
2018-05-11,270.4,270.8,270.22,270.79,https://www.sge.com.cn/sjzx/mrhqsj/5143397,9ca5995017c97988f8fe7efccbf32926041e34353d22736342f767fd49282549
2018-05-14,271.42,271.42,270.33,270.52,https://www.sge.com.cn/sjzx/mrhqsj/5143410,673946b5bb771252b296cad3a4f81b92787fbf467faaef81dd352df44223faaf
2018-05-15,270.3,270.55,269.04,269.47,https://www.sge.com.cn/sjzx/mrhqsj/5143416,3c1d107e680f9883db662be09dc2adb17bbaca536502f4564c8c6abbbcca11eb
2018-05-16,269.62,269.62,266.45,267.1,https://www.sge.com.cn/sjzx/mrhqsj/5143421,1836381bf37c0b3111b7814e3a60bd575ef20a401ca51714e2353514dae93619
2018-05-17,267.0,267.0,265.2,265.49,https://www.sge.com.cn/sjzx/mrhqsj/5143429,43d922d8222b707dc13b4870f6309af8189994280edacf0425ee681762058358
2018-05-18,267.0,267.0,265.41,265.8,https://www.sge.com.cn/sjzx/mrhqsj/5143439,e1532c970b925ed9c2372b75f695df016d1b0e2dc8015667278ac2b0f78e6471
2018-05-21,265.85,266.27,264.8,265.32,https://www.sge.com.cn/sjzx/mrhqsj/5143449,5be490acb609318f8331c3393f0179ae4da32de8102cebd22487725d2029706b
2018-05-22,266.8,266.8,265.0,266.01,https://www.sge.com.cn/sjzx/mrhqsj/5143459,e80f8f03011ade56937e794cea8a645e8e9d804ae0e140c38364b2a7b432410c
2018-05-23,267.8,267.8,265.9,266.49,https://www.sge.com.cn/sjzx/mrhqsj/5143461,33ae9519936eb2ea3c74c9c130d3408df80cc1a026b115d23409ef2adb553c41
2018-05-24,268.8,268.8,266.15,267.65,https://www.sge.com.cn/sjzx/mrhqsj/5143469,b5742e29de33bef18300d1d185ed4a095ba320254d011baba4876158a26ec982
2018-05-25,267.5,268.96,267.03,268.87,https://www.sge.com.cn/sjzx/mrhqsj/5143476,41bf95cf173fb42385c085604008e362b61f7806a30253c5572e7a0e3ec0d09a
2018-05-28,269.5,269.5,267.6,267.8,https://www.sge.com.cn/sjzx/mrhqsj/5143483,46d7b2ceed87f9ba8cfa6b3d0dca649730e6babb385721df5634f7c718b33d8e
2018-05-29,268.58,268.92,267.6,268.4,https://www.sge.com.cn/sjzx/mrhqsj/5143494,e47d207d1777ca7bb4a26ebe039c4fb2c7190aa1fdf282c73bb9aef5df89c148
2018-05-30,269.88,270.0,268.31,268.85,https://www.sge.com.cn/sjzx/mrhqsj/5143500,a5e261c2f345056c427c26771ceabd7c8cdf1da3dd308797f723b9424d14df00
2018-05-31,270.0,270.0,268.92,269.54,https://www.sge.com.cn/sjzx/mrhqsj/5143507,20a162b4afcef366bc226f4b6f915f0961b3b860577f87ca0fca6bdf18a85e79
2018-06-01,270.55,270.55,268.7,269.09,https://www.sge.com.cn/sjzx/mrhqsj/5143514,f7c2aa4c3fba38a919ff6bdfad3281da149e0efc133fcd039b091e32f339dc3a
2018-06-04,270.0,270.0,267.67,267.94,https://www.sge.com.cn/sjzx/mrhqsj/5143520,aeeb3f32e424f4c752eec1efa1312adeb4787cbecc3d8e6d7412950dd50823e2
2018-06-05,269.17,269.17,267.23,267.5,https://www.sge.com.cn/sjzx/mrhqsj/5143528,0ff99f593a03671b32a558d19c73ed9515a0b0db6ab55b48ccb875d6c049cb77
2018-06-06,268.11,268.4,267.4,267.87,https://www.sge.com.cn/sjzx/mrhqsj/5143536,2d418a8c75273abb7e9da6b98e6c7b6c62c61826a044d3498012ff44b9676eea
2018-06-07,267.94,268.3,267.3,268.09,https://www.sge.com.cn/sjzx/mrhqsj/5143541,0e5155f75ba0e15bc3c91c60c8d3b043550eb77b0dca6a48e22a39404832d968
2018-06-08,268.9,268.9,267.55,268.13,https://www.sge.com.cn/sjzx/mrhqsj/5143550,fcf490093736f7c2e5f0029599e8b9704569dbdb0c608e9b7418e5375be95074
2018-06-11,269.12,269.12,268.01,268.26,https://www.sge.com.cn/sjzx/mrhqsj/5143557,c5a8c50c70c3892105c79428417ff2c8ebd0f87b420c04b7ebb84ec7dd954877
2018-06-12,269.08,269.08,268.1,268.11,https://www.sge.com.cn/sjzx/mrhqsj/5143571,5e9a093624bffa2f828023f838553ee52f6f68f8d9018839c437524e366a0ca7
2018-06-13,268.99,268.99,267.15,267.86,https://www.sge.com.cn/sjzx/mrhqsj/5143577,dc43e1306e44a3deea41e29494b8a92194ea4ac96f033efa5bb62be78b04153f
2018-06-14,268.79,269.0,267.6,268.93,https://www.sge.com.cn/sjzx/mrhqsj/5143586,a33749b0b2e4222681427159635dc9c387a77ddaad907c36e8dd8c794d437300
2018-06-15,269.0,269.8,268.61,268.67,https://www.sge.com.cn/sjzx/mrhqsj/5143594,c2b1ac96125280f63d67dd05d53ea59985e1da63d5e7e7c46435d2d23f6b949d
2018-06-19,268.0,268.0,266.8,267.82,https://www.sge.com.cn/sjzx/mrhqsj/5143600,3a8ec6bbc7d1d0ba9f109714e2ca98ff9688b07ce17348b35efd4dccbd31fd54
2018-06-20,267.82,267.82,266.2,266.3,https://www.sge.com.cn/sjzx/mrhqsj/5143606,99d5ac4f684f9f79fb6b6f76c1c8e27163ee1b0e522395d8360702f50dd82579
2018-06-21,268.0,268.0,265.25,265.75,https://www.sge.com.cn/sjzx/mrhqsj/5143612,eb807dfc9823f2fe24b19e77de7f4a89eefe35227138fd552a350d7047b610fd
2018-06-22,266.21,266.75,265.0,266.68,https://www.sge.com.cn/sjzx/mrhqsj/5143629,c9b77002d481aec5eee329cf3165b28398264a4d5806d28d4a3b2988ea815d5d
2018-06-25,267.3,267.6,266.41,267.16,https://www.sge.com.cn/sjzx/mrhqsj/5143637,3fee65d0910c4bb80b863b05f83be19e6295b3aea97c2395bd708eb1b8575638
2018-06-26,269.0,269.0,267.01,267.2,https://www.sge.com.cn/sjzx/mrhqsj/5143646,084cfec22717179f15c50ee7b47ef927cdc585f9964b55ffda7e38119cf10080
2018-06-27,266.99,267.75,266.6,267.56,https://www.sge.com.cn/sjzx/mrhqsj/5143653,e76fd8c7a4783230a743ae02c1e82b6c1328c4bdf63ed29753d78028ac3265e2
2018-06-28,267.65,267.75,267.0,267.0,https://www.sge.com.cn/sjzx/mrhqsj/5143659,59bf011c9d961522a4ec4715b32dbbb1ecc07c73de428528968411350638f410
2018-06-29,267.4,267.77,266.9,267.38,https://www.sge.com.cn/sjzx/mrhqsj/5143667,6c78adb054f98ab6d0c82690aa4b4b247314122b8b9eabfeebcf9e96bb3fe107
2018-07-02,267.95,268.22,267.2,267.42,https://www.sge.com.cn/sjzx/mrhqsj/5143675,3718cb68582626467485f9ed3935e8e5273e983ac8fa118c65955f69fddd86ad
2018-07-03,268.9,268.9,267.5,267.84,https://www.sge.com.cn/sjzx/mrhqsj/5143688,09f51a7894bd5e04ef375bbe53f581cb892ffd6f86ea5b9458ce4ae43f12d78d
2018-07-04,268.6,269.4,267.8,268.4,https://www.sge.com.cn/sjzx/mrhqsj/5143694,15976083a55eebfa9a2387d5f445692099938a250a204d5eb97a34f5a3b39446
2018-07-05,269.39,269.39,268.25,268.29,https://www.sge.com.cn/sjzx/mrhqsj/5143702,8bfd89ec1753416f632b0ffc7984b427dfabeedb93a3f9ad06b2aadea2aa7f8e
2018-07-06,267.56,269.35,267.56,269.21,https://www.sge.com.cn/sjzx/mrhqsj/5143709,b9cea5d8aa84fa04777949202a3cfdf3fd6898828aba4675f94ac148a043c6ee
2018-07-09,269.9,269.9,268.85,269.1,https://www.sge.com.cn/sjzx/mrhqsj/5143714,f0c4da68c8dee323e5ec00d7af419cbe9b4fe46607c21c9fd943b74eaef0d1e9
2018-07-10,270.0,270.0,268.1,268.25,https://www.sge.com.cn/sjzx/mrhqsj/5143720,490b10e561a8ced223f37d604a0243cd87dc9c75248926d3c54a5478c4092d42
2018-07-11,268.3,269.9,268.0,269.0,https://www.sge.com.cn/sjzx/mrhqsj/5143728,f8521f0ea8fe19853ad0991ec6aa8716d47e1c89ccd4680ad8ad258e6d651192
2018-07-12,269.4,269.4,267.9,267.99,https://www.sge.com.cn/sjzx/mrhqsj/5143733,5aec0ddbb85f9167a1bd6eb2a37d874061849d7b541c5c8d7d444997e340324a
2018-07-13,268.8,268.8,267.75,267.8,https://www.sge.com.cn/sjzx/mrhqsj/5143742,e0cb47ca1475dedf1e4c3b9728fb55a7884f3d2c8cb6e8382f80ba50a70a9e23
2018-07-16,269.0,269.0,267.7,268.15,https://www.sge.com.cn/sjzx/mrhqsj/5143756,d81fe723e4787ec986f9ae7aa8c84a8dea1eeb75a001acc35b289ca5f5be07ae
2018-07-17,269.5,269.5,267.25,267.87,https://www.sge.com.cn/sjzx/mrhqsj/5143763,2ebc49adf2a87915b652e01681d69f00dd572ad9bcbad6d5ba7641b62dbdb79e
2018-07-18,269.0,269.0,264.9,265.47,https://www.sge.com.cn/sjzx/mrhqsj/5143774,f932c2cfb3c0164d84e60780730158a28ac6aaf7b6b8097d83f371024a7f7cd0
2018-07-19,267.0,267.0,265.55,266.29,https://www.sge.com.cn/sjzx/mrhqsj/5143781,38757c99199ea5f81f4666bce2fea02464698ce4a92e6e75678727518c49fdbb
2018-07-20,266.37,267.5,265.5,267.48,https://www.sge.com.cn/sjzx/mrhqsj/5143790,0aff9542160ca4da68d4a56767ed98100375a4970df633f41933b4ac1ee235dd
2018-07-23,267.8,268.55,266.6,268.4,https://www.sge.com.cn/sjzx/mrhqsj/5143797,7e71ab0fdbb36c6defca933c71508a299a09c038fc2bdb038109e3f7015e1f2b
2018-07-24,269.0,269.0,267.9,268.43,https://www.sge.com.cn/sjzx/mrhqsj/5143803,088a435fe1124fd5e6305d22e277577e1c4d33b249719512ae475ac80f93e15f
2018-07-25,269.5,269.5,268.0,268.0,https://www.sge.com.cn/sjzx/mrhqsj/5143806,1acb8c7d3b6dcfa3d347195a338e70566d401b960fe9c92991dc042328596be1
2018-07-26,268.95,268.95,268.1,268.58,https://www.sge.com.cn/sjzx/mrhqsj/5143821,84c9d9587e69f1e43a7a5a56db71e84704a2d6d5ba6ae34b1f9c0d93b8ecd94c
2018-07-27,268.9,268.9,268.25,268.25,https://www.sge.com.cn/sjzx/mrhqsj/5143829,c5056f9dc821a515af11ae7c29ad79237921825d678c2b905039555b05eee9bd
2018-07-30,268.82,268.94,268.21,268.29,https://www.sge.com.cn/sjzx/mrhqsj/5143836,4e0a618d8f44aed08ab24f86e7c3e6d585aed4b5e461ffaf381f3731d5a0650f
2018-07-31,268.8,268.9,268.09,268.65,https://www.sge.com.cn/sjzx/mrhqsj/5143841,a8113464e7ab63764cd5d70bd4b4e3cf03796aec92fe9677b5392913bb8c8630
2018-08-01,269.0,269.0,267.91,268.24,https://www.sge.com.cn/sjzx/mrhqsj/5143891,e5902df49f48ed62a17680375eaccd2a80ff62f8c51a51710d48f09bed96865e
2018-08-02,269.0,269.0,267.9,267.93,https://www.sge.com.cn/sjzx/mrhqsj/5143904,20c3de7c4cf4a6fb9d9b4393654cd51e299bddad2e1b3927a78a294d19e5820e
2018-08-03,269.0,269.0,267.53,267.81,https://www.sge.com.cn/sjzx/mrhqsj/5143912,c32b6420cc2ff7947cc40513902424d58398d2f634563767e0a1e675ac94eb56
2018-08-06,269.0,269.0,267.15,267.6,https://www.sge.com.cn/sjzx/mrhqsj/5143920,3dde471cab94ce4bc6c8dc54892a75d7ed5ffb085932b60c23d6dcb5ece9ad15
2018-08-07,268.5,268.5,267.08,267.61,https://www.sge.com.cn/sjzx/mrhqsj/5143926,9dbedfff3f1cae28d7add87df9a1f67b774ac1e8e1e062e6bcaf06633a787a57
2018-08-08,267.5,267.6,266.5,267.2,https://www.sge.com.cn/sjzx/mrhqsj/5143936,086abcd22970f887a99274aaa6c696e33cfdd2fba8b7ec33f4161c88db772be1
2018-08-09,266.9,267.39,266.52,267.14,https://www.sge.com.cn/sjzx/mrhqsj/5143944,aa1c6fc3d55191f6ad8c3dfa4ec0b52d5541bc149987160ac35bcad83a8e57b6
2018-08-10,268.3,268.3,266.95,267.24,https://www.sge.com.cn/sjzx/mrhqsj/5143951,18908e04fc413dd1f44ce2d2b597d9e80e31ec9343f53967794e6fa93a76c1c5
2018-08-13,268.3,268.3,267.6,267.72,https://www.sge.com.cn/sjzx/mrhqsj/5143958,29f78461e6b19bc271bdf1c788cb6d53a39f9afd0b96dd43ec32259eb0b6e2ca
2018-08-14,267.72,267.72,265.48,265.51,https://www.sge.com.cn/sjzx/mrhqsj/5143966,424443c47aeec8cbe7fda60ac51b2725a4756f120c8a15fd72a347ac84ef8193
2018-08-15,266.49,266.49,264.85,264.97,https://www.sge.com.cn/sjzx/mrhqsj/5143975,173730f17713ed020b4cae2cc01128cd02647b8d5a8af054bbea7371bd67d41f
2018-08-16,265.69,265.69,260.75,262.39,https://www.sge.com.cn/sjzx/mrhqsj/5143983,ae77663b99bbe392bb94a3c8fcbb4f86161f724e33fb0aed7eb7f66c89a37c4c
2018-08-17,262.8,262.8,261.5,261.59,https://www.sge.com.cn/sjzx/mrhqsj/5143991,8451802abb7b3fad06aaa7dae8c3bfe3082d99fccd854466936b0d3fe13a7da1
2018-08-20,262.35,263.18,261.6,263.18,https://www.sge.com.cn/sjzx/mrhqsj/5143996,c6d36262abb2c5bfca69119a5dd46d8f1ca47bfba404a4e8a825e9f1c99b9ee3
2018-08-21,263.3,264.59,262.95,264.51,https://www.sge.com.cn/sjzx/mrhqsj/5144019,e17052f6d77ff5e7c211fe93f8dc345cc7e06b8b058ebd7eccde763afddfd61b
2018-08-22,264.7,264.7,263.1,264.1,https://www.sge.com.cn/sjzx/mrhqsj/5144021,de3bbaf4b88fda64bda947245e8e258da5c8a4b8a9b3f12fe3652d9e46d90f52
2018-08-23,264.3,270.0,263.8,264.26,https://www.sge.com.cn/sjzx/mrhqsj/5144029,50070e23829cb971a735464f6470d053b237fefdac66069daaeb23305f2c3e13
2018-08-24,264.75,265.0,263.75,264.6,https://www.sge.com.cn/sjzx/mrhqsj/5144035,3b6722be60675438b21f9a410921d9835b2d0c4878fe1a8b1066773410787892
2018-08-27,264.6,265.8,264.0,265.3,https://www.sge.com.cn/sjzx/mrhqsj/5144042,e462941b6b8ba4953ce49d10f25adcd9fb7626d4745616f8b1997bb839b5926f
2018-08-28,266.01,266.58,264.7,266.34,https://www.sge.com.cn/sjzx/mrhqsj/5144048,3a948aa49507bf82571ea533865d412cd80923849f638172e556b8a7af887322
2018-08-29,266.6,266.6,264.81,265.69,https://www.sge.com.cn/sjzx/mrhqsj/5144059,e460caa65d5900fa3446a32c555260b1e4fa12badb132a832b887566b89ed45d
2018-08-30,265.7,266.0,265.38,266.0,https://www.sge.com.cn/sjzx/mrhqsj/5144068,66da7d58e29558b59b712a94793860fabeddedb19ec2989b6db2ebebd44dd46c
2018-08-31,265.65,266.5,265.12,266.47,https://www.sge.com.cn/sjzx/mrhqsj/5144076,2b2531a93897ab6d02206fbf171fb701ba3fedaf38e1e03bad5bff3ca4957bd9
2018-09-03,267.0,267.0,265.0,265.0,https://www.sge.com.cn/sjzx/mrhqsj/5144083,7aebbf373a96f3a56f053ce6e2c4232e01da4b96ff838ae2968ce5012a020d34
2018-09-04,265.49,265.49,264.0,264.14,https://www.sge.com.cn/sjzx/mrhqsj/5144090,63cc874341101cdfbf7162b4ebd848300309f195214b99037c6a9e2bbbf8af14
2018-09-05,264.14,264.35,263.7,263.91,https://www.sge.com.cn/sjzx/mrhqsj/5144096,fd3d3c8d80b540105bb992cafaa4eb6f5a884033e1ccc3d15e9bf3823c924514
2018-09-06,265.0,265.1,263.7,264.8,https://www.sge.com.cn/sjzx/mrhqsj/5144104,c7e152a2c7eb4586a000ddb77aa11d8f161cc2b0a77485e2d20626a9e37c5bbc
2018-09-07,265.8,265.83,264.8,265.22,https://www.sge.com.cn/sjzx/mrhqsj/5144112,bfd2c12c2f4db2df906014b818dd68b67eb8a7b20e7308bd1bb7f5ab7cabc24e
2018-09-10,265.76,265.76,264.66,265.19,https://www.sge.com.cn/sjzx/mrhqsj/5144119,9147e5331a8d89d92ca670d6d666429376b0f71748be4ce12bb4228de79dcfef
2018-09-11,266.0,266.0,264.67,265.38,https://www.sge.com.cn/sjzx/mrhqsj/5144126,861b638911d75ecf6eaa505f3364d3bfa2c7f62fa45e422ce5606bd50f7575f7
2018-09-12,266.0,266.0,264.0,265.2,https://www.sge.com.cn/sjzx/mrhqsj/5144143,433fd410bc2eddeedb0fda37c02f3497ce7af5d0b3e33b0e9f9c29a50d321112
2018-09-17,268.0,268.0,265.5,265.69,https://www.sge.com.cn/sjzx/mrhqsj/5144167,7f763e60977a29a7084a920657dff1cdd7b2bea74458188cede99cf55b14acfe
2018-09-18,266.88,267.0,265.67,265.79,https://www.sge.com.cn/sjzx/mrhqsj/5144175,0cf499be40a821541d04218ee9028f660a39834107d6144cda32540055ae8b0b
2018-09-19,267.48,267.48,265.9,266.69,https://www.sge.com.cn/sjzx/mrhqsj/5144182,29a6ac67a5bf07cf0127d8d9a51586019669a5788492abb82543238543b25d68
2018-09-20,266.05,266.92,266.05,266.54,https://www.sge.com.cn/sjzx/mrhqsj/5144189,ab8d3205f674164b5b1f8daaf7df67da53a485556ba0cdc6ecc7bf3acc75f72a
2018-09-21,267.45,267.9,266.37,267.7,https://www.sge.com.cn/sjzx/mrhqsj/5144194,3d5238394d084e210152ef61ef1b902943822d656ed60269095a665bcd7b45aa
2018-09-25,267.8,267.8,266.0,266.53,https://www.sge.com.cn/sjzx/mrhqsj/5144203,1b84872ae74181a1e801f7a89cf8628eeb4e58b00cd59fb39a484130fa0fe603
2018-09-26,266.95,267.15,266.5,267.1,https://www.sge.com.cn/sjzx/mrhqsj/5144210,092d0b4a4be07e460012f8317cab81b4355cd16f8d849ae326ec06de4c32ba96
2018-09-27,267.8,267.8,265.98,266.3,https://www.sge.com.cn/sjzx/mrhqsj/5144219,3a2614b5f5850838210fdc77fa73ea3fc09e68d2fd286323ffb000b608336274
2018-09-28,266.0,266.0,263.6,264.06,https://www.sge.com.cn/sjzx/mrhqsj/5144253,e6ba179adf19920a4fdb42d9cd284461f80357708f3ce5cf479c0b9a6e45b110
2018-10-08,268.49,268.49,264.6,266.98,https://www.sge.com.cn/sjzx/mrhqsj/5144259,bb4f9423e31374711b6c5831954c063cfdd36f8f6b7f5b6a5a2c477c35ca90c2
2018-10-09,267.49,267.49,266.08,266.72,https://www.sge.com.cn/sjzx/mrhqsj/5144272,a8e82b3b265ccc88ef9c33e32d3efb9eae8e9826d1f9ecc083dde7fd75c7c168
2018-10-10,267.3,267.3,266.0,266.46,https://www.sge.com.cn/sjzx/mrhqsj/5144280,578476b81fd90b0e2cf1de388b2a633236a70479cfc35b24f5e55e35e2e8a75d
2018-10-11,266.68,268.3,266.3,268.28,https://www.sge.com.cn/sjzx/mrhqsj/5144286,ec0f7c9b1e4692a5eab984bbacbacd2b99778ac12c7ef5fb6e1285bcb1517da0
2018-10-12,269.45,272.35,268.31,271.35,https://www.sge.com.cn/sjzx/mrhqsj/5144300,94bf5dbc5d2d6dd48736bc0f41d78b26fa26030f7a27449ad303623465953793
2018-10-15,272.68,274.8,270.11,274.45,https://www.sge.com.cn/sjzx/mrhqsj/5144306,e85b79f8603dee797fa07dd27171667b71c17cb3ba18eab0f1de2e05e434ca3d
2018-10-16,275.12,275.4,273.51,274.25,https://www.sge.com.cn/sjzx/mrhqsj/5144312,f07118007d89d406ad4f2b4b74d91ae29d327f09b64d0c140919a4620bb1da54
2018-10-17,275.25,275.25,273.2,273.74,https://www.sge.com.cn/sjzx/mrhqsj/5144317,ff9c63f4f0bd1f3cd6360b86e5d1234e860e1bcef4d4347931e2d4e3b96fea4c
2018-10-18,274.76,274.76,273.39,273.65,https://www.sge.com.cn/sjzx/mrhqsj/5144324,2fe2ca1b61004cccd499b87f942b7a3ced3363229a8b8632d546d2c82aa74739
2018-10-19,274.49,275.38,274.06,274.2,https://www.sge.com.cn/sjzx/mrhqsj/5144331,8bd4a55706c667f89929c171c1487900f9b1151ea07de5de7cfd748d98fd8719
2018-10-22,275.0,275.1,274.2,274.7,https://www.sge.com.cn/sjzx/mrhqsj/5144337,a6d8cd824482c85acb3c4a3024897c322316eb42a8d7e14f4a3c8c0885c8406d
2018-10-23,274.95,276.69,273.6,276.32,https://www.sge.com.cn/sjzx/mrhqsj/5144343,5c6198f0e6b3827025d65e833e38d5defd255787ca5551d82bd9a452672e1d2e
2018-10-24,277.65,277.96,275.9,276.21,https://www.sge.com.cn/sjzx/mrhqsj/5144351,36ae25d9fddacd55d848afb7aead514a6c425cd34b358e82d7dd4aa1110ea305
2018-10-25,276.45,278.0,270.01,276.5,https://www.sge.com.cn/sjzx/mrhqsj/5144357,ce7876d2e78bf2d332b424c81b87b03d70bef46aa2b343e770e608b5aada1535
2018-10-26,277.35,277.5,276.36,277.48,https://www.sge.com.cn/sjzx/mrhqsj/5144364,2eb561429b9f7c70e2da126394141dea85fd36ea0fa3e9606d6747c2aff7a11b
2018-10-29,277.5,278.6,276.7,277.2,https://www.sge.com.cn/sjzx/mrhqsj/5144371,b507295e9f938b5e6e8bc6a6b3e131b7733f5c1a09f293197d26ace6577fff85
2018-10-30,277.3,277.39,275.8,275.8,https://www.sge.com.cn/sjzx/mrhqsj/5144379,0738a2e2d3e52fb36ddddc253dacf0d59a9dbca74a9f73e458df97c5f2d0a19a
2018-10-31,275.95,276.94,273.8,273.8,https://www.sge.com.cn/sjzx/mrhqsj/5144385,f7288d2703801876529b00efd2d9727dda54c8521d0df66a019bd1bf048bfacb
2018-11-01,275.02,275.02,273.5,274.85,https://www.sge.com.cn/sjzx/mrhqsj/5144394,7c5fde910637c7c9d1d5435fb250e49adb4c2a68db1146627ed08dc181b0cb9d
2018-11-02,275.66,275.9,274.34,274.34,https://www.sge.com.cn/sjzx/mrhqsj/5144401,dc1a2d63f1d38d01524219cabed87567bf02362de5f2d06288d76d22029c79bc
2018-11-05,275.5,275.79,273.82,275.52,https://www.sge.com.cn/sjzx/mrhqsj/5144413,641f0c2ca13b6d0cd02e66411def1edde044c40612dcbefbce7c3419e6ad3cdf
2018-11-06,276.32,276.32,274.7,274.86,https://www.sge.com.cn/sjzx/mrhqsj/5144418,78d8a14817d82e9b191875020e211d1d9e03feedb9131a223e931bd8b6dfd308
2018-11-07,276.52,276.52,274.4,275.22,https://www.sge.com.cn/sjzx/mrhqsj/5144424,4f8d771dcac9a2a2eaa3167408b934df9af710fb11c0d686c454a6a1b3767b7e
2018-11-08,276.09,276.09,273.7,273.86,https://www.sge.com.cn/sjzx/mrhqsj/5144431,6c4e86fd65185dc9ceb1e1d0d8358e8630e11e51ecb5cf200f5e3153e82034c3
2018-11-09,274.3,274.55,273.39,273.48,https://www.sge.com.cn/sjzx/mrhqsj/5144440,34e97b6eb6feb2878bbc9fc9f46321f0c324ed79dded7d473a7ffe95217dbe4f
2018-11-12,275.0,275.0,271.11,271.25,https://www.sge.com.cn/sjzx/mrhqsj/5144441,33ae02744230df3b0a658926659a08f343ac4d625a75e51b069de76c58286a32
2018-11-13,272.02,272.02,270.3,270.6,https://www.sge.com.cn/sjzx/mrhqsj/5144448,0e53959b5eb02376243be992efb5f4e24aaa0a31f5eb14c1a23cbc830d80b0fc
2018-11-14,270.6,270.8,269.85,270.13,https://www.sge.com.cn/sjzx/mrhqsj/5144454,9702cc10ea28ad76b308dd805288c717d60e500cf7b69da94154d003b16305eb
2018-11-15,270.45,272.1,269.66,272.09,https://www.sge.com.cn/sjzx/mrhqsj/5144460,a3ae734a0771a1f0b36377d2cc275c0b9394c2b0a8202638fc91ea4e59d06d23
2018-11-19,273.47,274.1,272.12,273.71,https://www.sge.com.cn/sjzx/mrhqsj/5144477,fd7725ff2058784f83389c3ff07d022b4821a13b150a0015bf7bd27bbc5e7217
2018-11-20,273.98,274.55,273.5,274.42,https://www.sge.com.cn/sjzx/mrhqsj/5144489,9b4359834deee7c2273a174118bbe56bd52d290590b6d007cf37a457f1d77a6c
2018-11-21,274.75,275.04,273.51,274.38,https://www.sge.com.cn/sjzx/mrhqsj/5144496,5dcfcbd4a373ef78b872f7d3c06213fa523036a533a1c1689982e789f20295d6
2018-11-22,274.75,274.95,273.52,274.65,https://www.sge.com.cn/sjzx/mrhqsj/5144504,55fb79cf7084325ba2b2cea3e1077834528680c85888e85e3c6842f0f6bcf0ff
2018-11-23,274.65,275.35,274.6,274.61,https://www.sge.com.cn/sjzx/mrhqsj/5144513,4b740ab6cc3bb96f51103ca88d567aa207bbf6d80ba7410f1d75a15a9affda79
2018-11-26,274.4,275.2,274.1,275.0,https://www.sge.com.cn/sjzx/mrhqsj/5144529,b42baef666ea5673ed1f1010b92f78c655aee74bb04cea5f93ffddb864e0dbe0
2018-11-27,275.0,275.01,274.0,274.19,https://www.sge.com.cn/sjzx/mrhqsj/5144535,188b5b6b6c1d2cd8a01b26ad9e207620d862d470cd8e91c4ee5a60c72cfa0283
2018-11-28,275.2,275.2,272.6,272.9,https://www.sge.com.cn/sjzx/mrhqsj/5144547,4e2fa29181185a9da2cf9c5953292f864068b79bc7723226fa6c75c155e35115
2018-11-29,273.49,275.05,272.8,274.6,https://www.sge.com.cn/sjzx/mrhqsj/5144549,4d2b86908f535d78aeba92f619d4896ea0275a48a0945343d2fbadfa1cc96172
2018-11-30,273.91,275.88,273.91,274.65,https://www.sge.com.cn/sjzx/mrhqsj/5144562,7f1b26ebbfba9956c3c5ca1593423c08af6ae509bfcd05642bb9c0e3e40f5828
2018-12-03,274.95,274.95,273.65,274.27,https://www.sge.com.cn/sjzx/mrhqsj/5144572,37ac5312e28b9d3b884dab598f0f0f5e7991de15d69a5653b01f403c73fc4e0a
2018-12-04,275.6,275.6,273.9,274.06,https://www.sge.com.cn/sjzx/mrhqsj/5144577,485b4cc7ed54a0f4870f9feddf8e4371b2e315c5d4137efdcfe263708f7f6dd8
2018-12-05,274.39,274.7,274.03,274.28,https://www.sge.com.cn/sjzx/mrhqsj/5144585,fc462311495e020361da921688a1dfd197ad540b58df8b2e083527c1a1229c26
2018-12-06,274.69,275.87,274.18,275.3,https://www.sge.com.cn/sjzx/mrhqsj/5144592,d04d00d24a835243a1f43ed637702465613987b762f2f2158897ad475cb29c2d
2018-12-07,276.29,276.42,275.01,275.8,https://www.sge.com.cn/sjzx/mrhqsj/5144600,a038df24ebd69ef19f36cdef0eb9a71d41e89aea3882bafbf1011aede3b51016
2018-12-10,276.67,279.0,276.0,278.83,https://www.sge.com.cn/sjzx/mrhqsj/5144609,5953f67293a5f88a4749ce5bc64d22fa9ce9399925ea01d66bcd16a60605e7c7
2018-12-11,278.83,278.83,277.85,278.09,https://www.sge.com.cn/sjzx/mrhqsj/5144619,d308d7b3bd3cbe7b0519b6baa48c5cbf3594bdce9c624ae61835cc63f1c5b181
2018-12-12,278.09,278.69,277.0,277.45,https://www.sge.com.cn/sjzx/mrhqsj/5144625,8a92d4f37a06ea14234b2760b28e70647222f5299d0408060a68a94129524fc6
2018-12-13,277.85,278.5,276.8,278.26,https://www.sge.com.cn/sjzx/mrhqsj/5144631,4a9c75cb088334ebbebd4723626c5e4d2e5bbabf101569f33e46c84b6af45a1f
2018-12-14,277.5,277.5,276.61,277.48,https://www.sge.com.cn/sjzx/mrhqsj/5144646,87f0a352aa2167d476af38faee2a321fa49dca136d548f42b4d826132e128432
2018-12-17,277.5,277.5,276.3,276.8,https://www.sge.com.cn/sjzx/mrhqsj/5144658,ee1c6ec319b0969ebd0851ec6273b0142f80811106333e3b2d08d33a44971e76
2018-12-18,278.0,278.6,276.99,278.59,https://www.sge.com.cn/sjzx/mrhqsj/5144665,cf9bd26561cf2a778b75706b5742830345c254b1f429e100659817705509b015
2018-12-19,278.81,278.94,278.4,278.89,https://www.sge.com.cn/sjzx/mrhqsj/5144670,481a2b98fafedcfb80625bb6c34a2ff7e07ea779f525deaef160be62611d21c5
2018-12-20,279.0,279.8,278.0,278.99,https://www.sge.com.cn/sjzx/mrhqsj/5144677,be7539f38dbae962043f2d1f7891d8b3a9e6011fc1158c219f39361e20249f1a
2018-12-21,280.8,281.2,279.01,280.96,https://www.sge.com.cn/sjzx/mrhqsj/5144694,59994e3bbe5131566acd12ad07dd7be27109af9ad4aa4004f348a3942e1dc634
2018-12-24,281.28,282.4,280.5,281.76,https://www.sge.com.cn/sjzx/mrhqsj/5144702,b04fcab39452d7f76b76a834fca09a00d3a4a9e24ff79a99106b48866d1aa3d1
2018-12-25,282.25,284.0,281.3,283.4,https://www.sge.com.cn/sjzx/mrhqsj/5144712,2ab5854c1b250ab5c4e920776c70de97d43fe38830a6a29dfc9cc6614c3767e2
2018-12-26,284.0,284.49,283.1,284.21,https://www.sge.com.cn/sjzx/mrhqsj/5144718,0f598d68ca905d69ea185b6558556e8f6875b7fc45210c472203b1dd8c53f2ca
2018-12-27,284.21,284.21,282.8,282.87,https://www.sge.com.cn/sjzx/mrhqsj/5144725,9f8803cb0d5d4def1b656172c027b72a519bb2dd48339f2d65b5cbf08745cb04
2018-12-28,283.99,284.9,283.0,284.6,https://www.sge.com.cn/sjzx/mrhqsj/5144733,f762790f7a7cd4732457df7b2c0d937085418bbff4628b1f9518bd2996167bb1
2019-01-02,283.98,285.88,283.98,285.8,https://www.sge.com.cn/sjzx/mrhqsj/5144742,7ec633611d46f28b38bd0a2e4c8ae3788c18eb9fcbe2fb191208c1109b9592d5
2019-01-03,285.89,287.98,285.3,287.31,https://www.sge.com.cn/sjzx/mrhqsj/5144750,3282abea97d92150d5e81d64e507a787e2c3972722e94960e1e0fd82064ea49c
2019-01-04,287.31,289.3,285.72,287.49,https://www.sge.com.cn/sjzx/mrhqsj/5144757,7a75acc3404591daeb5bbaa5a942fd065389ac862f7e12f9609b304dbc060251
2019-01-07,287.49,288.0,284.8,286.18,https://www.sge.com.cn/sjzx/mrhqsj/5144763,655b15eef7d87eadb27a3cd0a81cd484837539cfba741218657a466b9b86c0e8
2019-01-08,287.37,287.37,284.6,284.75,https://www.sge.com.cn/sjzx/mrhqsj/5144769,8d7b9cd580d461b7e4107bb117d4a3318e0d4f02d311e882b86570645c70ed6f
2019-01-09,286.0,286.0,283.65,283.88,https://www.sge.com.cn/sjzx/mrhqsj/5144779,5d60e3546a165f35103caafc5e121df8227077d935e06f7e8351da163e260c9f
2019-01-10,285.0,285.3,282.51,283.84,https://www.sge.com.cn/sjzx/mrhqsj/5144784,41bad6f896f345d08045ff10f51670cf334b0a93d2febd31d1260c73793d6974
2019-01-11,284.99,284.99,282.61,283.2,https://www.sge.com.cn/sjzx/mrhqsj/5144791,7be24747e3220ce482d53dbd332fffe2337451a6cef1b199654613a91e55dbdb
2019-01-14,283.49,283.5,282.03,283.5,https://www.sge.com.cn/sjzx/mrhqsj/5144798,28c3c38fa5dc8133daca4b67e2f28f00f7e464e653d59b97f572a64cd499cf8d
2019-01-15,283.95,284.25,282.2,282.32,https://www.sge.com.cn/sjzx/mrhqsj/5144809,af53c50a2b828aaf25152e1f6cfcd9603a9c7f670e509fbe7429c5e8471d7f68
2019-01-16,284.0,284.0,282.02,282.97,https://www.sge.com.cn/sjzx/mrhqsj/5144817,0d95d555c50a617b3b4c4bbf480bedfdbd2080f772f16b7a040171bc79cab624
2019-01-17,283.3,283.4,282.2,283.1,https://www.sge.com.cn/sjzx/mrhqsj/5144825,0ebda4c5c04b69e4f2a6156884b759183baa379789e597cba5ef572731a96336
2019-01-18,284.0,284.0,283.1,283.28,https://www.sge.com.cn/sjzx/mrhqsj/5144832,8a7dd71ec820f6858f1e2ee227a2578a69eb4e96e22b2925a55629a8ede8b717
2019-01-21,284.0,284.0,281.87,282.18,https://www.sge.com.cn/sjzx/mrhqsj/5144839,bfe47dfd642ce20338be3f6b925689153ce52770cd4568a93fee9a0ca35ec552
2019-01-22,282.6,282.89,279.35,282.82,https://www.sge.com.cn/sjzx/mrhqsj/5144843,27df4fd26dd3fa181f3e37984874c21c3da6d1b6a8426344d4ec9a3a8f17a5c8
2019-01-23,284.0,284.0,282.13,282.34,https://www.sge.com.cn/sjzx/mrhqsj/5144849,dc6d4715519db74b944adf025770018838e6fac52e74f3bf7d672985641032fc
2019-01-24,283.49,283.49,282.1,282.6,https://www.sge.com.cn/sjzx/mrhqsj/5144863,662db338d1b0e370d9df2bc46f45866735fefd8877719ff967a31ac4523e4233
2019-01-25,282.6,282.6,281.7,282.39,https://www.sge.com.cn/sjzx/mrhqsj/5144871,688920a1ca3d2a8c06facf9be04b6f62a2c211c0e43a639fbb56b823a6778628
2019-01-28,282.75,284.8,281.53,284.45,https://www.sge.com.cn/sjzx/mrhqsj/5144881,6a17e590cf6c10edfc0de2ff51d4de7a316dd7f47a5bf8a9301c373a4f3a5bba
2019-01-29,284.98,286.1,283.55,285.92,https://www.sge.com.cn/sjzx/mrhqsj/5144882,97f5270338ac0a60a3e3dc5633fac2cb4a1f047e556c8b4394c885ab7d654215
2019-01-30,286.7,293.49,286.1,286.72,https://www.sge.com.cn/sjzx/mrhqsj/5144892,8704bf65edb9fc0dcd4a8bdd4d0f778f525adead6e9b870ab6e78f0131372eae
2019-01-31,286.55,286.8,285.61,286.7,https://www.sge.com.cn/sjzx/mrhqsj/5144903,2a3d84f05f408ca8f6aebd701c8aef153d9c573f94644f5b92485fc863f72d5f
2019-02-01,287.15,287.85,286.68,287.42,https://www.sge.com.cn/sjzx/mrhqsj/5144909,bf31f5b4c0f7dda9b9075b65316b0e026034eca4f74f86d06717b388603e13c1
2019-02-11,286.51,287.8,286.51,287.43,https://www.sge.com.cn/sjzx/mrhqsj/5144916,35d6686dade64eba236df9b82f822837bf1695eecf1443892821e7884930575f
2019-02-12,287.75,291.8,281.4,287.8,https://www.sge.com.cn/sjzx/mrhqsj/5144922,806c06ee3e8f95f530f9af408cb6a35866c5ea9ca80974fcb9c96d12a11b5503
2019-02-13,288.49,288.49,287.07,287.07,https://www.sge.com.cn/sjzx/mrhqsj/5144928,3956ab45ff33f112373ae761bd5e8dac23a6d37c0a75f9c3f697ac8100dd4cea
2019-02-14,287.42,288.16,286.01,286.5,https://www.sge.com.cn/sjzx/mrhqsj/5144934,e7c142a0dc6c33fa5e9f788973901d55442ecdab1bfeac253b48c842d4246495
2019-02-15,286.7,288.57,286.06,288.41,https://www.sge.com.cn/sjzx/mrhqsj/5144940,18ce1045531c5391f3c057b45e256a459996230761c110a25ce6433fd656eac4
2019-02-18,289.0,290.08,288.2,289.98,https://www.sge.com.cn/sjzx/mrhqsj/5144949,a116f9d8720d01df8dce9a5a69d9c86e7c2d463bec7b4642e671de316333fb6e
2019-02-19,290.8,291.0,289.1,290.67,https://www.sge.com.cn/sjzx/mrhqsj/5144956,9a8f54a6825f4b0b2bccf5288bb96ee27784674194bb7643e99cef9d6d1bc7ad
2019-02-20,292.2,293.18,291.0,292.33,https://www.sge.com.cn/sjzx/mrhqsj/5144962,2e974b3e337240d72d6f90751cf25822e5cfcc4b41fb8dfdebf37dab7211a834
2019-02-21,293.8,293.8,290.56,290.71,https://www.sge.com.cn/sjzx/mrhqsj/5144969,f899150cf8426a06a4877eb7724fc4f9fd3dc53a1f1efbbf9fe375b126a140bf
2019-02-22,291.49,291.49,288.5,288.91,https://www.sge.com.cn/sjzx/mrhqsj/5144975,bea8790399e814a88ab04584f078f48e82b6b2e0fd0636cd2e41289be0d5d48b
2019-02-25,288.91,289.8,287.62,288.33,https://www.sge.com.cn/sjzx/mrhqsj/5144983,fbbcda6caf4e657a96928eb33a2bc640f71622b3ae0946c52b9d567020f856f9
2019-02-26,289.2,289.2,287.2,288.0,https://www.sge.com.cn/sjzx/mrhqsj/5144991,5e5b50f5b3dd1ef6d6f29366526b0502fab53890d58f931edb09f66fb4da3674
2019-02-27,288.97,288.97,280.6,287.89,https://www.sge.com.cn/sjzx/mrhqsj/5144996,e4bd1be2e7354596c958389df53b35ba517cc7f0b04df8a7136462152bd89aca
2019-02-28,287.08,287.98,285.1,286.02,https://www.sge.com.cn/sjzx/mrhqsj/5145003,f2ef10a74a54bd75e91c031ea33b82c85bc118d3d6dcc285c7c6f6cb25144121
2019-03-01,288.2,288.2,284.4,284.49,https://www.sge.com.cn/sjzx/mrhqsj/5145012,d88f8c7c42c1eaa61e2bb4cf1d593a78bf3e4908ef05bd5729327de2bcb028a5
2019-03-04,285.76,285.76,280.7,280.71,https://www.sge.com.cn/sjzx/mrhqsj/5145019,afe5a410393802fbd637084ee09c097c3cf5dc11592423da0b56bd8e00466f66
2019-03-05,280.73,280.73,278.0,279.5,https://www.sge.com.cn/sjzx/mrhqsj/5145025,340b91eaddc28b6528818cc0661ac2b31344ad9a8e32d868ac976f9a455add1b
2019-03-06,280.97,281.5,278.5,281.25,https://www.sge.com.cn/sjzx/mrhqsj/5145030,f48c4073dda89f4627f35294fad627b80597ce94521b795f4eb5af6dbba7fae5
2019-03-07,281.25,284.49,279.7,280.0,https://www.sge.com.cn/sjzx/mrhqsj/5145041,ed58470b04c7cb893c04cd3d2b6ecc3cd18d6fccd56d1884bebc872ca68c5913
2019-03-08,281.31,282.55,279.51,282.54,https://www.sge.com.cn/sjzx/mrhqsj/5145046,9b3ffa3a4d1edc773a053fe5ada95ff8c9bc479632ba6de1ef6247ca0ab16e06
2019-03-11,283.5,284.29,282.2,283.5,https://www.sge.com.cn/sjzx/mrhqsj/5145056,704ffda4ff6d22aed0f013ab6d4cbcb445db7c95aa9c1608ef0946b7d6c990c9
2019-03-12,284.0,284.0,282.5,282.8,https://www.sge.com.cn/sjzx/mrhqsj/5145065,453fbb76d87895eda65ea4c31987f1963abd7d31c17bf67b3dbacf91ea7ef207
2019-03-13,283.98,284.88,283.0,284.86,https://www.sge.com.cn/sjzx/mrhqsj/5145071,1ad0ea94b745e0ae07038548f9516972e815ebbcb457da6b1d80b669ee3d070c
2019-03-14,285.99,285.99,284.14,284.14,https://www.sge.com.cn/sjzx/mrhqsj/5145076,ac550428895ec9b338357cf91e67be230a52630f9fdf6334f7988bb46519c59e
2019-03-15,284.14,284.4,282.6,284.29,https://www.sge.com.cn/sjzx/mrhqsj/5145086,211099ea8f1c2ce3573ab986a0f738340fae678eca49c792c8509d9555747462
2019-03-18,285.0,285.0,283.25,284.28,https://www.sge.com.cn/sjzx/mrhqsj/5145093,e03e01de91876fecb73f7a3e4907166bceca9fea4e4af1aea6887b1c3543193f
2019-03-19,284.85,285.3,283.03,285.2,https://www.sge.com.cn/sjzx/mrhqsj/5145102,f8d0599ecd7c41fe7fb2ac0f6d11e5193f3eca853bf3ded553780085bf2ef077
2019-03-20,285.8,285.8,284.2,284.59,https://www.sge.com.cn/sjzx/mrhqsj/5145107,97ad33e2ee636da92a5675e493b87c46a8f8f810dab0312150f378468942feba
2019-03-21,285.48,286.6,283.7,286.5,https://www.sge.com.cn/sjzx/mrhqsj/5145112,d5fb8596ee2195840a52fa24817f45de61e43ec919b171b229f9986f8478c10d
2019-03-22,286.95,286.95,285.01,286.5,https://www.sge.com.cn/sjzx/mrhqsj/5145119,118103afbfa8622ae9825f58e7bf77253ccf0127aa83666e0dd57b476faccbeb
2019-03-25,286.88,287.3,286.0,287.21,https://www.sge.com.cn/sjzx/mrhqsj/5145125,23e6aeb95a9ae38f44d3e35c425c2a91ed457a27a60983204404245a1c1e5ada
2019-03-26,287.5,288.18,286.26,287.65,https://www.sge.com.cn/sjzx/mrhqsj/5145128,3eaa6256c99aaee28c1efeeaac841fe805bd9a06e2c6e1468cae067bb43ea9cc
2019-03-27,287.65,287.8,286.67,287.1,https://www.sge.com.cn/sjzx/mrhqsj/5145135,a83d81e27b22697da890d2923b594b0e5df986a7a74c5b448bb419da88e1ada6
2019-04-01,284.2,284.2,281.4,282.0,https://www.sge.com.cn/sjzx/mrhqsj/5145168,4e656a8244016dab8bf7e8aa99923b1c7413070b088f1de7e15f432d4ee38aa1
2019-04-02,283.0,283.0,281.35,281.51,https://www.sge.com.cn/sjzx/mrhqsj/5145170,38dfc83f57fd00d316a3d553b9a5fb2b47431c94e77262328ad4c404c69d421d
2019-04-03,283.0,283.0,281.12,282.05,https://www.sge.com.cn/sjzx/mrhqsj/5145186,6ebc8029700440f77993bee5c07a56ce401f91e6ad594c3bb1e7102131466e6a
2019-04-04,283.0,283.0,281.71,282.71,https://www.sge.com.cn/sjzx/mrhqsj/5145191,0fdebf0ef1af9a84c33679e2d92b23b0a780c750f5e0286c258e57fa40a2df16
2019-04-08,282.2,283.89,282.2,283.62,https://www.sge.com.cn/sjzx/mrhqsj/5145192,3b6052006d367a887a01891e46b5019728e2c08eb4682dae5ec623afc1db675b
2019-04-09,283.62,284.78,283.62,283.8,https://www.sge.com.cn/sjzx/mrhqsj/5145197,93439b0e74cecca8cb2021a2c834221bd39d8962504a55cabe8dcca1162a5b08
2019-04-10,284.7,285.2,284.3,285.1,https://www.sge.com.cn/sjzx/mrhqsj/5145212,3ad42e6417cd98b56448fda65e4e5817f711394eff6b4b32d9ab78e949288c42
2019-04-11,285.45,285.8,284.35,285.15,https://www.sge.com.cn/sjzx/mrhqsj/5145220,842bc728fbf6df247c2b4207f59ebc06b3b93e2c87ab6e5b12ce4fac1e472e8c
2019-04-12,286.0,286.0,282.68,282.8,https://www.sge.com.cn/sjzx/mrhqsj/5145236,7fc3cf9ef9747b6bae268e990be5472373b29773673f3b433813ab83cc545b64
2019-04-15,283.45,283.45,281.2,281.45,https://www.sge.com.cn/sjzx/mrhqsj/5145242,bc337c50804abba7af30d83fa794ef275d8310a4c53b816636df875b644db8d3
2019-04-16,281.95,282.2,280.61,281.38,https://www.sge.com.cn/sjzx/mrhqsj/5145249,01b294f3488f7ac77040422e72dedfa24bde1c1cdac6c5bee9c0d8616a699a12
2019-04-17,281.49,281.49,279.2,279.7,https://www.sge.com.cn/sjzx/mrhqsj/5145257,44735a4bd80b97befb5a01a2c7b078de96229622385b20fc286cf94da7c1c78b
2019-04-18,280.68,280.68,277.5,278.7,https://www.sge.com.cn/sjzx/mrhqsj/5145266,a78cac6cb233e0bddf873f026e67406c454c05aaa5024e3c368216fa5ea8e1f1
2019-04-19,280.2,280.2,278.07,279.61,https://www.sge.com.cn/sjzx/mrhqsj/5145277,05e1b5334bee0f00ad68bcdc3fa68c3a19b44683c935ae346e821d74e6b9d348
2019-04-22,280.0,282.0,279.2,280.12,https://www.sge.com.cn/sjzx/mrhqsj/5145284,879b01add47d8d2bee8e8e6646003807110881034c385efa9bba07afd0c7808b
2019-04-23,280.95,280.95,278.2,279.16,https://www.sge.com.cn/sjzx/mrhqsj/5145291,331f25b59bd6b47af1cddb82953a6c64deefb7a976267939919a810b87bd5085
2019-04-24,279.5,279.5,277.75,278.5,https://www.sge.com.cn/sjzx/mrhqsj/5145297,76d86d5cd3167e973dd304f639d27fa19a586d6371d81beb3de25c23018d7a11
2019-04-25,280.0,280.25,278.11,280.1,https://www.sge.com.cn/sjzx/mrhqsj/5145302,a7f1a869767bedb6f0f3bf7eb5ba21fdd5e21680550a1a23a5c9be17f6153041
2019-04-26,280.88,281.0,279.02,281.0,https://www.sge.com.cn/sjzx/mrhqsj/5145312,21655d861e2899497348c3a601c797a5ae085bb3b78d7c11b1974e09561b2470
2019-04-29,281.98,281.98,279.99,280.49,https://www.sge.com.cn/sjzx/mrhqsj/5145320,b1adaa2dbe99abfd51874579e5939e3f34963a4099bcef1efeb5c49633fa2408
2019-04-30,280.5,280.98,279.5,280.88,https://www.sge.com.cn/sjzx/mrhqsj/5145329,9f7a53ae5c14ce7ca6a43649239aa680e1e88f5b4ae2802f9a9fb41197d14f79
2019-05-06,283.0,283.0,281.8,282.06,https://www.sge.com.cn/sjzx/mrhqsj/5145337,89b7e3a7033e8fdd2bf5754de56da06ca7ec4de448e1298a5d4b8ef2ff581c50
2019-05-07,282.07,282.3,281.0,281.75,https://www.sge.com.cn/sjzx/mrhqsj/5145343,32d3c15b820e9ee77950b6b481599cad9b34620bc3310f390ab1e2d73bf27bd9
2019-05-08,280.71,283.09,280.71,282.65,https://www.sge.com.cn/sjzx/mrhqsj/5145352,f6026725a05bcb388e1ff91b58c330b74aa4f2905a785497cf38a710b5a9f814
2019-05-09,283.0,283.97,281.1,283.5,https://www.sge.com.cn/sjzx/mrhqsj/5145358,7437b25ee4b4ce845cae68c4e02567fba8b21717855bf1867f9a15724eb47da7
2019-05-10,282.8,284.15,282.8,283.32,https://www.sge.com.cn/sjzx/mrhqsj/5145368,5317ef0594a02efb16e984ea53ea2bebbfb3da03b00c6ddf377a284e010247fb
2019-05-13,282.09,285.35,282.09,285.05,https://www.sge.com.cn/sjzx/mrhqsj/5145376,becb20e96f108c8e07e90b2e937ca7b8e4b7b76f7ec6c0714f10b48faa02372b
2019-05-14,286.12,289.48,285.0,288.7,https://www.sge.com.cn/sjzx/mrhqsj/5145385,09647592c6aa192029f3ab1eaef2fff5bbb735644a59744f7e78c08b7e2621e7
2019-05-15,289.5,289.5,287.5,287.59,https://www.sge.com.cn/sjzx/mrhqsj/5145391,4ebbcd5e9a02033454af412a7e2534ea86f26bc7cb72c989d62123dfe71efe08
2019-05-16,289.45,289.45,288.1,288.71,https://www.sge.com.cn/sjzx/mrhqsj/5145397,26d696cfb426b3e1e2c1a8f3e1a0fd18241ebc98bc9eb9d84f9f6ce7810678fb
2019-05-17,289.35,289.35,286.85,288.0,https://www.sge.com.cn/sjzx/mrhqsj/5145405,38cec219761c33c2ae09570e9a78e78e2a8a14063b3f7875b6a71a108198b55f
2019-05-20,289.0,289.0,286.23,287.19,https://www.sge.com.cn/sjzx/mrhqsj/5145411,65f2412f014c3d9793bac2e96ef44b2a9ab9dc68f09748744a360083bb7f0975
2019-05-21,287.89,287.89,286.06,286.6,https://www.sge.com.cn/sjzx/mrhqsj/5145417,ecb08b068f64f6a42e0e7060f4ff42c002aa2a7bddcbb2b5047970e2cfeb2eab
2019-05-22,287.0,287.0,285.3,286.37,https://www.sge.com.cn/sjzx/mrhqsj/5145423,9e7495868c9bbaf0949ae60aea8055c5b93a85ee038cf6b8404dc8c01319385d
2019-05-23,286.37,287.04,285.91,286.61,https://www.sge.com.cn/sjzx/mrhqsj/5145429,57b633b20124d78292f44e7c71abcf0cf17b02b45222a3ec1b801dba0cc22cc8
2019-05-24,288.48,288.83,287.0,288.54,https://www.sge.com.cn/sjzx/mrhqsj/5145443,b010db991a6c2c0a361e7d709ab6f2e303f6bb62a3e5dd9df120e77d207db3a9
2019-05-27,288.75,288.75,287.55,288.37,https://www.sge.com.cn/sjzx/mrhqsj/5145448,f51b16883f6f69eb09e1e007d0d9e0faae7b679057800c9f135f19677af1e0d5
2019-05-28,288.88,288.88,287.8,288.5,https://www.sge.com.cn/sjzx/mrhqsj/5145455,5b7fc339f9ef9f099cee5648b93b28b2985a57bc5713c679264c45cafee1995d
2019-05-29,287.51,288.7,287.0,288.69,https://www.sge.com.cn/sjzx/mrhqsj/5145461,1ecb7775484ac32bf9d4be172ad68daa6c61c5a6a36a629961ee875db6684dd9
2019-05-30,287.95,288.99,287.0,287.1,https://www.sge.com.cn/sjzx/mrhqsj/5145469,35dc22c6542225dfff0b53855459ee42986cfa1a6cc9b2126cc2a0378f0021b0
2019-05-31,288.37,290.87,287.5,290.8,https://www.sge.com.cn/sjzx/mrhqsj/5145474,2435821bd3713dbbd91b966f748cd75660070c503cd77734e703ea1e231eabc6
2019-06-03,291.0,294.57,290.89,294.51,https://www.sge.com.cn/sjzx/mrhqsj/5145483,256ffd7e3de2222821ccaecf549ed8fa7e23f9a6afc6735ccfc3b9a988d3d627
2019-06-04,295.49,297.66,294.3,297.59,https://www.sge.com.cn/sjzx/mrhqsj/5145489,cc977b65b40c380265327be7c2f385dfb3e56f656364ef242d8c252a26b2c952
2019-06-05,297.59,299.08,295.9,298.97,https://www.sge.com.cn/sjzx/mrhqsj/5145502,6853e97d8726e9646a515c442bf9612bbdad813a2b2d90c43dd9930cbca8b55e
2019-06-06,300.0,301.0,297.6,299.32,https://www.sge.com.cn/sjzx/mrhqsj/5145514,eed09bdf121e9f400844f7b85086814021087ede184c59a88d6faef38d94c324
2019-06-10,299.32,299.9,298.2,298.77,https://www.sge.com.cn/sjzx/mrhqsj/5145525,4f961422ed2efb660484449d68d6a610040913260cc4bd8cbfa003b0dd329f62
2019-06-11,299.5,299.5,297.0,297.0,https://www.sge.com.cn/sjzx/mrhqsj/5145526,c0821e58f8894931e82cb6634af654ba2a580d00f80a8be10a82255929e8c4ef
2019-06-12,298.0,300.51,296.08,299.61,https://www.sge.com.cn/sjzx/mrhqsj/5145534,e00321c6e16fff339a08146aea885242e583ea4dc5beffe24cf934d562e0dbc8
2019-06-13,299.61,300.5,299.01,300.41,https://www.sge.com.cn/sjzx/mrhqsj/5145545,a82e3f27af23c8f9b998fe6e797f919ff9ffb82ccf70f3141d3a7b8f022c0ec9
2019-06-14,301.45,305.37,299.6,305.04,https://www.sge.com.cn/sjzx/mrhqsj/5145554,ccb56870d10a36271d232272f2ce352b773502b686d13e02c148a46bd1883937
2019-06-17,306.0,306.01,301.2,301.35,https://www.sge.com.cn/sjzx/mrhqsj/5145557,854e30ea14beda1ad75d61b51a4d481322fd45818577cdaea63a9252753c3fae
2019-06-18,301.5,304.0,301.5,303.6,https://www.sge.com.cn/sjzx/mrhqsj/5145574,f769123aa188382411ac9697130023e40839cdc9f091472c3016c26300bb8e22
2019-06-19,304.95,305.0,300.0,302.21,https://www.sge.com.cn/sjzx/mrhqsj/5145577,6eabe176ca89d44e22b21a9de59fc86b93a96ca525094e6435bf47fb1e7e6e78
2019-06-20,305.3,310.0,301.01,308.58,https://www.sge.com.cn/sjzx/mrhqsj/5145582,0c9a6b9052011db9ed6df2dff70c7e32d8ef98e6b67fdf14f966d32e80cf4a60
2019-06-21,310.0,313.9,307.8,311.0,https://www.sge.com.cn/sjzx/mrhqsj/5145595,d2ebd96c9b0181ff3f742893c437c91d6393a7143c2a3c6e2e8358a8cc2c94e2
2019-06-24,312.0,314.66,310.7,313.26,https://www.sge.com.cn/sjzx/mrhqsj/5145601,86ad6101b9be9c86d352674db900d132379c6489fffea88bc2854b121710228b
2019-06-25,315.99,322.0,313.8,319.91,https://www.sge.com.cn/sjzx/mrhqsj/5145618,420991e82b0bed424b9a391a093e5cea67335221bce9ccc8cf1f67aa0f8e465b
2019-06-26,321.0,321.0,310.02,314.44,https://www.sge.com.cn/sjzx/mrhqsj/5145621,d0a90e8a5510d5d1991c533661b0946d140df5df258a7bfb7848d7f493db083c
2019-06-27,315.0,316.0,312.0,313.89,https://www.sge.com.cn/sjzx/mrhqsj/5145633,7366bab678925b2c0d96ab3572005c3cd6f99c263f2d4b1ab21a7a47f02456fa
2019-06-28,312.1,317.85,312.1,314.43,https://www.sge.com.cn/sjzx/mrhqsj/5145639,3fef5f866b87c6aeb789d6a7e4355689fb5cd4b0dd534a539f6c2c70a5e551a1
2019-07-01,313.66,316.65,306.2,307.6,https://www.sge.com.cn/sjzx/mrhqsj/5145648,5ad8d5c89e161996fa52ad81d2bacce40d5d2c25a5337c1a5056548e575e41fc
2019-07-02,306.8,310.09,306.8,309.77,https://www.sge.com.cn/sjzx/mrhqsj/5145659,0bb96c40bfd16cd0e72f149d2923cee4d4d29f4f3339b03af2aff2830df3aaa1
2019-07-03,310.88,321.8,309.51,318.0,https://www.sge.com.cn/sjzx/mrhqsj/5145667,1171dea71d52928017c34a932652757b82c9eef1a3f2400164d78ce1fc3ea6e7
2019-07-04,318.0,318.0,314.52,315.01,https://www.sge.com.cn/sjzx/mrhqsj/5145672,f71e08bd192ebbf29ea8f2aefa0333ae37b0deaffe129cab85f495f4d3b2fab3
2019-07-05,315.95,317.0,315.0,315.71,https://www.sge.com.cn/sjzx/mrhqsj/5145690,2b85272b67fc2c2b070c57dad74e0b6d70b0c3daa10428e5e0ce5fd4609db92d
2019-07-08,316.25,316.25,310.52,314.07,https://www.sge.com.cn/sjzx/mrhqsj/5145697,7dd9ff8ef66bab46d3aa53b91714feb9217369645730ceac809054235955c833
2019-07-09,314.88,314.88,311.12,311.49,https://www.sge.com.cn/sjzx/mrhqsj/5145704,37100bf61f5b82f4d16c27211cafd23a9a04773bce55ca0085fc3ca0b8d162a1
2019-07-10,311.45,312.39,310.85,311.14,https://www.sge.com.cn/sjzx/mrhqsj/5145711,b1a83ca353fe468225eb98ea253ee9a893cc508a10d2d8b9f4b96a287148ddf1
2019-07-11,312.49,318.0,306.99,316.5,https://www.sge.com.cn/sjzx/mrhqsj/5145723,7da6482b80fd8046e509fc905c0079c0d699bd427adea2c002151f772725c61d
2019-07-12,316.99,317.89,313.5,314.6,https://www.sge.com.cn/sjzx/mrhqsj/5145737,0b1d257a6440ae59b7231b0288fa56d3a74536ee57a80ef054a50c4a8fb2d823
2019-07-15,314.99,315.8,313.51,315.0,https://www.sge.com.cn/sjzx/mrhqsj/5145743,fc7bfba1d3ac5777818f8b1d558f59172747e00b3c91febc2c59d28d38714114
2019-07-16,315.0,315.6,312.0,315.38,https://www.sge.com.cn/sjzx/mrhqsj/5145751,81dc340eb2f6311dc88eabdfd290779170ee27f1c090d5703f441ddf076098a3
2019-07-17,315.8,315.8,313.3,313.75,https://www.sge.com.cn/sjzx/mrhqsj/5145759,ae084725934d71dd06490d2e4e917355279e9fb7b78b83a2d7937aff1f99f2c9
2019-07-18,314.45,318.1,313.45,316.55,https://www.sge.com.cn/sjzx/mrhqsj/5145765,cf3d35db4f2b4408f8f5688511bf82aeefc725dcb7c781acd235fe732f0e332e
2019-07-19,317.96,321.98,316.0,320.45,https://www.sge.com.cn/sjzx/mrhqsj/5145772,603351ceb569e4127208b71e9b504ed45de9b124c32b87e59e7ae0468fde6222
2019-07-22,329.99,329.99,317.5,318.45,https://www.sge.com.cn/sjzx/mrhqsj/5145786,f96e39f2ac3c32056b3931917d1a67188bf4e118c0607bd6d49c7d86278a8c71
2019-07-23,320.0,320.0,315.8,316.45,https://www.sge.com.cn/sjzx/mrhqsj/5145792,50b4d68aa54fa261e8f35107da3e891e2a3f6b4deabf7184baa898f4bb430845
2019-07-24,316.66,319.0,316.66,317.55,https://www.sge.com.cn/sjzx/mrhqsj/5145800,2bb328a7e7377794e9dee01e9b02eb25375afba0ca98b36a86e3d589db644780
2019-07-25,319.0,319.97,316.03,317.67,https://www.sge.com.cn/sjzx/mrhqsj/5145809,467a324de9064b6d8265e1bbd9c1708e3f1f73823c6af6e832c054a7065341e4
2019-07-26,319.97,319.97,315.2,316.84,https://www.sge.com.cn/sjzx/mrhqsj/5145815,364689cd5ece59a1d76c4f199a88016eb047a959cc79034c36ace68d667f5b87
2019-07-29,318.8,318.8,315.5,317.13,https://www.sge.com.cn/sjzx/mrhqsj/5145821,6ce20b051405c346d31dfcdd11c8bba464760753b3bf3a5d1827057fe2ee3c82
2019-07-30,320.0,320.0,316.9,318.47,https://www.sge.com.cn/sjzx/mrhqsj/5145828,d415dd94ed03fc482b672d77931fd2b346602bbf526160e02c342d3ac559fe55
2019-07-31,318.66,320.0,318.0,319.94,https://www.sge.com.cn/sjzx/mrhqsj/5145838,619522d5ed039aaa93aa8b3fd69a82ffaa7121e5d31c2f9b0d1803a6a883f62a
2019-08-01,321.0,329.04,314.44,315.21,https://www.sge.com.cn/sjzx/mrhqsj/5145844,af76868e9372d59bdfe511e4b34ed8fac4043c1f642949571e15ae0d24a20787
2019-08-02,317.0,324.0,314.1,322.67,https://www.sge.com.cn/sjzx/mrhqsj/5145852,13b25c6ba6e3d9301dc7192bb15a2257f59c455c73a332b2cce17a9de86103c2
2019-08-05,323.3,332.6,313.33,331.99,https://www.sge.com.cn/sjzx/mrhqsj/5145858,db187bae18dc4aa872cff3a60404652740eb59bd2206d83f715bc182441dae3a
2019-08-06,333.6,337.4,332.0,333.07,https://www.sge.com.cn/sjzx/mrhqsj/5145864,a56d76ef309d03af09f09c1d917188ae4baf3863edbc7d29c5acd61d66f79cc6
2019-08-07,333.75,340.5,330.55,340.3,https://www.sge.com.cn/sjzx/mrhqsj/5145870,1005a6423b79990898694041c28c4b434e0255e5a5bbb0f7ad421b285d34a65b
2019-08-09,342.0,345.0,340.02,343.4,https://www.sge.com.cn/sjzx/mrhqsj/5145890,adaba27dfd6898179c0b30fa547fd4f03d4480f9ab61f798c841306c9e37763e
2019-08-12,344.35,344.95,341.13,341.16,https://www.sge.com.cn/sjzx/mrhqsj/5145895,f5a78c47677532a2197874e0e62e417c1fa02afb54e2649267bb0c4d49a0776e
2019-08-13,345.88,350.02,342.84,350.0,https://www.sge.com.cn/sjzx/mrhqsj/5145900,efd71d1db18672e400648e97eca2d490cf8e9753853412e7f7609cc9cbd4e8a0
2019-08-14,350.49,352.05,340.0,341.65,https://www.sge.com.cn/sjzx/mrhqsj/5145907,4bb752f0b603420c5e3ab2caeb47f31d1bb0ded7de59c7680d986a3421db8624
2019-08-15,347.0,347.5,342.86,344.6,https://www.sge.com.cn/sjzx/mrhqsj/5145915,e70921a58ec5c2803a0988636649fdb5064dda0b827b3509aef7a780398afbdb
2019-08-16,351.7,351.7,344.06,345.7,https://www.sge.com.cn/sjzx/mrhqsj/5145925,773e9c854e64a2fcf356fa7e597413c91462a8cdcc039c488d473a3b11a9f594
2019-08-19,345.7,345.92,343.18,344.28,https://www.sge.com.cn/sjzx/mrhqsj/5145931,24ce2110ff4747da77384ee86a46991cadbff38b65657716dc8aaaf09d5f5e84
2019-08-20,342.28,343.5,341.22,343.13,https://www.sge.com.cn/sjzx/mrhqsj/5145940,63986ec830465d1ec025509529cc119930c398ccf8f10ce05d936ea05ee2f8e1
2019-08-22,345.0,345.0,342.01,343.8,https://www.sge.com.cn/sjzx/mrhqsj/5145953,1a292f939665c759fcdad1740b1a840846ebe9b8c90fd5d420b3f5a88da39ec7
2019-08-23,341.5,344.7,341.5,343.0,https://www.sge.com.cn/sjzx/mrhqsj/5145961,62425fc22958b3f5b8e324d078ddf5335271afa7e94895e017b9dc1566d7728a
2019-08-26,345.0,358.0,342.2,355.09,https://www.sge.com.cn/sjzx/mrhqsj/5145967,91f47ac04a4df7d3bf8314664a6516b7c1e60577948f1a2667eef2baafcfd092
2019-08-27,357.0,357.0,353.1,355.72,https://www.sge.com.cn/sjzx/mrhqsj/5145977,0ba1bea0d961da16aba2c96530a76c1dd59ae32d19e48feb4bf5b8d21782c332
2019-08-28,356.45,359.0,355.2,357.2,https://www.sge.com.cn/sjzx/mrhqsj/5145984,534b963c71d211f179ff6ffd0e00215220d9824444ab2b855c53f58aac073a8e
2019-08-29,360.0,369.24,356.2,358.9,https://www.sge.com.cn/sjzx/mrhqsj/5145991,5738a0dc25fd542da71e3ac25d0ee17ba41dd0d40a653b5a23d63a907a54196e
2019-08-30,358.9,358.9,353.0,354.09,https://www.sge.com.cn/sjzx/mrhqsj/5146000,3bac1e536320df61b8eb005b5bf0722c870228d0004b8291109070ac2f864b0b
2019-09-02,356.0,356.0,352.01,352.99,https://www.sge.com.cn/sjzx/mrhqsj/5146005,86f6bb08951a139371844de56fd1cede821f50795828bc71fdb01c3a94b9a5ef
2019-09-03,354.25,355.5,353.41,355.2,https://www.sge.com.cn/sjzx/mrhqsj/5146011,1bc8582932649bdc28d57bf3c882f3211cb6cb8fc5ad8a465a63acf4bdac8711
2019-09-04,356.88,360.1,355.01,356.89,https://www.sge.com.cn/sjzx/mrhqsj/5146017,51fe223abc358fdd43e7de8a80428b9a61060e51b690966b67f6fafde5ff621a
2019-09-05,358.0,359.89,355.68,358.03,https://www.sge.com.cn/sjzx/mrhqsj/5146023,626e04e7075f16c4ee99df616aba4edca7b5ea8875b87c13f5b271e8e0c2204c
2019-09-06,358.88,358.88,347.1,348.74,https://www.sge.com.cn/sjzx/mrhqsj/5146035,8d7913e4a1c824041cafb4f0f6b6a389d5bac32e23f5ef5f2931439f697dbf24
2019-09-09,350.0,352.41,345.15,348.2,https://www.sge.com.cn/sjzx/mrhqsj/5146046,d1ef532768b47f158aaf82d5e6c83d80420b09bd932899a0f24ce46fc320233a
2019-09-10,349.95,349.95,342.22,343.38,https://www.sge.com.cn/sjzx/mrhqsj/5146056,a4b29c7d41cd29af6396ed4484a6502c315b83e835cc344a985c1183f446ff94
2019-09-11,347.0,347.0,341.11,344.09,https://www.sge.com.cn/sjzx/mrhqsj/5146061,a29ee436b1af7075ced070eef99153ef24a3dd18c82302b425dfbbc6e542a1cd
2019-09-12,347.0,347.0,342.36,344.8,https://www.sge.com.cn/sjzx/mrhqsj/5146068,d920bd1bddc9b882c8a7eaa93085cdb46b81bfa154124b580c44e9d7d7eaa1a0
2019-09-16,344.9,346.0,343.8,344.4,https://www.sge.com.cn/sjzx/mrhqsj/5146075,d20d6f0bef230c11392c5072a03e5bad5fdb79708700013ee0cbd14e03947ab3
2019-09-17,345.85,346.85,340.0,343.7,https://www.sge.com.cn/sjzx/mrhqsj/5146082,c7fb6e8df5062fd6e0e5900361c805e946e3eb32da304c6404304f2d1acbb893
2019-09-18,345.28,345.49,343.1,344.84,https://www.sge.com.cn/sjzx/mrhqsj/5146089,1d391fd4640094946da943d1e413174ff5b5a14c205d7db9a8c16e16f31fbd35
2019-09-19,345.75,346.0,342.0,343.52,https://www.sge.com.cn/sjzx/mrhqsj/5146096,b48be0f05324fd9121320c26871ea5e1b788801c08d834ce252be006766b0155
2019-09-20,344.58,345.96,343.59,345.14,https://www.sge.com.cn/sjzx/mrhqsj/5146109,56b5b7060bcb5e3d3fbcf9600a1c172b83669f0db5d0d33c4ec748065fc8a1cf
2019-09-23,347.0,350.0,343.0,348.69,https://www.sge.com.cn/sjzx/mrhqsj/5146116,565ed95acd8772da73671de05c2d87298598e51e14584f434721f79de14b3e51
2019-09-24,350.5,351.48,347.66,349.87,https://www.sge.com.cn/sjzx/mrhqsj/5146123,2fa0f76f80ee192854085e4d832cd8e42083442c951e1fda8b236bdfd73936f0
2019-09-25,352.59,352.98,348.01,352.15,https://www.sge.com.cn/sjzx/mrhqsj/5146133,f422440cc2a0a3075b7857112831c1dfbd8477c1d3c7ea28131cabc0c9f85286
2019-09-26,354.0,354.0,347.15,347.2,https://www.sge.com.cn/sjzx/mrhqsj/5146140,4ab735c0d7448f454425222f836c8044e74866e2e7ead7a9a56c4344e8683bfd
2019-09-27,346.02,349.5,344.44,345.25,https://www.sge.com.cn/sjzx/mrhqsj/5146152,3b6bd8f576c3c3d262d7db84ef924144712018c5fa5c34bbfc199540b87bf927
2019-09-30,343.33,347.99,342.03,344.49,https://www.sge.com.cn/sjzx/mrhqsj/5146154,688c434f1c2f1016f600eaecaaf4e7b6fe7e5e9f124cb3525a89dc77a16f52c2
2019-10-08,344.33,344.46,342.6,344.0,https://www.sge.com.cn/sjzx/mrhqsj/5146166,1f65d9329a705fee674e35022ebe408bad3ea2f64ea618e6383b8dd04d0472fd
2019-10-09,349.0,349.0,344.1,348.39,https://www.sge.com.cn/sjzx/mrhqsj/5146168,b62293e7b1042c92ca88436b2132815ae785b8be20232a69e646840146922cfb
2019-10-10,350.0,350.0,343.01,346.41,https://www.sge.com.cn/sjzx/mrhqsj/5146177,4af77d48ce414377a8113d07762eb3dd558beaabc28f8066ff0e6928f5a79950
2019-10-11,347.68,347.68,342.56,344.56,https://www.sge.com.cn/sjzx/mrhqsj/5146188,85bad6e2b0904f98949c0d7483213f442e7b92c51b76172569f593ac459664ab
2019-10-14,344.56,344.56,337.95,339.84,https://www.sge.com.cn/sjzx/mrhqsj/5146195,2d4743f459551c343155cecd210a22d2f44ab8c7faef33312366eb9858faef64
2019-10-15,341.48,341.8,339.01,341.11,https://www.sge.com.cn/sjzx/mrhqsj/5146201,97bd940e837ffb7a2e31b6f123ad4c4244c6de8d3afd14cba8c3b0ad9a19e266
2019-10-16,335.0,342.5,335.0,340.14,https://www.sge.com.cn/sjzx/mrhqsj/5146213,c8450b9c191515d2ab7babacad621d78915bdb16fc5cef7440bd7953111b8b2b
2019-10-17,343.0,343.0,338.01,341.47,https://www.sge.com.cn/sjzx/mrhqsj/5146221,2c0a56c0b99f2b19ff3d34b068628798772d4d69bf6a7e8dac5034a984f52135
2019-10-18,341.47,342.58,339.0,340.36,https://www.sge.com.cn/sjzx/mrhqsj/5146229,cdc6f4a92fa034c4f1eecd86690be127a198bd400bf6379acb996d972dad17a9
2019-10-21,341.35,341.35,339.01,340.77,https://www.sge.com.cn/sjzx/mrhqsj/5146234,65f47a0f207229c01b414cf89634bdefec0465cad1d73ecab3bce1ea90d6ffde
2019-10-22,342.5,342.5,338.61,340.16,https://www.sge.com.cn/sjzx/mrhqsj/5146245,1c0208f04dae84853237031ef7b43e7dd25d81b057a9f4e0ef2dc833171248ba
2019-10-23,340.95,341.0,338.67,340.58,https://www.sge.com.cn/sjzx/mrhqsj/5146256,d047e59238b58bffdd4267def772b2619d8d405329c38f111a8a077471b213ef
2019-10-24,285.0,343.0,285.0,339.94,https://www.sge.com.cn/sjzx/mrhqsj/5146261,441567e9a0e5170893fe1b0394e7bc9b67943405bea9aa9c1eb43be6f18690ed
2019-10-25,341.5,344.0,340.4,343.8,https://www.sge.com.cn/sjzx/mrhqsj/5146272,c39cb7d6b4d2f29952b98ab32efc3b68e210a398fc153dca458f734b80b69f53
2019-10-28,345.75,346.0,342.11,343.64,https://www.sge.com.cn/sjzx/mrhqsj/5146278,e0e615e22521ef3cfd436b6f8c383012dd61a6a5e6e9ddc6a20f31edb5b398b3
2019-10-29,346.0,346.0,339.8,340.68,https://www.sge.com.cn/sjzx/mrhqsj/5146285,2d261a5238b93ba635fde64948e03959195a4d67df597bb83e0654d45735c603
2019-10-30,340.35,340.75,338.21,339.8,https://www.sge.com.cn/sjzx/mrhqsj/5146291,6e5c25f7f1b95aa1b30c8b97a0d9ea7bd58aaecd1ef22adebaa6175c4a9d8b99
2019-10-31,340.95,340.95,339.35,340.3,https://www.sge.com.cn/sjzx/mrhqsj/5146296,bde4843be3e0af51cc3916d50502ee8a51993ba89521e8630b5d7755698ec3e2
2019-11-01,340.3,343.66,340.3,343.27,https://www.sge.com.cn/sjzx/mrhqsj/5146303,7cd038f9ca594390a59f321447db79cdec33ceb0e1981aede2c05b63184c6ced
2019-11-04,342.65,343.97,341.6,342.52,https://www.sge.com.cn/sjzx/mrhqsj/5146310,29ece09c763f15e8c36fb28190e4e9d3a7a875cfdec37c84a6f14b0cd981ef24
2019-11-05,345.0,345.0,340.4,340.99,https://www.sge.com.cn/sjzx/mrhqsj/5146329,7be2a952369e128a363bdb92c7c9e189d100e119a4744ae1cae03d461f18abc8
2019-11-06,343.0,343.0,335.01,336.05,https://www.sge.com.cn/sjzx/mrhqsj/5146341,6b0227f8b231b3871e4227be02deb36e4e565cd0b244144ad017940791587c22
2019-11-07,337.0,337.79,335.2,335.84,https://www.sge.com.cn/sjzx/mrhqsj/5146348,63ead4b160e348a8337cbc2b8665a1d48733847bba708d8a748e57bebbf24a39
2019-11-08,335.38,335.38,329.0,331.4,https://www.sge.com.cn/sjzx/mrhqsj/5146361,a2ebdf0f329ebfdc691e1098b8ab6093da2febfb6b93b2e12d195f490160c681
2019-11-11,335.0,335.0,327.02,330.93,https://www.sge.com.cn/sjzx/mrhqsj/5146369,c38a14b2015d597d7205ce62048905cf2f288cd8c2e1de2c5da4b1307bb3eba3
2019-11-12,333.0,333.0,326.0,327.82,https://www.sge.com.cn/sjzx/mrhqsj/5146380,caa8a36c3f4c300ebab043fcd3f241187dbe9061c022115daf686ac5d0e26439
2019-11-13,328.98,331.2,321.4,330.9,https://www.sge.com.cn/sjzx/mrhqsj/5146391,dbc3b1da688509b458a9cdff08f75494987cb493a569a4cab7905dbc1e2a4beb
2019-11-14,330.0,332.4,330.0,331.98,https://www.sge.com.cn/sjzx/mrhqsj/5146398,abab0d5e12dfc7d05bc161f3cf559a6cc6cb1e4f75ffb19a913d74202204c8ba
2019-11-15,333.0,333.0,330.62,331.12,https://www.sge.com.cn/sjzx/mrhqsj/5146404,ea0949862abfa32a9b8f5f126e856415a44780b3c201f3107edb0abb23708db9
2019-11-18,331.12,331.7,330.56,330.79,https://www.sge.com.cn/sjzx/mrhqsj/5146413,f4ff68ca24a9b9ac0e55124394ebe89007777ee1b4c1ed6bde0065f3b2bd9a87
2019-11-19,333.0,333.6,329.51,332.45,https://www.sge.com.cn/sjzx/mrhqsj/5146421,cdf03be9050f3b2e29d6996a34a6cb946b6b0a97e0aa817b2fa49042b0fb42b3
2019-11-20,333.88,334.3,331.52,333.6,https://www.sge.com.cn/sjzx/mrhqsj/5146427,ce7c085a95365be5756ebcc470986326ecb149537c7b4c136bc870328a4c4abc
2019-11-21,334.98,334.98,332.78,333.43,https://www.sge.com.cn/sjzx/mrhqsj/5146436,f71c0832fc3ecb27cbb2ca660cad0f7aafa1f8f0f6df260ecc54f4ff175c7ac9
2019-11-22,334.68,334.68,331.55,333.9,https://www.sge.com.cn/sjzx/mrhqsj/5146452,e30406d4e854c57e12bddd20ecb5e6cb05eaf4b7d9f32c9837148d535ee6aa75
2019-11-25,334.36,334.36,330.59,330.89,https://www.sge.com.cn/sjzx/mrhqsj/5146457,89740c5d3a3214289d3dbcbae590a3b368c0b35ef0a04495d579ce609ffbde63
2019-11-26,332.88,332.88,329.05,330.89,https://www.sge.com.cn/sjzx/mrhqsj/5146464,685b991d3a7c809c9b16f3dc5481ea09d99e3fc456916afbf8921e3bfb21f5e1
2019-11-27,331.95,331.95,329.5,331.5,https://www.sge.com.cn/sjzx/mrhqsj/5146470,122ea202a2a58ac31ff78e74ca931950b97421141e4a3d384ed2312c7ff7b57f
2019-11-28,332.16,332.16,329.65,330.6,https://www.sge.com.cn/sjzx/mrhqsj/5146484,538cc670423a270b41898b03821f7228c7e569869df145bccd7235351b546997
2019-11-29,329.09,331.7,329.09,331.69,https://www.sge.com.cn/sjzx/mrhqsj/5146508,a05c96b9eb85f162777ee11e3914a463c7a50dd676cae9a7cea1e152bc92ed0b
2019-12-02,332.36,332.36,330.0,331.31,https://www.sge.com.cn/sjzx/mrhqsj/5146516,39ad943f84c9ba03b81361c739957a8b220d08750e5cd3e93df6ed8d1d1200b7
2019-12-03,331.4,333.0,331.02,333.0,https://www.sge.com.cn/sjzx/mrhqsj/5146527,90246247dcb05d80a02f5bb5c3aaf8f78c436cd2eea2ab58b09cf0c1426e07d7
2019-12-04,333.85,339.3,333.5,339.22,https://www.sge.com.cn/sjzx/mrhqsj/5146537,6af858fd377c57c5740dda25fb36869288aa3f40734d6724464b992c44c0ad25
2019-12-05,339.98,339.98,335.5,336.49,https://www.sge.com.cn/sjzx/mrhqsj/5146544,a58888a503bba2f25a3ee350abb66e8e81bf37e2a7901ad759d68a00ee8c51f6
2019-12-06,337.68,337.68,334.26,334.6,https://www.sge.com.cn/sjzx/mrhqsj/5146558,4ae346aa9a8478b932a9a90ea835bdb7b1702e94e4433cf121530879707cb3e0
2019-12-09,337.1,337.1,331.61,332.31,https://www.sge.com.cn/sjzx/mrhqsj/5146574,3d01e3c5656b90ab2de4248994a390e054537cf6996c0c682ea7a85c5d717b05
2019-12-10,334.49,334.49,331.7,333.43,https://www.sge.com.cn/sjzx/mrhqsj/5146580,3595403d6233cccccefed1e210239f7f0eb93c7e90467e0714d8d00d2c73a175
2019-12-11,332.91,333.53,332.34,332.68,https://www.sge.com.cn/sjzx/mrhqsj/5146594,99d8ce2b8e2b3fd5832b5684b32328431d2d72915722f9d5266cf56b40e0f9d1
2019-12-12,334.0,334.85,332.1,334.69,https://www.sge.com.cn/sjzx/mrhqsj/5146604,85b22d1a8b0bca23bd970a155b2885b918f001941283299dad64429da76a6031
2019-12-13,335.0,336.9,330.0,331.75,https://www.sge.com.cn/sjzx/mrhqsj/5146614,7ba49e977d927d4d11c056dcd78bb3f2b547ceb8f0d75f66ecfdff6db8fb1c25
2019-12-16,332.68,334.16,330.2,334.16,https://www.sge.com.cn/sjzx/mrhqsj/5146625,a6fa8cc1a4ff73f56c5694db6fc2f3fb01d717e903d30b9ab3890bad0450ce0e
2019-12-17,334.86,334.86,333.0,333.71,https://www.sge.com.cn/sjzx/mrhqsj/5146635,e7baf354504ddc1a00fe6f430f215346ddb48d6fb965324959e97bb2a454b05e
2019-12-18,334.95,334.95,333.24,334.25,https://www.sge.com.cn/sjzx/mrhqsj/5146643,b1c269746fb7123536113dcce76e4c2f43763e0c24d957fca61058c480139771
2019-12-19,334.9,334.9,332.8,333.52,https://www.sge.com.cn/sjzx/mrhqsj/5146650,f0bdc048ac75d2a041080314360c2912111a5b9fd6830cf805b02e8daf4fb10d
2019-12-20,334.88,334.98,333.5,334.89,https://www.sge.com.cn/sjzx/mrhqsj/5146667,74a9d300660e5c380657c71772a7a418a3a2a1a80e4cb547575188783058ad89
2019-12-24,337.0,337.59,335.43,336.96,https://www.sge.com.cn/sjzx/mrhqsj/5146685,a9ae1795dcb96b11bb919baaf55b1d6eeb9eadf521493268f9d312e3aed1eca8
2019-12-25,337.88,339.55,336.62,338.59,https://www.sge.com.cn/sjzx/mrhqsj/5146697,343f6f95257243703edd08f8e51cc018401b59b706f94997c3a832312f7c6690
2019-12-26,339.45,340.1,338.36,339.84,https://www.sge.com.cn/sjzx/mrhqsj/5146710,5424511600cba5528fac492d93db39841b3c9340efe2b111ddb786593daba5ea
2019-12-27,341.86,342.29,338.11,340.47,https://www.sge.com.cn/sjzx/mrhqsj/5146720,4b25f5e7fa63e32e7e71d0389aa3e4438b73f376a7f182abe3f232176e555e7f
2019-12-30,340.7,342.5,340.32,340.43,https://www.sge.com.cn/sjzx/mrhqsj/5146729,d9dd6559c5ce88bcfd4f9d27b63971333157d43c7a1ffefc0ba4cfba22d9e3ab
2019-12-31,340.4,343.5,340.4,340.8,https://www.sge.com.cn/sjzx/mrhqsj/5146742,dc06096f49b4042661e28c245730deecd075199860143ab467eee756ac23667c
2020-01-02,341.95,343.0,340.8,341.91,https://www.sge.com.cn/sjzx/mrhqsj/5146750,f51d75c5399740a83df3af065f4af786542a147879b9aa384298bea055715703
2020-01-03,342.98,347.48,340.9,347.3,https://www.sge.com.cn/sjzx/mrhqsj/5146757,1c32666a9491fa14e6b84d9cf07631ac9866d507dd33521584a3685462c91066
2020-01-06,350.0,355.78,347.0,354.55,https://www.sge.com.cn/sjzx/mrhqsj/5146764,a6cdb2b0b14a88ae8ebc72a927a840872bf047e03ba8c1f39499bea829552d4b
2020-01-07,356.0,356.0,350.0,351.35,https://www.sge.com.cn/sjzx/mrhqsj/5146771,be4aeccb592815a76112a0e6257c0ccae3c79ecc454da1e9cd7db629774e9d69
2020-01-08,352.99,361.0,350.15,356.61,https://www.sge.com.cn/sjzx/mrhqsj/5146792,daac29cf759add192f5edf8eb3fdb33c65a844ea9c8c5eb4a8cc061fdcfdd295
2020-01-10,354.0,354.0,345.01,346.79,https://www.sge.com.cn/sjzx/mrhqsj/5146812,4d22d1f79e3cbe8c364eb5cbdd5b63df69e5ed8bdc78105507e1256ebe69e7e3
2020-01-13,347.45,348.0,345.5,345.7,https://www.sge.com.cn/sjzx/mrhqsj/5146825,a75bca0d8ce19d9d9a9eefc3ebb9d1aa9d4c056b697ef403a8d818ed983dc764
2020-01-14,347.58,347.58,340.5,342.96,https://www.sge.com.cn/sjzx/mrhqsj/5146836,71084cb5401f6c05b3d58ddb7d047645bf733c674259ad7ecf77ce9adc44bf13
2020-01-15,343.98,345.85,342.6,344.97,https://www.sge.com.cn/sjzx/mrhqsj/5146850,b73eaf2c6503653368328a61a436d0b625d49fe587d6745aa216a75e5513682a
2020-01-16,347.0,347.0,344.8,345.45,https://www.sge.com.cn/sjzx/mrhqsj/5146857,d505d4a68085acef866453a29988b8132dffa149d2a333ef75f9839ed8845f1c
2020-01-17,347.0,347.0,343.9,344.75,https://www.sge.com.cn/sjzx/mrhqsj/5146870,d7805733d40d463e0466b9e8b0704279bfe1c33bbdd7080bc0a38920699c8bd3
2020-01-20,345.01,345.6,344.0,345.2,https://www.sge.com.cn/sjzx/mrhqsj/5146878,73a1ed3a2981637b129a1faeaa7de0b00caeb2ac41bf6887ade0f6e832030f98
2020-01-21,345.98,348.8,345.1,348.2,https://www.sge.com.cn/sjzx/mrhqsj/5146884,44c6f01f034202ecf60f42cc02f19df6145a27564c77d440526adc24c27e40b9
2020-01-22,342.0,347.85,342.0,345.86,https://www.sge.com.cn/sjzx/mrhqsj/5146900,07024cd3ed7b4e4b17e1cc65bef3b2b7877f40fd78ba902ff66a750a84803856
2020-01-23,346.0,348.1,345.7,347.88,https://www.sge.com.cn/sjzx/mrhqsj/5146909,27a5329085ae75ef01fdfb9ebbd7878fdf78de3fbaf41e681d4d1416265bb1d0
2020-02-03,349.0,358.0,349.0,356.11,https://www.sge.com.cn/sjzx/mrhqsj/5146922,f1b716a18be34eea06f29497d21bb5e3a1f6521fb195b5f0fa0cf46d15f72252
2020-02-04,357.8,357.8,353.61,354.06,https://www.sge.com.cn/sjzx/mrhqsj/5146933,c0544f1073eab1b2ec81f2dea80f6ef1b56aeaa63cefc8a2f61a3d025ddc328e
2020-02-05,356.0,356.0,349.5,351.7,https://www.sge.com.cn/sjzx/mrhqsj/5146941,6d886634e5d9c576af6fa3c0f55ef6e048d1f4a0dd12d047c7e9b67e6c927c8f
2020-02-06,351.7,351.7,348.5,349.39,https://www.sge.com.cn/sjzx/mrhqsj/5146949,bfcebc7d9bd2f73024cea757bf7a094642f57dc8fe4c4a4db053bd357194db71
2020-02-07,353.0,353.0,350.1,351.81,https://www.sge.com.cn/sjzx/mrhqsj/5146962,6abf6df27109a122c10476f4e92cf19b8a817cf398cffa189b3f9f26e0d3e441
2020-02-10,354.0,354.4,351.15,353.0,https://www.sge.com.cn/sjzx/mrhqsj/5146976,02ea712e6d1c62de9fe8e5a01563da0e79f9ae4de66148ae5e9697c5b607e751
2020-02-11,354.6,354.6,351.69,352.43,https://www.sge.com.cn/sjzx/mrhqsj/5146983,0621c1447a7ea4875ed4f191036a0d846259df95082b283d96aaff08ea8f2e36
2020-02-12,352.64,352.98,350.02,350.89,https://www.sge.com.cn/sjzx/mrhqsj/5146989,5d11da3c12343630b8e1de05bce7519179d3310e7e43ae989015c6f9a95337e2
2020-02-13,352.45,353.99,351.0,353.46,https://www.sge.com.cn/sjzx/mrhqsj/5147004,8a97175b7cfcdcea9faac2758cb2288fd5ad68ad78399e48e4ec64fd46114829
2020-02-14,354.8,354.8,352.9,353.79,https://www.sge.com.cn/sjzx/mrhqsj/5147016,181037e182a0627ce92fdbf566559bc6f8866a207dfb0708f28dabfcf0872cc9
2020-02-17,354.89,355.85,353.93,355.29,https://www.sge.com.cn/sjzx/mrhqsj/5147029,aa7f7802dea362017a463ef4e7b4dba99c170915e7c527deb766a33329de1ec2
2020-02-18,356.0,357.5,354.82,357.23,https://www.sge.com.cn/sjzx/mrhqsj/5147037,ccd594edf927f1185ddffb211a6871b624df18cf966db795a2e7c2d96ab36b91
2020-02-19,358.5,361.5,357.01,361.11,https://www.sge.com.cn/sjzx/mrhqsj/5147042,ff723b770d58ac5db6b7517d0826b3574a507a23c716187c1eca906e5695faf5
2020-02-20,364.0,364.0,359.0,362.29,https://www.sge.com.cn/sjzx/mrhqsj/5147050,9e7633f7b9e7a8f0fa729dd6e8b98047f3032ae888f36d897674591979765092
2020-02-21,365.0,370.0,363.8,369.78,https://www.sge.com.cn/sjzx/mrhqsj/5147062,9fde7a3790bf0bebf0644774f7de8950f2c310ba085ed9a5c0a1884533eb303e
2020-02-24,372.8,378.49,369.31,376.9,https://www.sge.com.cn/sjzx/mrhqsj/5147073,4f8dee8542c73fc4ddb90c3bc63ae85d88952ca7b147c6392a7b76947c39dd10
2020-02-25,379.0,381.0,368.5,369.53,https://www.sge.com.cn/sjzx/mrhqsj/5147083,b07ae1069f01d57221d5befc0cc1defb5cf288d5bbe78f56c1a9aafefe5e272e
2020-02-26,374.0,374.0,369.5,371.76,https://www.sge.com.cn/sjzx/mrhqsj/5147097,cff73696ded04ea5655439dccc2a47795a3955d5835cf0d3f73f6a9b175273c8
2020-02-27,373.16,373.16,367.3,371.3,https://www.sge.com.cn/sjzx/mrhqsj/5147104,c945b1c4c96f14256e34a94fda988856d02eae6a0a825f1f313cdddd4db0ddac
2020-02-28,371.3,373.2,365.35,365.36,https://www.sge.com.cn/sjzx/mrhqsj/5147110,b9c0fcd38b1afa486f3a4f24143f59b6e17c3f2aa3cee593a2ffce5fa63b1508
2020-03-02,368.88,368.88,353.0,359.04,https://www.sge.com.cn/sjzx/mrhqsj/5147125,495db93d3cc9d4210bb73d5b3b502d838bb69fe1a4e9afa73488f64dee229110
2020-03-03,362.5,362.5,356.8,358.64,https://www.sge.com.cn/sjzx/mrhqsj/5147133,5c5283d6b3947d34b13b8f25fd402512f0ccf7d2066aa0cd46564ddc511c6093
2020-03-04,361.98,368.0,358.82,365.0,https://www.sge.com.cn/sjzx/mrhqsj/5147141,6d41275c0cd6c4ab413b38bd61626fed662702d3a81d90750b54a1206f18e512
2020-03-05,367.58,367.58,364.01,366.49,https://www.sge.com.cn/sjzx/mrhqsj/5147149,8db6ab584c2a17aebc55a69a3725a87a635a921c1398b807d004d946ef066737
2020-03-06,370.0,375.35,366.49,372.4,https://www.sge.com.cn/sjzx/mrhqsj/5147161,5d09c895d171fddc32a57ea01ef0e7cc83d505673375a5948fc17e1bfa1ae7dc
2020-03-09,373.67,377.8,367.27,373.46,https://www.sge.com.cn/sjzx/mrhqsj/5147170,d710b45ee021480d293b21038277b9eb06b0e2f6d55307b1604df190cb45b002
2020-03-10,373.46,373.69,365.5,367.01,https://www.sge.com.cn/sjzx/mrhqsj/5147181,2f9519d479f619166829aec9b25b3a792d6929f400e81dba1ca2ec9774d41d04
2020-03-11,368.88,370.0,366.2,370.0,https://www.sge.com.cn/sjzx/mrhqsj/5147192,c4ee28060fbeae5a18ff9344adc6fec184b05c57137ab7e6c74c7481de05eabb
2020-03-12,373.0,373.0,364.8,366.49,https://www.sge.com.cn/sjzx/mrhqsj/5147204,09ce008cba55bf7f51f636da55381666c9c86d38f05b6189535276991057c84e
2020-03-13,369.0,369.0,348.98,356.02,https://www.sge.com.cn/sjzx/mrhqsj/5147215,2bc5e1614ae2a998b7bafe46cd045c7c3f74c6a8a7feccf477bec050220265c3
2020-03-16,358.88,358.88,341.0,345.0,https://www.sge.com.cn/sjzx/mrhqsj/5147226,710e10292f699ce3edef071b22c9fba5875f6e312986edbf7574899e1b4bd949
2020-03-17,340.0,340.0,328.15,331.07,https://www.sge.com.cn/sjzx/mrhqsj/5147236,ff308e8a80791f5bcab655a91620535b59b2e5b26de6033917f4a3172640ccd9
2020-03-18,332.98,346.0,329.01,338.39,https://www.sge.com.cn/sjzx/mrhqsj/5147257,6a4980e6bac223aa1f94916faf6e7fe9f31e96bacd5eaceb604deb234789af84
2020-03-19,339.75,342.0,331.0,336.15,https://www.sge.com.cn/sjzx/mrhqsj/5147266,e93f1e1244ed5e0e0569e006c4b3ff4a0a89b54a8a8e10f7dab723d069d01036
2020-03-20,337.0,340.5,333.18,340.0,https://www.sge.com.cn/sjzx/mrhqsj/5147279,e01d72c2ed34462595504769bcfe5d2302bbee4df245134f64024e4593f122ee
2020-03-23,342.98,342.98,337.1,339.2,https://www.sge.com.cn/sjzx/mrhqsj/5147296,a4dc2c4d1630c9e991a835eb5a394d4a4294b9d6dea090940028304dacf42ac9
2020-03-24,343.0,358.96,339.0,356.71,https://www.sge.com.cn/sjzx/mrhqsj/5147304,d37cb09440fc49b73c239c1c4efca93b7fd6fdba503eddca2061f423f7c42369
2020-03-25,363.0,372.0,358.01,362.98,https://www.sge.com.cn/sjzx/mrhqsj/5147315,e942ac0012dda2d19743fd38d52ab1d4021b6b98766adafcbe2e2cad032324bc
2020-03-26,367.98,367.98,361.2,362.0,https://www.sge.com.cn/sjzx/mrhqsj/5147323,caac6b089011ae847f8b7afc26344ad616e2338de46ad4dc208d947e2a342009
2020-03-27,367.0,367.98,364.12,365.45,https://www.sge.com.cn/sjzx/mrhqsj/5147335,57e7fca5c78b3021f9e9ff9f26cdabdb3aa37d06741a04d169e6b6c41fef20a2
2020-03-30,367.7,367.7,363.01,363.99,https://www.sge.com.cn/sjzx/mrhqsj/5147349,684171f1459f7c34007cbde0a99a087f634da84d21f19537716b7748db518139
2020-03-31,364.5,365.55,363.5,364.27,https://www.sge.com.cn/sjzx/mrhqsj/5147357,629460f449baa24d303920bdc366a9c082a8b3d50900b4ad9aa62adfaff1f3dc
2020-04-01,364.98,364.98,355.08,360.0,https://www.sge.com.cn/sjzx/mrhqsj/5147361,303db1a2ac40b04df99a1b3b5af9540ce041497b03a596bbdbe4333f690733b8
2020-04-02,360.9,361.5,355.0,360.53,https://www.sge.com.cn/sjzx/mrhqsj/5147370,40eaa29ff7a1c4831acb20020613c0031bb6f083a00d59383e87c4b491860bc4
2020-04-03,361.3,364.68,360.23,362.5,https://www.sge.com.cn/sjzx/mrhqsj/5147378,d7583f177cdaaedf69d83003ee28091713d7803afe5f2eaf669d04c03633b567
2020-04-07,370.0,377.48,370.0,371.0,https://www.sge.com.cn/sjzx/mrhqsj/5147393,4cae498cfd3c236ba58f2367bbf9f688c4e70df7a7db7133348f6a5ab81f78b9
2020-04-08,372.1,373.5,368.2,370.12,https://www.sge.com.cn/sjzx/mrhqsj/5147404,6ae1df53bf3227bf1109b9fdd5a3bb6d633a6e021e080f47ac32973c68e8f872
2020-04-09,373.0,373.0,368.63,370.3,https://www.sge.com.cn/sjzx/mrhqsj/5147408,7b75d81b1aa23a52534cb413b6a0d2b0cd520afb0744c31912c6bff1d4e6c82b
2020-04-10,370.3,374.0,360.93,372.1,https://www.sge.com.cn/sjzx/mrhqsj/5147415,19044f7e3a3aa95be306b980edc6dd4906a3dbc0b8d4a25e18c02091770ef132
2020-04-13,372.4,373.79,371.1,371.95,https://www.sge.com.cn/sjzx/mrhqsj/5147430,83263ee031b36d39c9984565768062f12b3485d7a58eb5ceebeba8f60ed1f088
2020-04-14,373.8,379.0,371.09,377.0,https://www.sge.com.cn/sjzx/mrhqsj/5147442,ab812ec33facf59a1b992b5802bbd8fcee16a6b67a4a5c0e60c6958b1c054842
2020-04-15,379.0,380.3,368.55,374.01,https://www.sge.com.cn/sjzx/mrhqsj/5147453,b3635bacc8e1b2a58e5922293ce44d910e247b08e9dc4cb4adb87998990ca60c
2020-04-16,378.0,378.95,372.71,378.3,https://www.sge.com.cn/sjzx/mrhqsj/5147463,1a8362ad4b076bca32646a5f12409078d99d3f8f944494d037383dcbef9aa8c7
2020-04-17,380.0,386.36,369.52,369.92,https://www.sge.com.cn/sjzx/mrhqsj/5147467,73fd20193c19902cdcfd8bf65b00430dc1069cc7126144818cdc8700763d5f5f
2020-04-20,372.99,372.99,366.96,370.29,https://www.sge.com.cn/sjzx/mrhqsj/5147480,b285441ffcb60e20cbe1d5703677da94b0ede2bf2124c544310fd50b3d3838b1
2020-04-21,373.6,374.8,371.5,374.64,https://www.sge.com.cn/sjzx/mrhqsj/5147487,b2c1fc0d8cf07f536fd35c2296a75786640bec642ee5e85443e987e608cdd4f3
2020-04-22,372.0,374.45,366.0,373.5,https://www.sge.com.cn/sjzx/mrhqsj/5147500,5549f117e0eb10b1d79b9ef292c455273bee288f6faaadd49d2bf2a62bfdd810
2020-04-23,376.0,380.1,372.01,378.8,https://www.sge.com.cn/sjzx/mrhqsj/5147505,44bface493d57500978af38c11ff68dcfa3ce9d48e04160227e11bdf8ce7788e
2020-04-24,384.9,384.9,379.18,381.14,https://www.sge.com.cn/sjzx/mrhqsj/5147521,44c4f4402e6b3fb3b00a4b7db98001a96b77f0370bccf08a3bf5b3c663c2cfbb
2020-04-27,383.98,383.98,379.1,380.45,https://www.sge.com.cn/sjzx/mrhqsj/5147527,0a51846d8701cbfc645b9a11ca379d842df2b1fdba2a4ec202fb87873fd0da7e
2020-04-28,378.09,381.0,375.2,377.04,https://www.sge.com.cn/sjzx/mrhqsj/5147537,c7a0a9892393281c208dea6c7898739c9f1d9dad745510ee6478b0d544310dc7
2020-04-29,379.4,379.4,375.8,378.1,https://www.sge.com.cn/sjzx/mrhqsj/5147550,c2798488c1f2576040d6d17453dec0b90e1409ba3d9991a73d2c804a28062a0f
2020-04-30,378.79,381.0,377.0,380.94,https://www.sge.com.cn/sjzx/mrhqsj/5147564,a8442a27e0c816de46385a84ea17fc157d6b0920c9cdbf2545fcd1b548e0d0bf
2020-05-06,380.95,380.95,377.01,380.3,https://www.sge.com.cn/sjzx/mrhqsj/5147576,710afca0bbf4214c8a63465986852178db8e1a59047751dcfe3ff9d4059a30db
2020-05-07,381.0,381.03,377.85,379.88,https://www.sge.com.cn/sjzx/mrhqsj/5147582,3249c6faa932d1f5dc0d5cc089135bf0f9ff116a434cfb5a3af9a03187be7b48
2020-05-08,379.85,383.5,378.16,383.5,https://www.sge.com.cn/sjzx/mrhqsj/5147595,3129128edb3bc1a28993602707e8cf2cb01e770c450803065efce23874eeb511
2020-05-11,384.6,384.6,380.3,381.26,https://www.sge.com.cn/sjzx/mrhqsj/5147599,21ed84f0e05e2654dd7cbbdb078fb8f0baf6c818bb41ac4a8420df942b0be860
2020-05-12,383.0,383.0,379.71,380.99,https://www.sge.com.cn/sjzx/mrhqsj/5147614,e1a6d5befbac799321d9458a3850e6955103c415373942bcbf9ebf79faa3795b
2020-05-13,383.0,383.0,380.11,381.1,https://www.sge.com.cn/sjzx/mrhqsj/5147619,0554eba9c620d5ff2dce4fc701dca5263d25f39d607eee0e3eec7a8e37bdc191
2020-05-14,382.0,383.7,381.09,383.49,https://www.sge.com.cn/sjzx/mrhqsj/5147636,a2b298ac8490b8f846e4e0acdb41c4d7830a2cacbff9926c7cae072837391096
2020-05-15,384.83,389.6,382.28,388.81,https://www.sge.com.cn/sjzx/mrhqsj/5147639,61aedf025ea308985587074253f93e2e5b2b56b934ac50188bf1fc670d13b237
2020-05-18,391.8,399.8,387.72,398.21,https://www.sge.com.cn/sjzx/mrhqsj/5147653,1fab1fcb8377dd967bde1a80b1f54a55f83af171ee8ea01d2d964bdd1db0efcb
2020-05-19,402.6,402.6,391.0,392.39,https://www.sge.com.cn/sjzx/mrhqsj/5147655,9d97f61a840ba413350254f051264512dcdda2bc4381560cf0ae1733d5c400d2
2020-05-20,393.99,397.2,392.2,396.73,https://www.sge.com.cn/sjzx/mrhqsj/5147668,932d17fa008b25be23a3e261be752f3325a069954d4ab264b5d162ba1e89877a
2020-05-21,400.0,400.0,391.81,391.99,https://www.sge.com.cn/sjzx/mrhqsj/5147680,93937f45cb34e637dd08f4df354e2bff5cf13981936fe0fc72db7b2081eb6e7f
2020-05-22,395.0,395.0,388.69,392.0,https://www.sge.com.cn/sjzx/mrhqsj/5147697,ef57f150b2fc578ff7490bd08af697c9256646edb7e6e4366308bb7d52c271f1
2020-05-25,393.6,393.6,391.0,391.33,https://www.sge.com.cn/sjzx/mrhqsj/5147707,d290242b8f77855a5c7168b600cadb3d3ff0344dd87fa5be80fc235565f9238d
2020-05-26,394.4,394.4,391.21,393.16,https://www.sge.com.cn/sjzx/mrhqsj/5147713,3559be58d096708328e5b80623afacc6cb8096d309b3db8dde86836ca5ea0cab
2020-05-27,393.99,393.99,388.87,390.0,https://www.sge.com.cn/sjzx/mrhqsj/5147726,3d26b665c86f8aa2501dfebaab486c2adca64d8f1a66e9e32a9e357f0abeb85a
2020-05-28,391.98,392.75,386.0,392.41,https://www.sge.com.cn/sjzx/mrhqsj/5147735,2eff0419b41b7512f31d5395cb67d52c1c242dc2fd170d99c7b0f642d3845f95
2020-05-29,392.9,392.9,390.1,391.93,https://www.sge.com.cn/sjzx/mrhqsj/5147745,9e6d17270ca777a60a6f2bc5936967d5f8e923046e89368542ca3851371da9d4
2020-06-01,395.0,396.59,393.03,395.99,https://www.sge.com.cn/sjzx/mrhqsj/5147755,7fa023641fef8e27d3ba394acbeee0f33ad8825520a308d89e8367c488e53308
2020-06-02,397.4,397.4,394.01,394.8,https://www.sge.com.cn/sjzx/mrhqsj/5147771,9a81868e5f22d9abda1797d9e803f2eb51043b31e4a3d19889388e1fcd533e81
2020-06-03,396.68,396.68,391.1,391.2,https://www.sge.com.cn/sjzx/mrhqsj/5147779,743e93c6e546cebe052b4b72147495b8b2ed00b55a10f7b4b1f44135137a42f9
2020-06-04,392.95,392.95,386.29,387.86,https://www.sge.com.cn/sjzx/mrhqsj/5147797,1c2a5c9fd4cb35f1b7748f368e09455d4e1be4bd88596398aa08e3a2fe5c403b
2020-06-05,389.69,390.95,387.5,387.84,https://www.sge.com.cn/sjzx/mrhqsj/5147810,52f8e4b339344c439fe41717ef040f39b26218c77730c8672c9c48f940f18b0e
2020-06-08,390.8,390.8,380.79,384.22,https://www.sge.com.cn/sjzx/mrhqsj/5147815,f5c185a4b39fd10c5061c7ef86476ea2eb74b089805a1994b8eb19c62dbeeb95
2020-06-09,385.8,385.8,382.6,384.61,https://www.sge.com.cn/sjzx/mrhqsj/5147836,0ab3840749f112382295381da7fad41edd682cd3c29c518960359f7c26f2b640
2020-06-10,385.78,388.9,385.3,388.89,https://www.sge.com.cn/sjzx/mrhqsj/5147848,c4380f8912b2b516f858368a58cf8a8b2a976df8de1697e1dca4140bcf51039c
2020-06-11,390.5,392.3,387.5,391.9,https://www.sge.com.cn/sjzx/mrhqsj/5147857,24111bd3584b183cc50de375eb0397e460e97a91c37399dea8dfef48074b8faa
2020-06-12,389.12,393.3,389.12,391.13,https://www.sge.com.cn/sjzx/mrhqsj/5147875,0097581aeebabd5ffe544c6cf65b45b329712af63634199158b100640b79b310
2020-06-15,392.5,393.5,388.5,388.53,https://www.sge.com.cn/sjzx/mrhqsj/5147889,e4170bffbe7f388fe36c1d15df7e2c864dc347deeae1ff0d6f9c03b00fa43c36
2020-06-16,389.6,391.25,386.0,389.59,https://www.sge.com.cn/sjzx/mrhqsj/5147903,22175d7b55016abffb737015ed3e5cc000996d07e3c4be12b44c5ab6b77fb938
2020-06-17,393.1,393.1,389.0,390.5,https://www.sge.com.cn/sjzx/mrhqsj/5147914,77a6fcf02e4437ecc510933d1b54f251bfac59ef58888e61ce6811ae936e5ee2
2020-06-18,390.6,390.75,388.78,389.89,https://www.sge.com.cn/sjzx/mrhqsj/5147928,cb95d37ba2e392a8b78c57e26fac6bff2a1c75197b7e29e20fb7d490d1d87a10
2020-06-19,390.98,391.2,389.4,390.67,https://www.sge.com.cn/sjzx/mrhqsj/5147940,639d216130895762941d78105f59268d0a1b809cb400807674d8435fd57e7726
2020-06-22,394.6,396.49,390.15,393.82,https://www.sge.com.cn/sjzx/mrhqsj/5147956,c3b8b407dd6795f8686332e03b772dad63f3656fcbf7ac2efac65b3dc5d92da3
2020-06-23,396.0,396.0,393.25,394.5,https://www.sge.com.cn/sjzx/mrhqsj/5147967,f4966f793799ef8e1658d172d2ec407a9d2f33b93fe1c9394ac263b49d166f8e
2020-06-24,397.8,397.8,394.85,397.0,https://www.sge.com.cn/sjzx/mrhqsj/5147983,f0269dc5f6e5857211e9d8d36c2c717b8faeb664cc0aa0b4a0cb345a8c1054a6
2020-06-29,399.0,399.0,397.0,397.15,https://www.sge.com.cn/sjzx/mrhqsj/5147991,807eb43584083b38bb6799df7b7ab5d008c37fbad56b6d9ca87bc6004fc053f2
2020-06-30,397.02,398.09,396.85,397.76,https://www.sge.com.cn/sjzx/mrhqsj/5148000,71cca67f2e847cc5c9a64059180c5523d046ef776626022d80c3f2cc84abee78
2020-07-01,397.76,401.0,397.0,400.82,https://www.sge.com.cn/sjzx/mrhqsj/5148029,a9db4a6285212a79139ccdc2a6a59eaedfacc334706ff70b6c69fb3df88e608a
2020-07-02,401.0,401.0,395.93,396.04,https://www.sge.com.cn/sjzx/mrhqsj/5148039,9a1929493342d44032624a003769011b92c142af1d5596d33385b37578cf7da7
2020-07-03,398.0,398.5,394.91,397.55,https://www.sge.com.cn/sjzx/mrhqsj/5148051,00a8d3cde2f3b6a4f14f06267ee278f5690836e5a9de5d422b5a076d42140722
2020-07-06,398.0,398.0,396.45,396.97,https://www.sge.com.cn/sjzx/mrhqsj/5148058,8f3f1f485bc1137f1ef0fa859123cc18e592fa0ff94199afd793160096d25a8c
2020-07-07,398.0,398.2,396.01,397.46,https://www.sge.com.cn/sjzx/mrhqsj/5148075,27dec6585d2917787cc03517ded16367ffc911f012ea87ce8208c631bfbc6f4e
2020-07-08,399.0,399.66,396.55,399.39,https://www.sge.com.cn/sjzx/mrhqsj/5148093,8eacef8842f4850eb4ef03749d37cd37477bc6b231b31bc06520230d1cc838d8
2020-07-09,405.0,405.0,399.99,401.99,https://www.sge.com.cn/sjzx/mrhqsj/5148104,02abd45b8dd4d9e16d982a85feb0f220635b72ca3f63ce58944cfe332de780e2
2020-07-10,404.5,404.5,399.0,399.79,https://www.sge.com.cn/sjzx/mrhqsj/5148120,d59ff7a8af72a20f2d53f17d1e343d35fe7a6d4f5c87c110fc541cd781197ed7
2020-07-13,404.0,404.0,399.3,401.18,https://www.sge.com.cn/sjzx/mrhqsj/5148130,f7e9a213341de6b31f3a68c9d6b37082897f686532c2bc097df01f08df4ac7d4
2020-07-14,403.99,403.99,399.0,400.33,https://www.sge.com.cn/sjzx/mrhqsj/5148146,a2c1cf2edd93e6fa8b1b68da85df7ac1ccc02fc1298e8f016c8f704e1516b3d4
2020-07-15,400.33,401.75,399.8,400.39,https://www.sge.com.cn/sjzx/mrhqsj/5148162,4eb8829f0bf1b569dba7b6d7579a1a9c4fe88184b8b1db63f1953a49b1bb959e
2020-07-16,401.75,401.75,399.3,399.79,https://www.sge.com.cn/sjzx/mrhqsj/5148177,64d34c053f282c5aa2682077eef34e36e2b1bac0356a4e5bb18084d61d3752d7
2020-07-17,403.5,403.5,396.04,397.44,https://www.sge.com.cn/sjzx/mrhqsj/5148189,f946a5a461f0e797076cc609a45c968941ccc9243804f9ad4a38fe71d9b36bfb
2020-07-20,398.0,398.8,397.51,398.69,https://www.sge.com.cn/sjzx/mrhqsj/5148203,c09eef7e26e76b98b9456c145682f15f870bd85d8dff48b5db27d5926dcebbac
2020-07-21,399.49,402.5,399.49,401.66,https://www.sge.com.cn/sjzx/mrhqsj/5148216,522cebc5ce05ba8f40a4a55faa19f5dcfa95b3ed29904f2fa2fd6eb5020fca30
2020-07-22,401.66,415.99,401.66,410.44,https://www.sge.com.cn/sjzx/mrhqsj/5148239,fcb2ad32ed8144425dd453a183f3d3dce2a3393b8691fca4a59dd904d44aeb8e
2020-07-23,414.0,414.0,406.1,412.65,https://www.sge.com.cn/sjzx/mrhqsj/5148266,8be7a01196d4da5b87ab15478d7dbd03385546eeae46f76db7ec40cf40554a35
2020-07-24,412.01,417.99,412.01,417.95,https://www.sge.com.cn/sjzx/mrhqsj/5148282,0af7f3bbec7f7b6676bb438e9fbdede366a85819640be9bf7325b1feeb785f3a
2020-07-27,417.99,430.48,417.8,426.85,https://www.sge.com.cn/sjzx/mrhqsj/5148298,b90cfaa5e72b2d5d2560b4a53a73696499617188ede393cdf27bbee2d4d7653e
2020-07-28,427.03,436.0,423.0,425.2,https://www.sge.com.cn/sjzx/mrhqsj/5148309,d9ad89544170081a1e29c29ca6e5c7115697c3f4ee2d17bf3f6ffcd2bce61a3d
2020-07-29,425.0,428.88,422.0,427.07,https://www.sge.com.cn/sjzx/mrhqsj/5148325,27742342d71ffd61a7f90fefd18af150b2e4309aab0afe3ab26eeabd4569239a
2020-07-30,427.0,428.6,422.0,422.0,https://www.sge.com.cn/sjzx/mrhqsj/5148330,844cfed1d4e6d0edc9722cee8a5be9b182a9fe5c1d80c718a9891555874bd567
2020-07-31,420.2,429.0,420.19,428.97,https://www.sge.com.cn/sjzx/mrhqsj/5148353,5d01426e8f6d04bf49553bcee6b9e39dc36f6efa12e4a9157b43026945a5615d
2020-08-03,428.99,429.79,425.5,427.68,https://www.sge.com.cn/sjzx/mrhqsj/5148364,4af76256206180058e3a2ca8cd885c5ad23eba3c1d3fea2bb57d1c8614781d1d
2020-08-04,427.1,428.8,426.5,428.09,https://www.sge.com.cn/sjzx/mrhqsj/5148379,15c4d02984029441267ebc77ef1ba9fd5180f93fe7d35839d6a695bd1a1841be
2020-08-05,428.29,440.5,427.11,439.59,https://www.sge.com.cn/sjzx/mrhqsj/5148395,83c0f4b6d610d5c588dd6393f54533fd206c67b9fb182d64c7b0a333ca025b23
2020-08-06,441.45,443.25,436.0,442.99,https://www.sge.com.cn/sjzx/mrhqsj/5148404,37ace66d0e91f588af9938382f7409b4d061ca1eff477809de4ef1a205c07d0c
2020-08-07,446.0,449.0,443.5,445.99,https://www.sge.com.cn/sjzx/mrhqsj/5148430,30f6f71b026e1a9e9f1baa54b783fc15152b2179c1f1666f3cf0ceace38a9fe7
2020-08-10,445.13,446.8,439.0,441.9,https://www.sge.com.cn/sjzx/mrhqsj/5148443,7235554d43ac3e52757b3a5989a3a9f8b043e590426b9b0d927cf99839e345a4
2020-08-11,442.98,444.8,430.1,433.0,https://www.sge.com.cn/sjzx/mrhqsj/5148460,ac06d8958a8188a55fe0fc1dfed3ec675dc530a7ee07fc8d427af97a82b5a4a8
2020-08-12,415.27,428.5,401.4,407.0,https://www.sge.com.cn/sjzx/mrhqsj/5148467,3e97e48cc268f47685d7c168c5346a2f2a6ed4549c3a6da717c0338363d29c07
2020-08-13,407.85,415.0,407.85,412.5,https://www.sge.com.cn/sjzx/mrhqsj/5148484,61aa25c70ef9656d1503c765c5e7b3c277abea6065b4bdadc353954cc3344102
2020-08-14,411.72,422.77,411.0,416.54,https://www.sge.com.cn/sjzx/mrhqsj/5148498,e03bc762c2f805d229d4a2ef0783ce53c35c17f4dd6c50bc462ef21fd69042fb
2020-08-17,416.54,421.5,415.7,420.7,https://www.sge.com.cn/sjzx/mrhqsj/5148522,4351f749042dc77dc311049b2ac400c6e20b709b1f1b5285490877c1c6ad1c59
2020-08-18,423.99,430.42,420.31,430.0,https://www.sge.com.cn/sjzx/mrhqsj/5148536,16489df8ccc928ad9314d39641e6c99f9318af1b72e2b0f8ed01fd29b7cca3d6
2020-08-19,431.2,433.21,422.0,423.88,https://www.sge.com.cn/sjzx/mrhqsj/5148552,9251d3290d186dd385749f583647f0010c67de885d9ec5c13acd500ddb2326f8
2020-08-20,426.87,426.87,412.51,415.6,https://www.sge.com.cn/sjzx/mrhqsj/5148569,06441da79c16fe9142c840a1d1fb3a94f293573f1e1a170b0a5a3617eb778c28
2020-08-21,414.1,416.7,412.0,414.99,https://www.sge.com.cn/sjzx/mrhqsj/5148586,ca3cf59d6b2fd2cb3417c98d65677d8a2f4944fc33d339c0d43598ba8666bd12
2020-08-24,405.0,417.0,404.4,415.71,https://www.sge.com.cn/sjzx/mrhqsj/5148603,4a18f6f0ad517ab9027e531ebb0e98716c06efd54e29a529ab300fd3aa6845a9
2020-08-25,417.99,419.0,412.6,413.0,https://www.sge.com.cn/sjzx/mrhqsj/5148621,90252f8132f948ddc6f3d75885dc5e2cdfbcd1168d52bf7aa8d29cf42e06d364
2020-08-26,423.89,423.89,412.0,412.58,https://www.sge.com.cn/sjzx/mrhqsj/5148635,be8f3b6436602557991342498f1b073455527e7246c0f150e98492c3ad7ad9e1
2020-08-27,412.9,417.89,411.11,417.6,https://www.sge.com.cn/sjzx/mrhqsj/5148639,8138ce90c564403960a9ae77285969cb38b8d01f59ee3b68d982dfeea49cedfd
2020-08-28,416.56,423.0,413.0,418.18,https://www.sge.com.cn/sjzx/mrhqsj/5148664,8520e9d912066fb24d9f2f41ad42bcd24a886d69b9522161f9a55698b3816c23
2020-08-31,419.69,421.0,417.56,419.0,https://www.sge.com.cn/sjzx/mrhqsj/5148680,14597fa67ba8b3ddca2313e7be2867b17784a0294b6d79783ae2952218b86b6c
2020-09-01,420.38,424.04,419.02,423.98,https://www.sge.com.cn/sjzx/mrhqsj/5148707,822870e365f9c775da300e02ca5895e5a18061ac6c051cfeac42c6c30952f0e4
2020-09-02,424.9,426.0,418.3,418.3,https://www.sge.com.cn/sjzx/mrhqsj/5148716,7404d29ac29102f851046e119a32f6dba0629f32eed4ae10d6eacb1a48b820e9
2020-09-03,417.01,420.39,412.0,414.5,https://www.sge.com.cn/sjzx/mrhqsj/5148723,a4a72a34f936d2560830d07dfed61811ba19bf48174bd38dc308c6f8e17d979a
2020-09-04,415.5,416.0,412.11,414.8,https://www.sge.com.cn/sjzx/mrhqsj/5148728,1f7a255bd73db524dcb1bd0816e1060429ac902c28ab59eb93fa403ced5e202c
2020-09-07,415.98,424.05,411.4,413.22,https://www.sge.com.cn/sjzx/mrhqsj/5148736,8e856647c6a70c42d8c69ea35ec7a69fefb196b994ae60589ab6adde81a05cc2
2020-09-08,413.99,414.9,412.08,414.5,https://www.sge.com.cn/sjzx/mrhqsj/5148743,53bb492ac08eace02b4be5e1196a25862063279d9531c80a176bb971a36e8c36
2020-09-09,411.01,415.79,409.92,414.78,https://www.sge.com.cn/sjzx/mrhqsj/5148750,a587cccf537ad6d903e35a09fb3736472273a793a7e78b0fb91e5213c2a8de41
2020-09-10,414.0,417.7,413.18,417.43,https://www.sge.com.cn/sjzx/mrhqsj/5148754,6d696fe06fa1bb9af8220278b39ba4b2ab242eea427a2051c2c3d4b87efd8559
2020-09-11,417.5,419.5,414.6,416.29,https://www.sge.com.cn/sjzx/mrhqsj/5148764,f78038af13daf507fc05f605e182389465f2b1b9d64fedc2e50c6cf449d543ec
2020-09-14,416.98,417.55,415.5,415.5,https://www.sge.com.cn/sjzx/mrhqsj/5148771,77e1a094394396e9a461a144b298ded29a88a6eb28db7ba67c4428292946d04b
2020-09-15,415.15,418.0,415.15,417.03,https://www.sge.com.cn/sjzx/mrhqsj/5148778,b19c12edcadd37b20013464634f08cde57268e43bd9df7b716794cb9ebd02f52
2020-09-16,417.99,418.0,414.89,416.46,https://www.sge.com.cn/sjzx/mrhqsj/5148790,8f212b3f76607b33bb50c7ab60ead30266ad35a946ed3343a5cb0276885b9229
2020-09-17,415.04,417.0,412.38,413.7,https://www.sge.com.cn/sjzx/mrhqsj/5148795,deeac79d2f926520a9bcdefb3c5159b3f2282f05f4c168954a050fd11f778b5d
2020-09-18,413.0,415.5,411.28,415.48,https://www.sge.com.cn/sjzx/mrhqsj/5148802,9836d877f813c906aca1f4df60c198de39ff11bb6ed323cb83af55b69c85dce4
2020-09-21,415.01,416.25,414.0,415.27,https://www.sge.com.cn/sjzx/mrhqsj/5148810,bd1e5a9af25161ded4aa96453f935223b01ca47a72da55a1cd2520734105fadd
2020-09-22,414.0,414.8,398.86,405.58,https://www.sge.com.cn/sjzx/mrhqsj/5148819,5a5930313678f31b86a70ed6cfa4916fe7a4d49fe0d6ae59e91e460386658471
2020-09-23,405.89,407.8,398.5,400.67,https://www.sge.com.cn/sjzx/mrhqsj/5148827,b6f21d8b0b204afca75ef1680d10620d500918d363d9f7ed9394bf1ca4040f6e
2020-09-24,400.0,401.58,394.0,395.29,https://www.sge.com.cn/sjzx/mrhqsj/5148845,6d5b115c80d615f5b656b8d469b2c560ca5402ce77b6e37a08d77c2d74475b5c
2020-09-25,395.5,400.4,395.01,400.0,https://www.sge.com.cn/sjzx/mrhqsj/5148855,ad7c07a6264216ba1862ea6286d087f8cae87e7752de30471176458d9d8ea6c0
2020-09-28,398.2,400.0,397.5,399.21,https://www.sge.com.cn/sjzx/mrhqsj/5148866,82414a72ba7f7526c5c09a7c8a83e1a3445b2dc1e80e64f9a6c37f6672a3e6b3
2020-09-29,397.72,404.5,397.72,403.8,https://www.sge.com.cn/sjzx/mrhqsj/5148874,acfaf84c6da39e3ede5622b62fd5b29ee6fe9eaf9318367a515b2d1f6633cf27
2020-09-30,404.5,405.6,402.77,402.97,https://www.sge.com.cn/sjzx/mrhqsj/5148884,5339cd81f4130b67d8c5012cddc1a30ad06ef0d0f1d7c1d6483a66c8bb32931b
2020-10-09,403.8,405.8,402.5,404.49,https://www.sge.com.cn/sjzx/mrhqsj/10000005,69a65ede86768817c63384dc3f8da01d5427ad40ab621a63a0ddc05a2592b5ef
2020-10-12,406.0,409.8,404.65,408.79,https://www.sge.com.cn/sjzx/mrhqsj/10000014,51b828f05d1ba1dc0e979e0ec8d86fc5a8d9ea84981ffde22c58fb564cba7a07
2020-10-13,409.3,409.7,406.2,406.63,https://www.sge.com.cn/sjzx/mrhqsj/10000022,d85de38450e2531f59c8d8f220ef428d4e44aac3b7ef7e8df0cccef941a42937
2020-10-14,407.48,407.6,399.8,402.85,https://www.sge.com.cn/sjzx/mrhqsj/10000027,3517511410cb220a9fecfe5523fa30b5048d24a0e709989efda64baa1d17e4c7
2020-10-15,403.5,404.48,400.61,402.3,https://www.sge.com.cn/sjzx/mrhqsj/10000036,122e9ad2e46ccd608ec695e6c1065fa9aa91d2f125262752db69fdd469c89475
2020-10-16,401.25,404.5,400.65,404.0,https://www.sge.com.cn/sjzx/mrhqsj/10000044,0d906f1213998259332d1a756401e2b47ee0f1e493fb195b44e5009c3586995e
2020-10-19,403.7,404.45,401.03,404.4,https://www.sge.com.cn/sjzx/mrhqsj/10000052,d89c491053b5ba0ea32f5a7653a0940ddd0c8f5d71a8d3653b8a1fc062a599e3
2020-10-20,404.96,404.97,401.0,401.0,https://www.sge.com.cn/sjzx/mrhqsj/10000058,3739060de63d6bb1c0e4d040f6339ec65d4ac5334543eb34ea31b342f473b3ed
2020-10-21,402.4,404.8,402.0,404.1,https://www.sge.com.cn/sjzx/mrhqsj/10000065,7f2e4856604f3f3ec4a7a08e11c36a708d8a206d696740d156e5324226f512b7
2020-10-22,402.91,405.69,402.91,404.01,https://www.sge.com.cn/sjzx/mrhqsj/10000073,e498f8d250cad38700c0e98bc1e0d6e3000660f16238f988b625ea640b5e3770
2020-10-23,403.02,404.0,401.1,402.74,https://www.sge.com.cn/sjzx/mrhqsj/10000077,18f5bfd82294c25125f2a2c0694eb4ff959fa4aa51cebd96f98e8b28e4b85be1
2020-10-26,405.0,405.5,400.2,400.9,https://www.sge.com.cn/sjzx/mrhqsj/10000084,67d41d112ec7a91f41c81fcbfa5fe8bca60ac3cc1449c3fcf9c2267f30a43070
2020-10-27,401.3,404.49,401.3,404.02,https://www.sge.com.cn/sjzx/mrhqsj/10000093,3a3a980738d58b4f03c4767a8b0fe0224603c605ac4ecca9336b1a16360b14ad
2020-10-28,403.8,405.25,403.79,404.6,https://www.sge.com.cn/sjzx/mrhqsj/10000100,32e704be7a4e7191f35ca3fea16435641497ce30b79e18da48a3d1fe267fad7a
2020-10-29,403.78,403.78,398.7,399.47,https://www.sge.com.cn/sjzx/mrhqsj/10000107,c9d815d4355660e4453fc5970290e8d92a5da4dd83d5ce9e52ee3eb262e5b2f9
2020-10-30,398.58,399.0,395.0,397.21,https://www.sge.com.cn/sjzx/mrhqsj/10000113,ddc6f7b86ea7edb0dacef0668d0208eaaad8b7fc1deb59174fce693c2631e9ad
2020-11-02,397.98,400.4,397.6,399.9,https://www.sge.com.cn/sjzx/mrhqsj/10000130,11c84a40a14704d701322a17e95608fcedcc350af6f012215e79a3fff3307f0d
2020-11-03,400.58,402.2,399.15,401.56,https://www.sge.com.cn/sjzx/mrhqsj/10000139,d3c124cd7954c0bd56fd9db997c983fee46f69f1f2bc17744da72d58e2b4d58d
2020-11-04,402.02,404.6,402.02,402.66,https://www.sge.com.cn/sjzx/mrhqsj/10000155,d35cc1cb5add545368557db85eec3d676339d43475f686c0105207b80814d808
2020-11-05,405.0,405.0,399.5,402.37,https://www.sge.com.cn/sjzx/mrhqsj/10000161,850dc7ee31ad0dae2a2b5444951810a9d6373551ad74ad458758ebd7e6d1be1e
2020-11-06,403.66,408.8,403.66,406.94,https://www.sge.com.cn/sjzx/mrhqsj/10000165,cf0329b8771b47c28e20e69d4b6fd034dbd4fcb4da4323d4a313b30b78a36589
2020-11-09,408.98,409.28,406.2,406.2,https://www.sge.com.cn/sjzx/mrhqsj/10000186,451bccc5ffa861c6f5d4ad700b07fdcab4d3dafce5e6bab14d36efaa5528d337
2020-11-10,405.15,405.15,392.0,396.69,https://www.sge.com.cn/sjzx/mrhqsj/10000193,17c09e8620e4f10558c11b0ceb75db6fb1b49355547f4e2e5e1a6e957f5e5107
2020-11-11,394.02,396.0,394.02,396.0,https://www.sge.com.cn/sjzx/mrhqsj/10000200,3faa45b7577d2b272bbd78cb263fbe3922a815056341cd4fd8a264c7642852a8
2020-11-12,395.2,395.4,392.2,394.39,https://www.sge.com.cn/sjzx/mrhqsj/10000208,9f1bd9a8eca9be20180ce0ccbaacb2ccb2764ff8ac0f62ae9cfd305fea3d7f1a
2020-11-13,394.99,396.5,393.9,395.93,https://www.sge.com.cn/sjzx/mrhqsj/10000221,6576a229152b864b010988217c428baa1aad425142a7ed067d8e86d84a536bdc
2020-11-16,396.38,398.5,395.25,396.01,https://www.sge.com.cn/sjzx/mrhqsj/10000226,bf293d5ff0a3c1be7f7b51d76376a9314fc5ee88e73884a23885358f390e1afd
2020-11-17,392.58,396.8,391.58,395.8,https://www.sge.com.cn/sjzx/mrhqsj/10000234,534690e422a6e21bd08ef25e141a346d3768cbac85f3dfb1bf2c84298d5aa671
2020-11-18,394.68,396.27,392.4,393.72,https://www.sge.com.cn/sjzx/mrhqsj/10000241,6bf48638411861e154ec8d033427d83767a999493ed4c58eac965bfb85fcd372
2020-11-19,392.0,394.2,390.23,391.5,https://www.sge.com.cn/sjzx/mrhqsj/10000248,bb097c7a412becb8740f885def0c589dbc64ed6afd9268dff1d04a3c96b1b6a2
2020-11-20,390.06,392.9,390.05,392.1,https://www.sge.com.cn/sjzx/mrhqsj/10000254,4befe9806c737b12d8be33b7bd6341ee99bc4e0ad81b68d7e518ca3ea87dac06
2020-11-23,395.0,395.0,391.0,391.65,https://www.sge.com.cn/sjzx/mrhqsj/10000266,cc0d8681e551ff8e58de18db7879cf8b408666fe344353031e09fd1f9bf87554
2020-11-24,390.9,391.89,381.51,383.36,https://www.sge.com.cn/sjzx/mrhqsj/10000275,54e7869737fec3aa37d098c8194ed3958321ac9abde57512310c7239fb09fb01
2020-11-25,380.0,381.85,377.7,378.45,https://www.sge.com.cn/sjzx/mrhqsj/10000283,f79683a87e2bb456c02949ba92c6db971350c5485713c5334edfd76cef5d72f7
2020-11-26,379.9,380.7,278.39,378.85,https://www.sge.com.cn/sjzx/mrhqsj/10000289,920ed72358444b260e18cce56bde4bf6a6fd4208ebc07585535ad6264f79ca56
2020-11-27,378.8,379.81,377.5,377.5,https://www.sge.com.cn/sjzx/mrhqsj/10000296,56749db3eaafd0ef2d8da01abced7b8dd43902990d7e8054ecdf915d3728ddd1
2020-11-30,377.0,378.0,366.0,370.58,https://www.sge.com.cn/sjzx/mrhqsj/10000308,e572e7276952785adce97236011e85a9c5871d30aae1a34f93883b6f326d7f0d
2020-12-01,368.5,373.1,367.0,372.99,https://www.sge.com.cn/sjzx/mrhqsj/10000314,7dc19c1084fae743bf6aebc3a0c507542286ebc19659281c71cc50b69baf5463
2020-12-02,374.88,378.5,374.88,378.43,https://www.sge.com.cn/sjzx/mrhqsj/10000318,4c0fe5871a671accd62634e7c895cebd1214c248e18cd2c1e902540c1217cb2f
2020-12-03,380.5,382.99,378.2,382.98,https://www.sge.com.cn/sjzx/mrhqsj/10000326,3ab2489002f1370939843e146b3381ce32d5a58ef9adbb08d352c4d765c29992
2020-12-04,382.6,383.5,379.01,383.38,https://www.sge.com.cn/sjzx/mrhqsj/10000332,5ca64889df9727c552dfe17e0d67856ee1e32847fadc495074df982be0b3619e
2020-12-07,383.39,383.39,380.3,382.52,https://www.sge.com.cn/sjzx/mrhqsj/10000348,1c4668063be14017287533c7b5d09a5f31080c9a7dea5caa33aca855e9f4a46a
2020-12-08,380.33,387.86,380.33,386.76,https://www.sge.com.cn/sjzx/mrhqsj/10000358,f9989e42e503967fb3c3484f65ba819bab112ade76a305852790dab77af1032d
2020-12-09,385.99,388.2,384.3,384.75,https://www.sge.com.cn/sjzx/mrhqsj/10000364,c40a2a4ff78ebb419729668cf00bc73b032e21a70eef47ac175ed972a52679d0
2020-12-10,384.75,385.7,381.0,381.46,https://www.sge.com.cn/sjzx/mrhqsj/10000372,ff45588a6a9b769cae49c44f90744b3e9e90e35804f71fea43d8702b5e9bfaba
2020-12-11,378.0,384.1,369.61,381.46,https://www.sge.com.cn/sjzx/mrhqsj/10000381,ace7b59b574c75b427228421a09db0bfa4746d88abca137089a622756f0f0583
2020-12-14,381.6,383.69,380.45,380.46,https://www.sge.com.cn/sjzx/mrhqsj/10000388,ef9158bd834befb6ae7195ae9e6af62dfb5d20b6513a799cd2ec09bb3c543cfa
2020-12-15,380.2,384.09,379.02,383.8,https://www.sge.com.cn/sjzx/mrhqsj/10000395,1eb79f4806d3be4807764389372ca651cb9b63836d3d0590f07a03eeea504f78
2020-12-16,384.0,386.8,383.5,385.44,https://www.sge.com.cn/sjzx/mrhqsj/10000403,636c3219936b657b47ad6cd14ac734da10ad5acde6021ab11941337f64e601af
2020-12-17,386.75,388.8,384.1,388.7,https://www.sge.com.cn/sjzx/mrhqsj/10000413,5898ca7b967b599ab8b651c264555c4bb1735aabb48572d61446f87ebc083d9d
2020-12-18,389.0,391.89,388.22,390.34,https://www.sge.com.cn/sjzx/mrhqsj/10000420,4e9d50b1ba256496c74dbb00a9e2da78fc986903e1cad654f8443e17f914e401
2020-12-21,390.98,397.91,389.43,395.96,https://www.sge.com.cn/sjzx/mrhqsj/10000427,cf5056a741c783697d696c010c3b3e750bb7958847fc473074ef27dfe623cae5
2020-12-22,391.3,394.48,390.3,390.32,https://www.sge.com.cn/sjzx/mrhqsj/10000433,2f8cc131486cb91bcec86409ac039baceb7e755b43d6bc1148a0e390892bbd32
2020-12-23,390.31,392.5,388.6,390.12,https://www.sge.com.cn/sjzx/mrhqsj/10000440,63bedeb5b8b26e71b15670f16e8d195bbe50b649b344d0fafb61a5ed603d0aa1
2020-12-24,388.55,391.8,387.6,390.4,https://www.sge.com.cn/sjzx/mrhqsj/10000448,c21ef07c43949653309aba4d72ca5e4b84f08baf383fbaf9676413a1042307d2
2020-12-25,389.73,392.74,389.11,392.21,https://www.sge.com.cn/sjzx/mrhqsj/10000456,b79387c3c21eb3eaa1d4b8a041b1e4de7459fd5b7d23e1e6c65f5339b3dcc264
2020-12-28,392.99,396.0,391.36,391.61,https://www.sge.com.cn/sjzx/mrhqsj/10000471,962850280eecd9ab689bf048f12a9f18070b63e1fb1b790911492dbd7ec210bd
2020-12-29,391.4,395.0,389.8,390.66,https://www.sge.com.cn/sjzx/mrhqsj/10000477,a3bcdf1b5a325e929f7468507ac5c4e5f32d5e15eeb9ee69120a33e700ad2c5d
2020-12-30,390.8,391.5,389.8,390.39,https://www.sge.com.cn/sjzx/mrhqsj/10000484,cbf9b78e7b411f1455fac1e154d8697f59e9a401722d6121f096d14eaeb42415
2020-12-31,389.54,394.5,389.54,390.0,https://www.sge.com.cn/sjzx/mrhqsj/10000491,e1f51decc9c2bda36102fef42e71910848dcfa5d5fcb34c013272922198bbc1c
2021-01-04,397.48,399.5,396.0,398.09,https://www.sge.com.cn/sjzx/mrhqsj/10000508,44f9efb86d8c540a165819a254b7cfc137984fea29e84a6b9543552ebce2e438
2021-01-05,398.12,401.2,398.12,401.0,https://www.sge.com.cn/sjzx/mrhqsj/10000515,1d5703fbf044fd48c0bbbbc13a7c1c07d0f01dd70aa23aa3cd1d748032e75157
2021-01-06,401.58,402.48,399.71,400.73,https://www.sge.com.cn/sjzx/mrhqsj/10000520,c27f448d13c2499dedc2c4e41c4c705d3363d570255cac49f5c29b10b6d0df86
2021-01-07,401.0,401.73,394.02,398.49,https://www.sge.com.cn/sjzx/mrhqsj/10000535,e5663ed1f89984920f55bdcd51351423e538bb6076022d5a02f4c6501ac5d10f
2021-01-08,395.21,397.99,395.2,395.97,https://www.sge.com.cn/sjzx/mrhqsj/10000543,964d83c8c3ca573fd157253f40524526b2c045f83178e38144a3e7fc5ba1c305
2021-01-11,393.58,394.0,379.0,385.0,https://www.sge.com.cn/sjzx/mrhqsj/10000548,ba75f3f588ed66e794d94fcec3fff5c0f4b11718cbdde390d6a8d798777d7a24
2021-01-12,384.51,388.0,382.99,387.99,https://www.sge.com.cn/sjzx/mrhqsj/10000555,b964ac2caadbba481d7eaffdea5704bf6b4e973b345657cc69a4d1196378f1b3
2021-01-13,388.85,388.85,384.7,386.5,https://www.sge.com.cn/sjzx/mrhqsj/10000561,3e73dbbfc848b36f581c6115a0346cd86a5389ae9d53fcc0fa75b0c2832c2241
2021-01-14,387.8,388.0,382.5,383.7,https://www.sge.com.cn/sjzx/mrhqsj/10000569,0eb2161c08b7d236e940a7683eb6397c6f19bfed9f42843b5ec24e5ca93d68d7
2021-01-15,384.95,387.6,383.8,385.41,https://www.sge.com.cn/sjzx/mrhqsj/10000573,f19ff3aaba0f3e7a208fa79e78d90a1c56c48eccd573f94ad0d65d5decc322aa
2021-01-18,385.58,386.02,380.8,384.6,https://www.sge.com.cn/sjzx/mrhqsj/10000582,af8aa2068afaca630f5e511dddc2afa3dd3579bd2c849f78c191a9f4439980df
2021-01-19,385.0,386.0,384.0,384.97,https://www.sge.com.cn/sjzx/mrhqsj/10000589,f158c0d4df5be450dc0dfee42f7ee1bf0556c07a052704641b29efc162cef1d8
2021-01-20,385.48,386.88,383.2,386.76,https://www.sge.com.cn/sjzx/mrhqsj/10000592,ae83429058c1cad775f3a80d38a676b2760e53d963c20182f598b38602150549
2021-01-21,386.0,390.0,383.03,389.46,https://www.sge.com.cn/sjzx/mrhqsj/10000597,77c36c532d07258a1864e8c7ebad605c74542dfcf74a5bafadf033515dafadd0
2021-01-22,389.6,389.6,387.25,388.09,https://www.sge.com.cn/sjzx/mrhqsj/10000603,a43ac09511e12af3c88ee34d7366334d33ce6d62ab290d366f809c4fd25e6184
2021-01-25,381.09,388.9,381.09,386.0,https://www.sge.com.cn/sjzx/mrhqsj/10000628,bc83ccff5b48e3ba86212d9f13b0d6c5ca4a56f3bf60486bc675fa35a0aa7d23
2021-01-26,386.0,390.5,386.0,387.45,https://www.sge.com.cn/sjzx/mrhqsj/10000635,bd6667f375a0861951866b5821aac3efd70768b645e75708774afc63396e9394
2021-01-27,386.51,387.48,383.8,385.39,https://www.sge.com.cn/sjzx/mrhqsj/10000641,0014cc92b6f6ca7943c486257afba48fd3f23db8033b822b93d7d884c7db39ff
2021-01-28,384.0,386.0,382.22,382.23,https://www.sge.com.cn/sjzx/mrhqsj/10000645,24f5b803b1e27de31a7b3d40a2db1549203d163212c20a0a145d81af35b3790f
2021-01-29,384.0,386.92,382.65,384.5,https://www.sge.com.cn/sjzx/mrhqsj/10000656,c8cce4d5e02ccf310d638db2e1661d8226827c8a78168c5bce5ec4dc4a3d2390
2021-02-01,385.45,389.45,384.01,388.47,https://www.sge.com.cn/sjzx/mrhqsj/10000666,8390e6e64c1396c03c9269b8e6cb42de190080b23b2b2db0775cc38e19ae8314
2021-02-02,389.0,389.9,384.7,384.83,https://www.sge.com.cn/sjzx/mrhqsj/10000673,8b2c751ccd8565b95e55ca7ee7648dd410c9b28ca68fb7b3cfafebbef58800c6
2021-02-03,384.01,386.2,381.28,382.36,https://www.sge.com.cn/sjzx/mrhqsj/10000684,4dc77e872feceef3cff5694122366fd5a2876e98127a5720cf43b5258dd8045c
2021-02-04,382.0,383.69,377.3,379.5,https://www.sge.com.cn/sjzx/mrhqsj/10000693,3b389bcdda39bdbec4dbca1fa9615a9e6f0d76b4f0b131b74850353c6769b2ea
2021-02-05,379.59,379.59,373.21,376.23,https://www.sge.com.cn/sjzx/mrhqsj/10000701,dc7229a26a60b15635821b29d2a09878b679ce77926e0bf75aaafaf38760ec00
2021-02-08,378.0,378.79,374.61,378.59,https://www.sge.com.cn/sjzx/mrhqsj/10000707,b515ccc686fd69e7b494ae7e26bc976862251612ed0f63133b414035b0bc02bf
2021-02-09,372.0,383.19,372.0,382.74,https://www.sge.com.cn/sjzx/mrhqsj/10000710,713f57adaeb84606629a353052710971ccd262ef4a95508c2e7d2ca91d35e9ef
2021-02-10,384.0,384.0,380.81,383.0,https://www.sge.com.cn/sjzx/mrhqsj/10000718,001e469368dbc5524a1fc1e5e11531e7302c9b80982abda5bb7cd8549ee711fb
2021-02-18,377.01,377.01,370.5,372.06,https://www.sge.com.cn/sjzx/mrhqsj/10000728,990362e7b157740d471ef8ea77605733e3206cc073b01acc9568d0e35197a4ce
2021-02-19,373.87,373.9,368.5,370.67,https://www.sge.com.cn/sjzx/mrhqsj/10000733,3f4e20176b3c7fc1e2b59ef90e98e85a448a16939a47485cd3d60a664253418b
2021-02-22,369.8,375.49,369.53,374.5,https://www.sge.com.cn/sjzx/mrhqsj/10000739,9db9f95491be6f510a01f8cae1afc4246e6f525850147cc060c617b6b3c33277
2021-02-23,375.0,379.12,375.0,377.99,https://www.sge.com.cn/sjzx/mrhqsj/10000745,709aa8694fd21c3f30e51778a0df9e00f128d877474264ba2ac8cca1bf6a8361
2021-02-24,378.99,378.99,375.8,377.28,https://www.sge.com.cn/sjzx/mrhqsj/10000751,65dfd847007c0cf5b36e7e3ef25070ede8fb8e0229fd030496feb20ac3f4dedf
2021-02-25,377.28,377.6,372.58,373.04,https://www.sge.com.cn/sjzx/mrhqsj/10000758,ca5205b6462e49aebe040817a7f0ee0a6b762c685047c650623ec88d6e0b65ed
2021-02-26,372.0,374.4,367.1,368.26,https://www.sge.com.cn/sjzx/mrhqsj/10000763,dca3fe40f9aa1f9d014b72a003c62519056bf36c4b46b33f380d8482b97a5026
2021-03-01,368.26,370.0,360.0,367.37,https://www.sge.com.cn/sjzx/mrhqsj/10000771,2e8b49e2acd9da9638fe9e284befb67062fa06bf8e149cb2ea4a1e613c82354c
2021-03-02,366.0,366.0,357.5,360.42,https://www.sge.com.cn/sjzx/mrhqsj/10000777,771c531672071c64afbe0c4af465a5fe1c9fc106eaa14280a44cf1c87ef0326e
2021-03-03,362.79,363.0,360.0,362.08,https://www.sge.com.cn/sjzx/mrhqsj/10000784,59d273561091b84b4a3ad301e5819ac49942c6049f45e3581d0548929a4c9356
2021-03-04,362.96,362.96,356.12,359.0,https://www.sge.com.cn/sjzx/mrhqsj/10000790,751899afa4b40f37a88790e264380ef8e7245e4b44dbd72a7b49620f75b03cc5
2021-03-05,358.5,359.69,353.43,355.7,https://www.sge.com.cn/sjzx/mrhqsj/10000797,e71a41cae05484080e36b71ce4ad0b847534764b8eda845be93e37f48ba668f8
2021-03-08,356.0,360.0,354.8,358.95,https://www.sge.com.cn/sjzx/mrhqsj/10000804,d78f953699f53a013f3a6f23c1354bdf3370b072fba0ba0a1cf521b2f3f2c32f
2021-03-09,353.06,357.85,353.06,357.75,https://www.sge.com.cn/sjzx/mrhqsj/10000810,e9af448de96e5d94880e4ac8a3fda2995b32ccd238ad0166eeae4028d9ffe180
2021-03-10,357.75,362.33,357.75,361.07,https://www.sge.com.cn/sjzx/mrhqsj/10000817,86727f28fac838125af6b6e9ede5e89c7cc9c7346aef9213d542b5d6662cefca
2021-03-11,360.0,365.2,360.0,364.91,https://www.sge.com.cn/sjzx/mrhqsj/10000822,ce6f43d05ce6f5fe149278a2aff463d1b88a9bb97b667b80a9931d99c1087f02
2021-03-12,363.41,364.5,359.5,359.62,https://www.sge.com.cn/sjzx/mrhqsj/10000830,ee370c57275fb61832189b2aa9424a3ca67bc1e4f0565666fbcc911c585f3d90
2021-03-15,365.44,365.44,358.34,362.88,https://www.sge.com.cn/sjzx/mrhqsj/10000850,d55ca74736c7c3d615633891b6f6b9d38355cc95c921f5c5fd5028a78b253ca1
2021-03-16,364.29,364.8,363.0,363.26,https://www.sge.com.cn/sjzx/mrhqsj/10000858,2e58b965dc1aadafaa1d9b567a632223eb6544f90a356469973bd75a3c87d052
2021-03-17,364.89,365.68,363.5,364.7,https://www.sge.com.cn/sjzx/mrhqsj/10000865,43118d928052887ad69a8452aa26bf86f4b2571bca3ab10cc491deadff37675b
2021-03-18,363.0,368.33,362.7,366.79,https://www.sge.com.cn/sjzx/mrhqsj/10000871,c85df95a3bd981e469739b096ac4e4789b3840b66f1b36fa32a29477c925020c
2021-03-19,364.51,367.0,362.02,366.64,https://www.sge.com.cn/sjzx/mrhqsj/10000876,dc014643ae6e5ce5b98eeba093bc918dc9d45a5ea1bedf023ffdede237e40a0b
2021-03-22,365.65,367.65,364.0,364.4,https://www.sge.com.cn/sjzx/mrhqsj/10000882,cde4744e94e772ab6581bc728aecca11a3164b1fee99eec365ca82065a442dff
2021-03-23,364.31,366.26,364.0,366.2,https://www.sge.com.cn/sjzx/mrhqsj/10000887,2cb914ff72df3277f7dca80d64c3779e59990f441dac90b6dab337eacc2b02b5
2021-03-24,366.0,366.45,363.8,364.59,https://www.sge.com.cn/sjzx/mrhqsj/10000896,050f90f022fccc28072e4482b6b8ca8799150bb75e9eaa5ea5984eb5e27068fd
2021-03-25,365.0,367.3,364.05,365.68,https://www.sge.com.cn/sjzx/mrhqsj/10000903,7de22fd1da44d85f114ce22ac232f60bc5b1ad557c3e4cb757e88f78f86a3608
2021-03-26,365.02,368.7,364.21,365.1,https://www.sge.com.cn/sjzx/mrhqsj/10000917,59715caeba2f69b54be92b90f09af6b34939783daa5454a446a809d24fa64f02
2021-03-29,365.0,366.6,364.6,365.4,https://www.sge.com.cn/sjzx/mrhqsj/10000926,d62175ffac6f7ec10c8816c2bac086309e168cebacf4cc56f27630b48f5162d7
2021-03-30,366.45,366.45,360.0,360.66,https://www.sge.com.cn/sjzx/mrhqsj/10000939,daa9417513c533b74e29ec01589106fd50fc0f19a9bcadd3be634900156c8e3f
2021-03-31,358.5,359.0,355.3,356.79,https://www.sge.com.cn/sjzx/mrhqsj/10000945,447b5b4a8b6ad14526fb266e474bad987dcd15f4febeaab8ead927c74abf589a
2021-04-01,356.5,364.56,356.0,364.49,https://www.sge.com.cn/sjzx/mrhqsj/10000950,b7ed9454e58c4084f087350d87ba81260d48e97039b8fa9514f48807fd6f24b2
2021-04-02,364.1,368.89,363.22,368.04,https://www.sge.com.cn/sjzx/mrhqsj/10000955,055a261339d54053e61b0902826b6aa48d555234728d0c2f14336e6b8d8b1d86
2021-04-06,368.5,368.5,365.8,366.39,https://www.sge.com.cn/sjzx/mrhqsj/10000969,52388e00f708825b3e42d400f124dbbee08568cf88babdfb3eec1d3d053c5a08
2021-04-07,367.7,368.59,366.9,368.14,https://www.sge.com.cn/sjzx/mrhqsj/10000972,11f670c033e2f03220d3e7b6c16fed3be78c16a4500b386b6a4cbf8fc266152c
2021-04-08,366.03,369.49,366.03,369.2,https://www.sge.com.cn/sjzx/mrhqsj/10000978,679526928f176948fe8665420206be5503d13cddbdef1ab8defaef576ab87c7b
2021-04-09,370.0,372.3,369.66,370.15,https://www.sge.com.cn/sjzx/mrhqsj/10000989,99f7d3b829b46d64d7a3e9623bc8bb0fbe59bbf211cfb6f2182edad0d6b14820
2021-04-12,370.98,370.98,367.3,368.62,https://www.sge.com.cn/sjzx/mrhqsj/10000993,438b3ffd0adda95184c658fab59fff7b7afb91ff961ebf303a24bc52d4da3cf7
2021-04-13,368.7,368.7,364.95,365.59,https://www.sge.com.cn/sjzx/mrhqsj/10001000,0745fa596bf18948caf01257740d47723bd3e7d6aaa4cc590f7a3934d8531bd1
2021-04-14,365.9,369.5,365.8,368.6,https://www.sge.com.cn/sjzx/mrhqsj/10001007,b0f6e5ac9c253dc0216d371a48cf58883837253019d2708a9a6c57670effd74f
2021-04-15,368.31,368.75,366.0,368.52,https://www.sge.com.cn/sjzx/mrhqsj/10001011,924b67f6f60b9af577b0fa1386a9ba31381de9bb11cbb7c6a4fe04d052d4dcfa
2021-04-16,368.95,373.0,368.12,371.8,https://www.sge.com.cn/sjzx/mrhqsj/10001021,608cbdab6b28aa2407db1e394a6aa78a5ede6abd591ac700721c870ed3f08ae0
2021-04-19,373.5,375.95,373.33,374.7,https://www.sge.com.cn/sjzx/mrhqsj/10001032,ca79dcb3f9570581622181f220a3158cd91978fe71b714d91a5e1ef22063333e
2021-04-20,374.61,374.62,370.5,371.44,https://www.sge.com.cn/sjzx/mrhqsj/10001049,f2b146bec8d2df79e36b2f9e7e3d26675bb2fe71f397150d923de53f4f4e0c50
2021-04-21,372.39,375.08,371.0,374.65,https://www.sge.com.cn/sjzx/mrhqsj/10001061,a484e04ccb674872759585722240df95ae26ab37ddc06807691b9c61142bb395
2021-04-22,374.6,376.79,372.09,375.2,https://www.sge.com.cn/sjzx/mrhqsj/10001068,68984d0e89d766c8525b40ad7d99fbe1a842d217ee3e61898ac2debe8d24b3df
2021-04-23,375.5,375.5,373.25,373.81,https://www.sge.com.cn/sjzx/mrhqsj/10001077,d0603d313576f005fcd153ad256ff7a5ad7f95494705717f5dce9eff8788bf35
2021-04-26,376.1,376.1,371.5,372.83,https://www.sge.com.cn/sjzx/mrhqsj/10001086,82db472d26f68b144d3e702affa55b404bee993d949e9381b51372222e2c725e
2021-04-27,372.2,373.5,371.4,372.97,https://www.sge.com.cn/sjzx/mrhqsj/10001091,43d36c8930c9fa915f9b941744a71943f536190ba2f262d1c93d802531fe34e2
2021-04-28,372.6,374.2,370.0,370.0,https://www.sge.com.cn/sjzx/mrhqsj/10001098,3979705ef242928638ac9ddd7e5511c6134b63ae782fa88488b6d58567581ba8
2021-04-29,370.5,374.4,370.0,372.44,https://www.sge.com.cn/sjzx/mrhqsj/10001108,e8ad47f1bdd5221ce3d96c754fb26630b0205d4235ebdaf7aa858880f561d453
2021-04-30,372.3,372.39,368.0,370.97,https://www.sge.com.cn/sjzx/mrhqsj/10001120,cd48a63b93f4141e006f194b40a4410dfd21861718aa3e66a049635c6297f2c7
2021-05-06,373.0,375.8,373.0,375.35,https://www.sge.com.cn/sjzx/mrhqsj/10001128,56c90def0aad42773bc7f0b7c423b1dc4a83bc2fc55f629d1c4175d2e353431c
2021-05-07,375.0,379.95,374.61,379.82,https://www.sge.com.cn/sjzx/mrhqsj/10001136,6aac9fbd3e84db12fb2cf3ecb7ec9d0091b9493b313d302dc90247a89952e5c4
2021-05-10,379.0,382.6,378.51,380.7,https://www.sge.com.cn/sjzx/mrhqsj/10001142,86bc0350f6de00e47542d566ce4d2ef3c8869bb3983afa5a378334cc5e568058
2021-05-11,380.21,382.08,380.1,380.7,https://www.sge.com.cn/sjzx/mrhqsj/10001149,8b332c06258ad54972c2c35d8159046e2ffeebc4ef1b271eedc00a94a493f526
2021-05-12,381.81,381.98,377.52,381.29,https://www.sge.com.cn/sjzx/mrhqsj/10001155,2a71f2a4b05c5e035705dcd3f5a74296227b365e6bd6d6e3481ed6430ac7a31e
2021-05-13,380.9,383.0,378.82,379.41,https://www.sge.com.cn/sjzx/mrhqsj/10001160,1816792778ada2e9376bf672408bfae2a63054b32bf1c315f1be295dd36ece05
2021-05-14,378.01,381.8,378.01,381.13,https://www.sge.com.cn/sjzx/mrhqsj/10001165,06948707fba0de7a2a9c3852a3a67f3b9e417eacd12be5811b199b216179a59e
2021-05-17,380.0,386.5,380.0,385.57,https://www.sge.com.cn/sjzx/mrhqsj/10001173,1a10df2b91e6160d1bbd9e2893511df75d005814c9caa0a7ff392b0534f9dc1a
2021-05-18,384.95,389.8,384.5,388.2,https://www.sge.com.cn/sjzx/mrhqsj/10001184,3e481dfaa05a0ac9c335bb3502689fd65d0360c89f62b12a02f376e138c3b0e1
2021-05-19,389.99,389.99,386.51,388.83,https://www.sge.com.cn/sjzx/mrhqsj/10001190,ec252789cfc68516ab7052366197698ad487b563c7d034a7f8447edab20648e9
2021-05-20,387.0,392.2,386.0,389.14,https://www.sge.com.cn/sjzx/mrhqsj/10001199,b8f8eb37e24dc642c86a8812bc175bec8798ca94cb1a40a65a9c3eae825d074a
2021-05-21,389.5,391.3,388.36,389.4,https://www.sge.com.cn/sjzx/mrhqsj/10001209,e3c6c713b6072edd3a040217569375aca6340de848e70db13c3d80b8321c5e9f
2021-05-24,390.0,392.5,388.02,390.8,https://www.sge.com.cn/sjzx/mrhqsj/10001228,320bfba5a38e6dee376acc1f205c617a569716498c26703ab7ea5855e8385d6b
2021-05-25,390.0,391.29,387.55,389.68,https://www.sge.com.cn/sjzx/mrhqsj/10001233,b0ac2510fee2dce72aeb432d80f928d02603ead82ea6ef970dd38766106cd506
2021-05-26,389.2,394.6,389.0,393.2,https://www.sge.com.cn/sjzx/mrhqsj/10001237,fa78f6b7d13b95dea6ff95dfe50e6effedd40f9ed9f57c8d05a1f462176d966e
2021-05-27,393.99,394.29,390.01,390.5,https://www.sge.com.cn/sjzx/mrhqsj/10001244,ab1199e6e5ba37959d6215883d358d3af7e70fd14a6fe5210b4e973a124571b6
2021-05-28,390.5,391.0,388.25,388.82,https://www.sge.com.cn/sjzx/mrhqsj/10001254,eb1b5db8220acc8413018d7dda77778b0e1175a2ae7159dbeeb72aa75d1a20f7
2021-05-31,386.3,392.2,386.2,391.1,https://www.sge.com.cn/sjzx/mrhqsj/10001274,38ec0475c389091564fe94f7b223a39214c12600813d6f94493f8f2764598f80
2021-06-01,391.0,393.8,391.0,393.5,https://www.sge.com.cn/sjzx/mrhqsj/10001278,441e3a12400bcaf73a6c0221d019c8a6aa9903b575979e460596c4f9471a306e
2021-06-02,391.9,393.5,343.0,387.97,https://www.sge.com.cn/sjzx/mrhqsj/10001285,91f562a7e02a6aac482ba31b1b20c5b8adb4d0e8bf181c59ed78f5d3f7ea6cf4
2021-06-03,388.0,389.6,384.9,385.44,https://www.sge.com.cn/sjzx/mrhqsj/10001290,d7f67fd79072fa438ec0d0f09db52b4895f694248d26203b83233e3a97894d38
2021-06-04,382.1,385.0,374.99,382.51,https://www.sge.com.cn/sjzx/mrhqsj/10001299,3158d1993d736bc5c374f0240f5e8b569fa543041743f676a08b2f84c40210d0
2021-06-07,381.7,384.8,381.0,384.29,https://www.sge.com.cn/sjzx/mrhqsj/10001306,2239f41cc7ce303dafe4efee8245d74dd06da4173ade01d42547b160aa182636
2021-06-08,384.3,388.1,384.3,385.3,https://www.sge.com.cn/sjzx/mrhqsj/10001327,b944a4a0a1770b18635e957eb98b378b3664e4867bdde2f01bde55d608350ece
2021-06-09,386.6,387.0,384.03,386.0,https://www.sge.com.cn/sjzx/mrhqsj/10001337,718df0b109ac157df9fbb60c90972ef8d623ae6a3005995a08d0c77bd126be12
2021-06-10,386.88,386.88,383.9,384.73,https://www.sge.com.cn/sjzx/mrhqsj/10001342,dc6075d2727d1b6b25d6397873be2a93584f8afcb5277ffead7d30ba1d898b3c
2021-06-11,383.2,388.4,382.01,388.01,https://www.sge.com.cn/sjzx/mrhqsj/10001351,e0e2d17e42c3a70e5fdf80a0d75ff9eaecbe0675db34fd2c9c9628ca5ea92723
2021-06-15,383.2,383.2,379.0,381.99,https://www.sge.com.cn/sjzx/mrhqsj/10001356,39f029c00391438dc248efbe9a65acf4c548e255c4e0b8cf1cb2c79903b2b7bc
2021-06-16,381.95,381.98,379.0,381.09,https://www.sge.com.cn/sjzx/mrhqsj/10001362,f2204cecf32cf05e312f610eda4c93fd9d8d1ef1bba1681ad65328421a6d3763
2021-06-17,378.39,381.65,373.6,374.0,https://www.sge.com.cn/sjzx/mrhqsj/10001369,7941ebe15971c352463777f6896985287fa32927afdcf4a65d0d354d8b9faa36
2021-06-18,371.7,373.8,368.8,371.0,https://www.sge.com.cn/sjzx/mrhqsj/10001376,16b337bc9eb1793742a0dcecb11a2b0c4ab248f759cd076e382592bd355f5835
2021-06-21,373.0,373.0,368.3,370.58,https://www.sge.com.cn/sjzx/mrhqsj/10001381,83b3ae849c8663b9470140a42d05ac8210c8405a2bd15a4fd79c808fb0738205
2021-06-22,370.95,372.8,370.11,371.56,https://www.sge.com.cn/sjzx/mrhqsj/10001389,1ee5134987e73fbee1aebe1a2e1d28c89e9e32042c51b1f0b62ec3fcaff36929
2021-06-23,371.99,372.5,370.15,371.93,https://www.sge.com.cn/sjzx/mrhqsj/10001397,a09f8d1ce66378c63bfa9b4a37ed911f38c5012fc1ad3f132ff5f6f06aacc801
2021-06-24,372.55,374.3,370.35,370.35,https://www.sge.com.cn/sjzx/mrhqsj/10001402,c01bf178831ed5fece1f229807d2b8c57b35196147e55ae02b314433e2722cd0
2021-06-25,371.98,372.1,369.5,370.74,https://www.sge.com.cn/sjzx/mrhqsj/10001409,f88458f89901828bb27936ab196aa94856846a104e82fd4876b57bddbc7b1dba
2021-06-28,371.4,371.79,368.8,371.16,https://www.sge.com.cn/sjzx/mrhqsj/10001418,9bff620008089c70168128bbd03cc5ca8c2e50466671b0bca61c7bb4f41bbb94
2021-06-29,369.3,371.1,369.21,369.29,https://www.sge.com.cn/sjzx/mrhqsj/10001424,33f432a3ac22dc0e2b52aa8f88517e477d28d23fee91470b0b95fc4d34867942
2021-06-30,369.0,369.5,365.6,365.82,https://www.sge.com.cn/sjzx/mrhqsj/10001429,d33d495ee3a6b677c44ba1e263153e7159ba797a5475a2eac90ed8a8fb5c1262
2021-07-01,366.0,371.0,365.8,370.26,https://www.sge.com.cn/sjzx/mrhqsj/10001438,e8226a8171906ee08e21f1867c7a971bd0841de8a7846f6e44ebaca33ca85ae2
2021-07-02,369.01,371.65,369.01,371.09,https://www.sge.com.cn/sjzx/mrhqsj/10001444,8a110da2b0a3c62977109e38ba1d43071ad84ec77e3c960dd71c8f2de4b556b9
2021-07-05,372.0,374.12,370.0,372.5,https://www.sge.com.cn/sjzx/mrhqsj/10001452,ddb7a323cf91c19d5dc4fc0da3195037b3fbda1f3374e2eeeae23671981c6775
2021-07-06,372.6,376.0,371.5,375.99,https://www.sge.com.cn/sjzx/mrhqsj/10001457,4e88199f3e476ce0d62d0c856fe7470d668c84bfe4df222d9f72da138eed92bc
2021-07-07,376.0,377.39,374.02,375.39,https://www.sge.com.cn/sjzx/mrhqsj/10001465,1d36eb5d661b55e601f9062ddc7d3e82c966f66a2f9fdce3f5ee907aedb31a57
2021-07-08,375.8,376.89,374.75,376.0,https://www.sge.com.cn/sjzx/mrhqsj/10001469,3e2f5b73f42ad5f66c257d2144d30893da68ee3eb7c8231a04cb3f21c4ef8cf1
2021-07-09,376.99,378.3,374.5,376.69,https://www.sge.com.cn/sjzx/mrhqsj/10001478,3af9f9f2425e4081cb043dda5a7fffea854c421fb958ee0bb027e7848879ad83
2021-07-12,373.68,377.6,373.68,375.62,https://www.sge.com.cn/sjzx/mrhqsj/10001484,47e7131b3e2a5a7680540a73f0d588b0a29a7af4efbc3c499c1ea23b4f781419
2021-07-13,375.18,377.2,374.0,376.87,https://www.sge.com.cn/sjzx/mrhqsj/10001496,ba9aade4322cc1ad1aaeb8fe02eb528fe9cd80e50b75453d913e7c0a2e28e2e1
2021-07-14,377.25,378.2,375.5,377.71,https://www.sge.com.cn/sjzx/mrhqsj/10001504,dff11f4bf8086433cf4091ba1e72423e49c30c6340f9ed3a7313987d399879bc
2021-07-15,378.65,381.0,378.0,380.5,https://www.sge.com.cn/sjzx/mrhqsj/10001512,9c09c340265ce7ba826cc506f4388b9f2119a920a9bfb4e06492ee7b5c9e7a2f
2021-07-16,380.93,381.1,378.8,379.24,https://www.sge.com.cn/sjzx/mrhqsj/10001520,6fbf24feb096eadbd910702962928a74a9d3ff4ab2ed0d091a3344af09a539ed
2021-07-19,379.06,380.24,376.26,376.5,https://www.sge.com.cn/sjzx/mrhqsj/10001529,a247233b19fab814935018e1eaf18e591199ade9110aea6a3e7e744e80fb9155
2021-07-20,376.0,379.53,375.3,378.48,https://www.sge.com.cn/sjzx/mrhqsj/10001535,8df6c87c389b9632cb8a8fb76dd059b2f17907cf9f9c38b5087811c3c8997379
2021-07-21,380.1,380.3,376.1,377.03,https://www.sge.com.cn/sjzx/mrhqsj/10001540,21843c1e8d705ab478d3b3ba51d286832e3494905f4bf79a973efe5f70e2067b
2021-07-22,375.01,376.4,374.24,375.01,https://www.sge.com.cn/sjzx/mrhqsj/10001550,2019785d2e349b58e17d9259df659114bf4c401a3df5660d54f4aaece1876b99
2021-07-23,376.0,376.5,373.9,376.37,https://www.sge.com.cn/sjzx/mrhqsj/10001554,2f8698618cede28ad916eade3c37ddbc40ec0a55a7045e8a4234e4512d44d960
2021-07-26,375.1,377.7,375.0,377.68,https://www.sge.com.cn/sjzx/mrhqsj/10001559,37e25e5b765a73c5e1bc516611bf2bf2aa6024af8455e310e22b27effeb8f936
2021-07-27,379.49,379.5,374.11,376.49,https://www.sge.com.cn/sjzx/mrhqsj/10001566,88959f72851a5e9d25c2b2420e35be9cc81a96f3adbf2201ae9f7c81af2aa894
2021-07-28,375.7,378.7,375.5,377.94,https://www.sge.com.cn/sjzx/mrhqsj/10001573,5d8bc89155fc48eb8ebb9b14cb289de202641e9ef56fdf202a0c8f603d4395e6
2021-07-29,376.94,379.65,376.0,378.78,https://www.sge.com.cn/sjzx/mrhqsj/10001581,129d1663caf23372c98953b58ed5ee7956dddda79987fb144652fa29515bfc39
2021-07-30,380.5,381.0,378.8,380.9,https://www.sge.com.cn/sjzx/mrhqsj/10001589,dd7cc064549a37ea1641db2459f491c9f7bf0f7553d688673c04dd6576d145c4
2021-08-02,380.01,380.9,376.25,376.25,https://www.sge.com.cn/sjzx/mrhqsj/10001601,724215fee93647d2813625fc91186a7439f1dec9ce64cfa90755e72a5b60c626
2021-08-03,377.16,377.58,376.0,376.91,https://www.sge.com.cn/sjzx/mrhqsj/10001606,4477656d984b9561ed5d6c9de550caa08d6d974b7651c7645f279b6a8a2bb4cb
2021-08-04,376.42,377.65,376.4,377.46,https://www.sge.com.cn/sjzx/mrhqsj/10001614,dbdf0770d1d23419694639fb86d34034c38e0b31e786bb899ca88172f4c00aa2
2021-08-05,377.58,380.4,376.4,376.75,https://www.sge.com.cn/sjzx/mrhqsj/10001620,3baa639d1a041b554feb396313502df91b33f20fe3d1bd68d76983e53a7ef899
2021-08-06,388.5,388.5,371.0,374.73,https://www.sge.com.cn/sjzx/mrhqsj/10001632,6c61a6fced2628878f4dffff2978e7f2c55c0808e017fae7d85500dc3a0f3c1f
2021-08-09,376.98,376.98,362.5,365.44,https://www.sge.com.cn/sjzx/mrhqsj/10001639,2221c9b655f7fe5c1fbfcef2c9814dd24eae9e716d9c01d2a3dcb44a5415c86b
2021-08-10,365.44,365.5,362.0,363.5,https://www.sge.com.cn/sjzx/mrhqsj/10001645,b7c7bc954e49b0176e1cc47a02e4fa9036e6730cab1ba46a843f917df540f5d5
2021-08-11,363.0,363.25,360.5,362.37,https://www.sge.com.cn/sjzx/mrhqsj/10001650,aaae85cede655fb1aa24b4aac2b325ebfbe8b5dc60a82cc702fbdd9f706b2672
2021-08-12,363.98,366.99,363.08,366.8,https://www.sge.com.cn/sjzx/mrhqsj/10001657,61e88ff44416d8b51055eb4bf7e76589ff0deb190f3dddcfb43393a08796a83b
2021-08-13,366.6,367.75,364.6,367.69,https://www.sge.com.cn/sjzx/mrhqsj/10001664,15dc12ff7c692272a729920a9cb31f3848fe42d7300f9e402e8f1d315b7e646c
2021-08-16,367.0,372.0,367.0,371.14,https://www.sge.com.cn/sjzx/mrhqsj/10001686,781a29742a213a8ae8ba4c56fc03d219b6e409118b167646d1d1bc86092c1314
2021-08-17,370.0,375.0,370.0,374.7,https://www.sge.com.cn/sjzx/mrhqsj/10001693,488340d811bdf74d90e2c21c1aa56cf5f916c176282fee29f28f040286213280
2021-08-18,366.0,375.0,366.0,374.2,https://www.sge.com.cn/sjzx/mrhqsj/10001699,f4863dc746dd53138a476da972ce92624d019681ca4a42c8278da8b8235c6cbb
2021-08-19,371.1,373.99,371.1,372.87,https://www.sge.com.cn/sjzx/mrhqsj/10001703,73d1d19566b0b5edae97b92232e8540d718dca822aa5e21193df28f6900464ad
2021-08-20,373.5,374.99,372.5,374.39,https://www.sge.com.cn/sjzx/mrhqsj/10001709,e25414b9f0669ef0ab4404aed763e805364cf052848729d3336f7ec6b19febd2
2021-08-23,374.4,374.4,371.79,373.66,https://www.sge.com.cn/sjzx/mrhqsj/10001729,c9d42c29920ef206a43b1820257e8afb5d1676ecfd09dd4510ede8c335aefd91
2021-08-24,373.79,377.0,373.79,376.44,https://www.sge.com.cn/sjzx/mrhqsj/10001733,4cc62a8d193ed4866ee9d80b21dc7e040222764a173f231b69f8a575b80bc434
2021-08-25,376.4,377.0,374.35,374.4,https://www.sge.com.cn/sjzx/mrhqsj/10001739,81028dcb6413c7a6be7ec0a58b87e294b7737f7bd78906288e22429545734aea
2021-08-26,375.0,375.5,372.8,373.27,https://www.sge.com.cn/sjzx/mrhqsj/10001747,c72b3e46b71a67e6e59cf034038091a65562a3b9703f6c4addaebc7d86512528
2021-08-27,373.5,377.0,372.1,376.39,https://www.sge.com.cn/sjzx/mrhqsj/10001751,377e72498024a7c7ce243932d3798e07ba762108c33e6077a30ad3761605097f
2021-08-30,376.0,379.78,374.0,377.5,https://www.sge.com.cn/sjzx/mrhqsj/10001767,5ea39ef7a960b1b76774747d7f7611c02379cf00da7393458f7bb4a81a6021d6
2021-08-31,377.51,378.2,376.0,377.55,https://www.sge.com.cn/sjzx/mrhqsj/10001784,9d9eed7eddfc5094fd0a7c17526832e25762b11948fa3e75db9218848390ff9b
2021-09-01,379.98,379.98,375.2,377.38,https://www.sge.com.cn/sjzx/mrhqsj/10001791,62366a4ee323f8a039de7dc898772b6c46a3e7647e5915eb813a834261380a31
2021-09-02,379.0,379.0,376.3,377.29,https://www.sge.com.cn/sjzx/mrhqsj/10001799,1b749ff80b34ceee10558f751b5c6bd144e4601fe2a9cc572e170aad3795e19d
2021-09-03,376.8,377.6,375.63,376.95,https://www.sge.com.cn/sjzx/mrhqsj/10001805,c5d447caa34e15b0e0c5f1bb8ce25eb503c937887ddd15543c53979fcd73af9d
2021-09-06,377.99,380.98,377.99,379.43,https://www.sge.com.cn/sjzx/mrhqsj/10001812,12bdc36537f81155261aae4817c093eebf262d77e50f27352c33d1c937de004d
2021-09-07,380.49,380.49,377.79,378.5,https://www.sge.com.cn/sjzx/mrhqsj/10001817,9fa2641210488cbcafecf3e80f26047f3dac7b19649c4cbe463a983835fe17cf
2021-09-08,378.48,378.48,373.8,374.85,https://www.sge.com.cn/sjzx/mrhqsj/10001824,0789cf5621d2a99e4bbbedd6dc0b51cb9306ff8bece919767761ccb185ca80ed
2021-09-09,375.98,375.98,371.6,373.17,https://www.sge.com.cn/sjzx/mrhqsj/10001829,a4f4ac50b04c1b1ff7d66a2c22c19950c45a477977340ec014d856560a08f624
2021-09-10,375.38,375.38,371.81,374.09,https://www.sge.com.cn/sjzx/mrhqsj/10001836,91050947f37f7f72655e9a4844d7ec34cfa1dca0f916c2f4dec5eaadc161307d
2021-09-13,374.8,374.8,371.8,372.95,https://www.sge.com.cn/sjzx/mrhqsj/10001841,632a8d76126d5b8bf5967ef8f2c981cda16807038773959edfb1b4ff3233d193
2021-09-14,373.0,373.79,372.05,373.0,https://www.sge.com.cn/sjzx/mrhqsj/10001848,097bf6ae8b377c5f055092e2f396279320972a3d59d8a6a461bd577f663f352b
2021-09-15,373.0,375.5,371.4,374.1,https://www.sge.com.cn/sjzx/mrhqsj/10001856,10afcc344d30d371d828bd2f9c113eb9421ed8847e7175312d58a52cbfa45059
2021-09-16,374.8,375.3,370.0,371.09,https://www.sge.com.cn/sjzx/mrhqsj/10001862,345c9368bce012e29cdec60f36075c944a95f5407d632cc1edad238e8199ad95
2021-09-17,370.0,370.0,364.2,367.73,https://www.sge.com.cn/sjzx/mrhqsj/10001874,59fe06b1174f9475aef8794abc32ac8ff785e1270eb5d3b0283fd90b89809f1a
2021-09-22,372.0,372.75,371.0,372.23,https://www.sge.com.cn/sjzx/mrhqsj/10001888,79b30a9816381d802bef6228c346593616fb82acf1f622330949b429f1c008cc
2021-09-23,372.0,372.0,368.05,368.54,https://www.sge.com.cn/sjzx/mrhqsj/10001893,3a24e28ed12aa082cb34a8bb96039fec3db99ed02620abea75734d86ed1da6be
2021-09-24,370.0,370.0,365.11,366.69,https://www.sge.com.cn/sjzx/mrhqsj/10001905,8610c05ca60b5a24631890aa462a3da211506058353be2a6a23c47569b8d190d
2021-09-27,366.5,368.11,364.3,367.74,https://www.sge.com.cn/sjzx/mrhqsj/10001909,d53b28b1f33cf581fa7706b796f35b54833c10937c5b8ae849ce90fdd8fa9181
2021-09-28,367.9,367.97,363.6,364.62,https://www.sge.com.cn/sjzx/mrhqsj/10001918,6763854f9bd204cc97608bc2d0639b1aca499d37a87857c0fd1135f0f861eec3
2021-09-29,364.2,364.39,362.0,363.64,https://www.sge.com.cn/sjzx/mrhqsj/10001925,2453fd790abf97365af2ec769446c173531fc2ed1135f63f1537f7c0e06bef6a
2021-09-30,364.3,364.47,361.0,362.14,https://www.sge.com.cn/sjzx/mrhqsj/10001931,2da1604c5d8526880d3cff8e311e62ba9067fd8a57104351fc6bea0cc8aec6f7
2021-10-08,367.19,367.43,365.9,365.9,https://www.sge.com.cn/sjzx/mrhqsj/10001948,b35a4217d4ac60dfeb5faada2560883ad2318a51b40a3bc042486258de046708
2021-10-11,367.0,370.5,365.0,365.15,https://www.sge.com.cn/sjzx/mrhqsj/10001954,2437777742202b3a722c259e7cc8cde8ed8ed092239f63fbc00a5a4f564202f6
2021-10-12,367.0,367.79,276.99,367.37,https://www.sge.com.cn/sjzx/mrhqsj/10001964,994fa9f50a7ef9bf8ad8ce5ec006f2e2b06dc1ce5db9898c15925138046ef815
2021-10-13,367.1,368.2,366.6,367.16,https://www.sge.com.cn/sjzx/mrhqsj/10001970,de35db9727b3b52ff46d8dc279e408da81d5a70663541957208702ce13863232
2021-10-14,369.5,372.49,366.4,371.99,https://www.sge.com.cn/sjzx/mrhqsj/10001979,7e4668fb85a5b126e1e91e4870223508681c33324e6e526c193437e6eb6646dc
2021-10-15,372.8,373.2,371.0,371.09,https://www.sge.com.cn/sjzx/mrhqsj/10001987,e6353c7798995aef80a0840f08f2108c2186c3fafb9651b512d95a7580bc6a73
2021-10-18,367.09,370.49,366.01,366.36,https://www.sge.com.cn/sjzx/mrhqsj/10001994,336b1ec0b7af04234399d54e41df99d5cfa35087400e361c0bb5a244ea2c67b3
2021-10-19,367.74,367.97,366.03,367.87,https://www.sge.com.cn/sjzx/mrhqsj/10002000,5155d5dc730710d8f098691c7420df3fda84e85f66268c6cd3093f9d200a0635
2021-10-20,367.8,368.1,364.5,366.64,https://www.sge.com.cn/sjzx/mrhqsj/10002006,0b9144a8d6dce49c3b2998648c38fed89e13b4523dcccf5d523543a5fa707cdd
2021-10-21,367.54,369.0,366.2,368.2,https://www.sge.com.cn/sjzx/mrhqsj/10002012,b6830908ad8120d93bd4a720237489c3f60be6c67c568f88bf408560404373dd
2021-10-22,368.0,370.0,367.3,369.89,https://www.sge.com.cn/sjzx/mrhqsj/10002016,899622f75d55ffa42fed61f7062fc8bc3742ba17da9c713e33bd232dffacf5ef
2021-10-25,369.5,372.5,367.01,369.5,https://www.sge.com.cn/sjzx/mrhqsj/10002030,479775866eb10be17c5e1fb172f68e4acb367b10a94e15a7026e1fe772193ac7
2021-10-26,371.8,372.3,370.01,370.45,https://www.sge.com.cn/sjzx/mrhqsj/10002036,58d214f6aa1595dfb26eb9101c4388a86e2ae9e26b73b535306c5dbcabddf3c8
2021-10-27,370.99,370.99,366.51,367.49,https://www.sge.com.cn/sjzx/mrhqsj/10002042,577149a4c8118e6a339c77934713c4443fd7321e1628768eab1a210bb9c14225
2021-10-28,368.5,371.76,367.5,371.67,https://www.sge.com.cn/sjzx/mrhqsj/10002051,3848dc97024cfaf7cd352528f7c8356d008ac8194b4ce16562ea1624f038c0c5
2021-10-29,369.09,372.0,369.09,370.19,https://www.sge.com.cn/sjzx/mrhqsj/10002055,bf188dda177d446d92c296b590c65d37712be02a9738a32a1d1635308ccc143d
2021-11-01,368.0,369.5,366.65,368.58,https://www.sge.com.cn/sjzx/mrhqsj/10002064,f4a5e16b68539225a55c04fbee5fdf5c755881a242c51253e0386017a989f770
2021-11-02,367.0,370.5,367.0,370.23,https://www.sge.com.cn/sjzx/mrhqsj/10002073,15f6e330537d910dafe6e2ca54710e83776b09c94875c734752c66b6391af5bf
2021-11-03,370.63,370.63,366.8,367.35,https://www.sge.com.cn/sjzx/mrhqsj/10002076,234008e9562134203899374eb230cacff8e076979235c47c8373e64283e6b123
2021-11-04,368.29,368.29,364.1,366.4,https://www.sge.com.cn/sjzx/mrhqsj/10002085,faae5c96dbb581c0e78ca6e444c1524f977bef8140e2a2597ebcfc329ff34f61
2021-11-05,366.8,371.0,366.8,370.89,https://www.sge.com.cn/sjzx/mrhqsj/10002091,0fa23cb6fdc2314d4d71c8721ea053542149902c5f3e105e853b4f8f6e4cc70b
2021-11-08,371.97,376.2,369.6,374.61,https://www.sge.com.cn/sjzx/mrhqsj/10002097,685189840a836b7c68254f9b8de1033bc43d1d03d9cf8370ac52022823fe9567
2021-11-09,374.0,376.5,374.0,375.89,https://www.sge.com.cn/sjzx/mrhqsj/10002102,93a042419d5929eeacdde1abaa5530ada1c8d5de925e602f17f263684a8dd439
2021-11-10,375.8,377.2,375.3,375.67,https://www.sge.com.cn/sjzx/mrhqsj/10002111,1e67c9c11c1c954482ff160e2378ac2d51ed02883e67be6dbac551b2c6759b04
2021-11-11,376.4,383.0,375.6,382.2,https://www.sge.com.cn/sjzx/mrhqsj/10002116,540ae929d7d06d24c050aaa899c4b33c72907d51d1ba8740bf00faaebcc37019
2021-11-12,383.0,383.7,380.0,382.15,https://www.sge.com.cn/sjzx/mrhqsj/10002121,53dcd18f9b2ad0451b672f3ddb87a2eb032c9400c934c5bfaa9c84dcc0e0a6a9
2021-11-15,380.0,383.5,380.0,380.68,https://www.sge.com.cn/sjzx/mrhqsj/10002128,e7f1359fd4b5f87cbeb8daf0c05c810181dc0ce1fdf6fb778effc6ae6333af75
2021-11-16,381.5,383.5,381.04,382.39,https://www.sge.com.cn/sjzx/mrhqsj/10002134,66689e72e81b48dccafefe91238f1ee8ad8c5a2fe940f6d35a0e573d4b4a0fc1
2021-11-17,384.99,385.5,380.0,381.7,https://www.sge.com.cn/sjzx/mrhqsj/10002140,a450f5e174141c9ac1d0a122f116b79a320f5f181ca2d29662bbf8a6b1d7049d
2021-11-18,381.7,383.7,381.4,382.5,https://www.sge.com.cn/sjzx/mrhqsj/10002146,750866b2d3c8225a51d7762e4b32844821dbdbdc2b26c80cfec3c250872b746d
2021-11-19,383.0,383.19,381.02,382.68,https://www.sge.com.cn/sjzx/mrhqsj/10002160,bde66aa526922a633e83d397707cbc903d864c5157fec955c7dbeb428046a7be
2021-11-22,383.2,383.3,378.2,378.51,https://www.sge.com.cn/sjzx/mrhqsj/10002171,8ca4d047554c72b56e3bcf09e4059a3bb4eb8bb9e6f5e6ddcfcb9a820b553c99
2021-11-23,379.5,379.5,371.0,372.48,https://www.sge.com.cn/sjzx/mrhqsj/10002173,94824e819f3c22ef88e423f92c1591eb59629b86dee636bdf162529af1ea7dba
2021-11-24,368.53,372.0,368.0,369.89,https://www.sge.com.cn/sjzx/mrhqsj/10002182,6f49729b129464245faaa2344259527c8789436eef7c20bc523db732119b7c1d
2021-11-25,368.5,369.88,367.5,369.78,https://www.sge.com.cn/sjzx/mrhqsj/10002190,a1b77667002cc87c07a30629bec6bdde09296aea0c84028a0b78f270510139c0
2021-11-26,369.76,372.2,368.2,372.18,https://www.sge.com.cn/sjzx/mrhqsj/10002193,7846aadc47fc108146d6e9408f506a6826274ec073e8b339f70b8c4602450084
2021-11-29,373.0,373.0,369.0,369.44,https://www.sge.com.cn/sjzx/mrhqsj/10002204,7acd6e4cb1b4e2196850e6b6ebf62bde196e115d34e8a4977d4c0e37ff704016
2021-11-30,369.01,369.5,367.25,368.51,https://www.sge.com.cn/sjzx/mrhqsj/10002210,724735fd1497729f4d8933c08d5d2f7ae3f56879489dccd5c43d52f27a8d2326
2021-12-01,369.0,371.0,364.75,367.32,https://www.sge.com.cn/sjzx/mrhqsj/10002214,bdc3de9ee3c4e409e798982a79b21b811647242177db9a4795d5f3f99c8025fa
2021-12-02,368.18,368.18,365.2,365.55,https://www.sge.com.cn/sjzx/mrhqsj/10002219,099c9e83d376d9a9925fa2df646636129df23ec780ae3e7f4803577948f10c9e
2021-12-03,365.99,367.6,363.7,365.16,https://www.sge.com.cn/sjzx/mrhqsj/10002228,4e7d1e67a1d632c9d47a23f5c60558e5d058ad93ea3b26c2d1c418939cb14d54
2021-12-06,366.56,368.0,363.59,367.99,https://www.sge.com.cn/sjzx/mrhqsj/10002236,ddc0e9ab92ca8970fe54dad660f81da16c8bbec2bcc1534524edd4b6841564a3
2021-12-07,368.89,368.89,366.4,367.47,https://www.sge.com.cn/sjzx/mrhqsj/10002243,49171f8697a90f74e81c97aa3393e68aa49dcbca4068d1d4e6d63e7018f6fa6a
2021-12-08,367.47,376.18,365.3,367.73,https://www.sge.com.cn/sjzx/mrhqsj/10002248,d567040576b0c70495b462c7224693ef5515cc3a4c572d077c9df21ca6c9a79c
2021-12-09,366.4,367.3,365.6,366.67,https://www.sge.com.cn/sjzx/mrhqsj/10002250,eca9c24eb5bbbbfc9456e6617cdde028b5298883da43028bfaa713415dc78f8d
2021-12-10,365.8,367.1,364.5,365.85,https://www.sge.com.cn/sjzx/mrhqsj/10002260,4e9a7e03f533bb5f69f7847aeb4864d748df5828e3eb236997e6de680f53ac02
2021-12-13,365.5,367.77,365.21,367.52,https://www.sge.com.cn/sjzx/mrhqsj/10002265,ab2ab8696d19bebb830e1afe96b8fd37d33259c849f149b668acc3096cd5ea18
2021-12-14,369.0,369.0,366.8,367.63,https://www.sge.com.cn/sjzx/mrhqsj/10002270,5ff586114c8e9dbd740d033a3c057e094d364b26eef37ac2e35ef5875c28e702
2021-12-15,366.9,366.9,363.6,363.94,https://www.sge.com.cn/sjzx/mrhqsj/10002280,ec9981f6a83b09729443ba8c3b7d3dd9907bee4f7a3e83da0c486f97b21ef426
2021-12-16,365.0,367.75,363.41,367.35,https://www.sge.com.cn/sjzx/mrhqsj/10002286,263e1be6204cc2a275026a2b45385448bd1676627a773a6afd6f9f81ee3fb050
2021-12-17,367.5,372.1,366.5,371.99,https://www.sge.com.cn/sjzx/mrhqsj/10002294,7c4542045605ac274f1c9a3c06f91946db57be76c3ac5c929357a8b67a37a125
2021-12-20,371.53,373.5,371.0,371.0,https://www.sge.com.cn/sjzx/mrhqsj/10002311,33057f1a17ab078f56d6f61679a0dce1cf69e7ee1bd9e97fab4e059f7ef3a784
2021-12-21,369.51,371.0,368.4,368.9,https://www.sge.com.cn/sjzx/mrhqsj/10002322,0137855011faafa1347a51bc17b621992c7254a53386290ee66c093632b9113c
2021-12-22,371.09,371.09,367.8,367.8,https://www.sge.com.cn/sjzx/mrhqsj/10002324,6e026b88e5c3f7fd3e6f879331b69b4174be0bcb5d9196816687e23d60c9eec4
2021-12-23,369.0,372.02,368.5,371.82,https://www.sge.com.cn/sjzx/mrhqsj/10002330,63df7a6c8daa7b5927fe2ba36d5097844508e22d72245c66aea41fc84dda41e8
2021-12-24,371.5,372.89,370.1,372.69,https://www.sge.com.cn/sjzx/mrhqsj/10002337,7d529be08107f1487c579e51f3fe61acee3a3ef28eb0f974ac2d3413c65421ab
2021-12-27,371.6,372.94,371.51,372.27,https://www.sge.com.cn/sjzx/mrhqsj/10002344,93b7236c5154e0a286487d60e29f6b3165a81f3287addb46059ea492ee5acd86
2021-12-28,378.8,378.8,260.88,373.55,https://www.sge.com.cn/sjzx/mrhqsj/10002349,bb1d7a5f064f5904e8c459f79f6722da26055cdb662f0c869cc05836883fba8f
2021-12-29,373.6,373.8,371.15,371.61,https://www.sge.com.cn/sjzx/mrhqsj/10002356,43cceb83c79bca7215b88a4117a8e66c3b38bdf36943581d508c6677a9f7006b
2021-12-30,360.8,371.1,280.01,369.79,https://www.sge.com.cn/sjzx/mrhqsj/10002361,b75d8913db314fc2e005a924852fe200cd66ba5bf34b637b6582e93a5c076e3a
2021-12-31,370.7,374.48,369.7,373.85,https://www.sge.com.cn/sjzx/mrhqsj/10002363,18b4cd24d50f629cb6e31b86ccb5657b1909fe7f109a348449cc0d16cc71aff8
2022-01-04,373.0,373.0,371.0,371.3,https://www.sge.com.cn/sjzx/mrhqsj/10002386,b844cf214fd814592293a60eb3b06a13f8680eaa12e57afcb72379a15acb084a
2022-01-05,371.3,373.97,370.4,372.84,https://www.sge.com.cn/sjzx/mrhqsj/10002394,21e0aeb208a2f785fdbf6f3e181aa31d8039dc1b2d826e360d8af4376334a6b8
2022-01-06,373.6,374.8,369.7,370.84,https://www.sge.com.cn/sjzx/mrhqsj/10002400,d3b57b2b80a79831781eb89484e5a61679da477b5d6914e231eee11ef79ac178
2022-01-07,372.6,372.6,367.9,368.37,https://www.sge.com.cn/sjzx/mrhqsj/10002407,261a6da73bae4bbd086599741ef7842baad08fde18e74f49d8f43c4b2d03001a
2022-01-10,367.01,369.8,367.0,368.87,https://www.sge.com.cn/sjzx/mrhqsj/10002416,262e80ef0c86bf5a1387cb584659b8bb2a1955bf36e328509d543e67c4f89c57
2022-01-11,370.5,372.5,368.8,372.06,https://www.sge.com.cn/sjzx/mrhqsj/10002423,a7e13d0893759f02aff7af3f3d0718db1ef2133835cd4d98cceb6f7ed57e0083
2022-01-12,373.3,374.7,370.9,373.31,https://www.sge.com.cn/sjzx/mrhqsj/10002430,0bd0b1a4dc03cc056159318d80d8b97da79202f18e21ad37d6f0d90efb32374b
2022-01-13,373.8,374.9,373.05,374.29,https://www.sge.com.cn/sjzx/mrhqsj/10002434,5db3ff68bd6c22426ace7d5fc76857a5385675ad8b597a628caecbb7727847e9
2022-01-14,375.25,375.25,372.5,374.18,https://www.sge.com.cn/sjzx/mrhqsj/10002440,cee2b305251a9f1834c34f1e318eebd5f8ae5dae0aa472148d571dab3eccd969
2022-01-17,375.0,375.0,371.91,372.89,https://www.sge.com.cn/sjzx/mrhqsj/10002448,dd68b2e5938fc7489798c50a49fde86ce2a039fc989b0cbfddbb8053e5911c3b
2022-01-18,371.0,372.9,300.0,371.64,https://www.sge.com.cn/sjzx/mrhqsj/10002454,c887ead186c891191465095fe27d93176fdd5ee52e69a0c733fdc2bf877cb481
2022-01-19,372.8,374.1,370.6,371.8,https://www.sge.com.cn/sjzx/mrhqsj/10002460,41a6dbe48ce4985e4bd9475a2a33cf959cb5d870c641941c711a8f7da3c85e84
2022-01-20,372.0,377.0,372.0,376.39,https://www.sge.com.cn/sjzx/mrhqsj/10002468,c6aae8a879c06bde43c4199fffa7c4f8d43f2774315b366b54b187799ed11016
2022-01-21,374.5,377.6,374.5,376.64,https://www.sge.com.cn/sjzx/mrhqsj/10002472,42d963ae64e53e094683e8866de5398485ff08d71aca9af52fb214da8709b7ea
2022-01-24,375.05,377.0,374.8,375.72,https://www.sge.com.cn/sjzx/mrhqsj/10002491,c14237fbccb0f35f9b025fe0b8228f2ec33ff98a07f7d95f91b7324c5884130f
2022-01-25,375.21,376.49,374.0,376.34,https://www.sge.com.cn/sjzx/mrhqsj/10002499,906c259a2cbb11ef32d0c06121066152c9b23e23d72dc196b7634395f6f23156
2022-01-26,376.0,377.38,375.5,376.67,https://www.sge.com.cn/sjzx/mrhqsj/10002508,4a4a6a005e4a18703e2e9ea619ecc6de3b4ee19fda6a01be4c8c3029cbb367af
2022-01-27,376.22,376.99,369.8,370.28,https://www.sge.com.cn/sjzx/mrhqsj/10002512,903e56fafe8320620f1c5e8908f20d280fb404a15bd869bf000ea6ffca04c21e
2022-01-28,370.8,371.9,368.1,369.04,https://www.sge.com.cn/sjzx/mrhqsj/10002519,3e0657f329fafffe2c7709d4f5e09a8643b24e7a21562528281f334a5ec3f6c9
2022-02-07,369.47,371.54,369.47,371.35,https://www.sge.com.cn/sjzx/mrhqsj/10002526,1925d85aa2802557893eedd6598690934a63442b7a7683e59aa7f717b8c45ef8
2022-02-08,371.02,373.78,371.0,373.11,https://www.sge.com.cn/sjzx/mrhqsj/10002536,8b66df0f65ae2f490a1eb9427fc4ac04b7b060d40533e71dfa6dde8481b3d2b1
2022-02-09,373.4,375.1,373.0,374.87,https://www.sge.com.cn/sjzx/mrhqsj/10002543,05f47fb3422371ab977bad4c8fa2b598ba76c1cf1dbe6dd8c61f9e1a384dbdd3
2022-02-10,374.95,376.3,275.05,375.7,https://www.sge.com.cn/sjzx/mrhqsj/10002547,a9b3f333a33e8037d2ee19f8e96aac83cdd1061ec64d5f619a0fcea94f252353
2022-02-11,375.99,376.0,373.7,373.84,https://www.sge.com.cn/sjzx/mrhqsj/10002552,9b288658f67bc0c33b3c724a8dab30528d4db5a258b0e42900484efa95ee300e
2022-02-14,374.6,381.15,373.0,379.9,https://www.sge.com.cn/sjzx/mrhqsj/10002570,d7105f3b54dc355551b67df4c8a735a3852e7e42618d52bbe839df408180b884
2022-02-15,380.68,384.35,379.9,384.04,https://www.sge.com.cn/sjzx/mrhqsj/10002575,77364533a4cf3891246cf6ca3ae1600e0f5e47dc6df2e4d5d1d1ee898a80b3c1
2022-02-16,380.0,381.9,367.59,378.94,https://www.sge.com.cn/sjzx/mrhqsj/10002581,65fe7d0303f772e23d9c6491a85e72c04756b013d867d6506b28e9ff10439062
2022-02-17,378.52,382.8,378.01,382.29,https://www.sge.com.cn/sjzx/mrhqsj/10002587,9a34535504ed33e2e7db47bfee04e2fb1175c05a6f74f46d0ce43efeb2d9875a
2022-02-18,384.99,386.6,383.2,385.47,https://www.sge.com.cn/sjzx/mrhqsj/10002592,1a52b862c62eb8b9e921f2494974385918a1115a735a5ac37511bb16cade18b4
2022-02-21,385.47,387.29,384.1,385.28,https://www.sge.com.cn/sjzx/mrhqsj/10002596,8e2e5290c4835f98fc7e8fce2210313435e5a7cac73c4601e971ffaf98fa0a8e
2022-02-22,385.4,390.58,385.4,390.44,https://www.sge.com.cn/sjzx/mrhqsj/10002601,ff6e4d8423b06f78b5009adbf434d4a3a38f31b080564365e4fc29e6ccba7c09
2022-02-23,386.36,388.29,385.98,386.41,https://www.sge.com.cn/sjzx/mrhqsj/10002606,46f73e759410aea7188746fe966f63862dde6bcbf8fe03bb81e22d7fb78ac7a0
2022-02-24,385.33,396.75,385.3,395.14,https://www.sge.com.cn/sjzx/mrhqsj/10002612,8991d89d43a7092182a4d2cfbea19aa530fb03856893b1f0454dd4937f0a307f
2022-02-25,396.8,399.99,388.0,389.61,https://www.sge.com.cn/sjzx/mrhqsj/10002617,14b55355ff7e768f53972381ad328f32e8105ca7d5809cffa07f8dface47d70a
2022-02-28,386.5,390.0,384.0,386.7,https://www.sge.com.cn/sjzx/mrhqsj/10002632,29d67a86c768561cb47d4059b794640c598c7605c06bee89cc6019f60ffb0bb5
2022-03-01,387.5,389.5,385.0,387.9,https://www.sge.com.cn/sjzx/mrhqsj/10002638,c0b72355a9a2c0787a7722b0dbb08404ec5f184505282e4b7b8bad1be872c737
2022-03-02,390.5,394.8,388.02,394.67,https://www.sge.com.cn/sjzx/mrhqsj/10002645,427e48c55a466b6e024ba63a469c94a57f85642cac503f5314cea9120d7e89ba
2022-03-03,394.67,394.67,390.5,391.95,https://www.sge.com.cn/sjzx/mrhqsj/10002652,54fcfccc317dd900695b1ad178a254bad25967a78802a82766ab7a27e55dcff0
2022-03-04,393.0,395.6,391.6,393.99,https://www.sge.com.cn/sjzx/mrhqsj/10002658,81a2ebbe466a97f6b0dfdc4a92de5102d3a6f8ad4062282930a00e42a3a29671
2022-03-07,393.99,405.5,393.8,401.5,https://www.sge.com.cn/sjzx/mrhqsj/10002671,55bdfd61310e63fddd245c1643e1b464ec2e9ea98cf0c6aa11f809981942167e
2022-03-08,402.9,410.98,398.5,409.96,https://www.sge.com.cn/sjzx/mrhqsj/10002676,f9436d6d9023468d1102cdcfbb803993c6cbf0fb04fc5f065a0f404dc1925aa7
2022-03-09,405.0,418.0,405.0,415.11,https://www.sge.com.cn/sjzx/mrhqsj/10002684,1d57f53398865356f91c811ab3773e9899e50a6cea2fccfe148c255b8a8d01ce
2022-03-10,410.0,410.01,399.3,402.1,https://www.sge.com.cn/sjzx/mrhqsj/10002690,94a64995655c477a67cd879f6f83f5ec56ede0e38ce3d1610b0a7f6eaadc8001
2022-03-11,405.97,408.0,402.8,403.6,https://www.sge.com.cn/sjzx/mrhqsj/10002698,28d47383012b78c2c796745f5771d5d82e50e86293d7d423215973bd51b4ba0f
2022-03-14,403.01,404.5,399.8,400.69,https://www.sge.com.cn/sjzx/mrhqsj/10002704,addef9923fa2c5d83424fe6c5da26fc74295e36869549fdbec984ccb87c13fcc
2022-03-15,400.0,400.19,392.0,393.7,https://www.sge.com.cn/sjzx/mrhqsj/10002712,81a213c45f3e273e423bb1ae5d4e689a446994aa2938172eab6a9363310c8753
2022-03-16,390.0,394.8,389.8,391.31,https://www.sge.com.cn/sjzx/mrhqsj/10002716,c66dc441022f9ca3d02c7569a636f7dd4bfe1e3fe3341c1a3e2527af1f3cd4f7
2022-03-17,391.0,395.0,388.06,394.09,https://www.sge.com.cn/sjzx/mrhqsj/10002719,317195a3c7ab54666a4075bd19e33e3bfe57cc4cf86910d54c059fc706366750
2022-03-18,395.9,397.49,393.4,395.64,https://www.sge.com.cn/sjzx/mrhqsj/10002729,63026fba55f6d91af86c6612f83aac98d9717c6a4b20a257c17ce61298be2337
2022-03-21,396.0,396.4,393.0,393.66,https://www.sge.com.cn/sjzx/mrhqsj/10002751,f56ce7f0ac7f69eaa71974ecc8bba2bc22930559608597e150474d8d049626b7
2022-03-22,393.16,397.78,393.0,396.25,https://www.sge.com.cn/sjzx/mrhqsj/10002754,d286275cc7ce226f065da3ee21076cc80a6f1d4872548c1b71c26276c104df5c
2022-03-23,394.6,395.5,392.5,393.81,https://www.sge.com.cn/sjzx/mrhqsj/10002759,f05960dbd6650a4bb432f0385b7f991f64dc0b2a303338b64f32607355749a11
2022-03-24,396.0,399.59,396.0,398.0,https://www.sge.com.cn/sjzx/mrhqsj/10002765,96965572cc870001ba3712bf2683e9fae9d9c08d34edf0a720ec27aa8a2bda75
2022-03-25,400.99,402.4,399.0,400.0,https://www.sge.com.cn/sjzx/mrhqsj/10002770,e79245069bc35ece9c180386775f476ccadd94d0763e558174b0701c2fa7652d
2022-03-28,398.5,401.6,396.5,396.5,https://www.sge.com.cn/sjzx/mrhqsj/10002775,31455ba19c8015728d22e3dd15b293ed609cee7411d881fdc2c91757f31feac4
2022-03-29,397.0,398.7,394.0,394.0,https://www.sge.com.cn/sjzx/mrhqsj/10002787,3c8963b733186a5532a13fb92acf630d6aa0e02ed808ad0999c2baf13c173e5a
2022-03-30,391.5,394.54,387.7,393.84,https://www.sge.com.cn/sjzx/mrhqsj/10002795,b8127819e5a67b50e3d00cf8f5adcfc3a5453df43ed234969ca34de3343a85c5
2022-03-31,393.85,395.5,392.15,394.14,https://www.sge.com.cn/sjzx/mrhqsj/10002803,2c473ad6104f1276de7154601ff954eedc31b6f7f709d82fbe3bf9b365f38677
2022-04-01,394.3,396.8,392.61,395.2,https://www.sge.com.cn/sjzx/mrhqsj/10002808,a7d5f99f9f252adb416d5906c31427fa1ee9e3afee41cc636f400453988dbb2e
2022-04-06,393.89,394.97,393.0,393.2,https://www.sge.com.cn/sjzx/mrhqsj/10002829,ae154f6b018eb0913fdf4d75a9e85a7a2e56bc4d520b801f625a32dae35891cb
2022-04-07,393.02,395.52,393.02,394.3,https://www.sge.com.cn/sjzx/mrhqsj/10002840,c3164779dbea8ba37cf443e93ca67b44f27bc1c8d4dccdc74dce4f3baaa6ee3f
2022-04-08,395.44,396.15,394.3,395.12,https://www.sge.com.cn/sjzx/mrhqsj/10002846,bdb675e322368073a89bac34ca8bbd4cf29d21b68632a0f40765e508471d46e2
2022-04-11,396.0,399.0,395.58,398.39,https://www.sge.com.cn/sjzx/mrhqsj/10002854,27dbe615e933e4e445fb9624a9faae0a5a07e6f1ae85f1129197dae6b3b00c66
2022-04-12,401.0,402.5,398.05,400.28,https://www.sge.com.cn/sjzx/mrhqsj/10002859,616a3d4344f5a37228b3253424db1f4ede4ace4991c0c5ca366b4f3263cf6067
2022-04-13,401.48,403.49,400.05,401.91,https://www.sge.com.cn/sjzx/mrhqsj/10002864,bae6562808cc8af6878ebefeb6cda896a9f6416c26c0e4c0fdc15c1391bea728
2022-04-14,403.8,404.5,402.8,403.41,https://www.sge.com.cn/sjzx/mrhqsj/10002866,b3f96d1344cc1bbc7e9d67a602fcb0dd96597e566af01a0da4deea33e3ff4cbf
2022-04-15,403.51,404.98,402.0,404.48,https://www.sge.com.cn/sjzx/mrhqsj/10002876,809f03bbe78346828686a05ef7f9a55a43080295fde20f4c4920adeee40ef423
2022-04-18,402.45,407.2,402.45,406.82,https://www.sge.com.cn/sjzx/mrhqsj/10002883,c3ccc932c0e7e2894b7e5dfc38c9a752a56b531fab9bae5e13851713454a2869
2022-04-19,407.33,407.59,403.65,404.81,https://www.sge.com.cn/sjzx/mrhqsj/10002888,3f06e7b1b9db3e6e8f90553c80f677bf1f14681b1ef0e36fa75a39757566c115
2022-04-20,405.0,405.85,398.6,399.86,https://www.sge.com.cn/sjzx/mrhqsj/10002893,c669585afb95dda9045b9ec6bf906621e413a718c497745cc09e5da0441e4f5c
2022-04-21,401.0,404.38,400.6,403.7,https://www.sge.com.cn/sjzx/mrhqsj/10002895,50b20353c7da065c1070f695e4bb4376ad024d2fe5605fa2017826eba3022ca9
2022-04-22,402.5,406.0,401.0,405.74,https://www.sge.com.cn/sjzx/mrhqsj/10002907,543e246f8e8e1de3d38087e2f927f9a14ba1a33667f0bab0762ad41d24e81dd6
2022-04-25,404.0,406.5,402.75,403.98,https://www.sge.com.cn/sjzx/mrhqsj/10002931,f5fa53c31541b5f195df5a0990306b761833e0d0c18e0d4f3c8a684172acf70b
2022-04-26,402.99,402.99,399.1,400.17,https://www.sge.com.cn/sjzx/mrhqsj/10002937,e2f279229d9cb25ee3e7e027b05e98d19f8601318e58a2fd273c329580cab98b
2022-04-27,401.0,402.19,400.0,400.64,https://www.sge.com.cn/sjzx/mrhqsj/10002942,79c689fad9965d8328876212eba552b9769df4ede528219d4faf6fd5c8511868
2022-04-28,400.58,401.2,397.31,399.95,https://www.sge.com.cn/sjzx/mrhqsj/10002944,c8af0933438faa9f42c46214f980d3ee9d38acbf785f00f88924c1be1fa453d0
2022-04-29,401.6,406.4,401.0,405.2,https://www.sge.com.cn/sjzx/mrhqsj/10002957,795300c1603715400125849890704427e2481c01b9c7991b51d5137d4c930acf
2022-05-05,403.51,404.19,402.05,402.69,https://www.sge.com.cn/sjzx/mrhqsj/10002969,fee0dcec944bf366750dac0e2616a902102f367b8118c2fa2f0e0eaa08e9e392
2022-05-06,404.0,406.0,400.7,403.0,https://www.sge.com.cn/sjzx/mrhqsj/10002977,448f790669cd0ef30b4d9923599ef32809c7d1ab287686cbee6c8e26255f5a1b
2022-05-09,403.99,405.0,402.3,403.8,https://www.sge.com.cn/sjzx/mrhqsj/10002989,4be8ac69e0f39386442a428e9e7f0e2f0b28ced1fadac4863544e5f9796fdd87
2022-05-10,402.8,404.7,401.4,402.36,https://www.sge.com.cn/sjzx/mrhqsj/10002996,0c03e3696b9af0914e0666e680bf823b06c15f907268824f1dc5d2194b3cbe37
2022-05-11,401.58,404.99,397.5,400.35,https://www.sge.com.cn/sjzx/mrhqsj/10003001,49a1b187aa83911cd93304d07068e73817b7c486412eae7d4e4ccc3f53363e46
2022-05-12,400.1,403.5,400.0,402.69,https://www.sge.com.cn/sjzx/mrhqsj/10003007,21a238b5beb555aab925808a892972043d59b4c3bff6714cfbfe903231147c67
2022-05-13,402.5,403.45,398.91,398.95,https://www.sge.com.cn/sjzx/mrhqsj/10003014,8050030dc5e2a09020c3504b2db64d502755a8c88939140d73e24c3d17c95087
2022-05-16,397.6,397.6,394.8,396.26,https://www.sge.com.cn/sjzx/mrhqsj/10003021,ad86bd8b0bb1e3b9dbc1e78051337a5cc0ee41f2f69f7045cd162f9b481d3822
2022-05-17,396.49,398.3,394.45,397.18,https://www.sge.com.cn/sjzx/mrhqsj/10003027,8ed839f20700fcc2eba06e3664e0d39378d540cbb0a0aa54917dfa43d165f369
2022-05-18,396.9,398.19,393.2,394.78,https://www.sge.com.cn/sjzx/mrhqsj/10003033,b502b81c4f1395f8580111e84430d22b71232cecbf1cab78d4d31f8257a6d738
2022-05-19,395.0,396.0,390.09,394.86,https://www.sge.com.cn/sjzx/mrhqsj/10003041,b4197d502f583756e59dbdf3bde202317bf6f2ed5d021329e58f9a1d7b07dafa
2022-05-20,397.0,399.0,396.6,396.61,https://www.sge.com.cn/sjzx/mrhqsj/10003046,edbd66b78a100f7453921f16148d1e481a4a53a115812d2b3440ce600640d6e4
2022-05-23,396.25,399.3,395.4,398.23,https://www.sge.com.cn/sjzx/mrhqsj/10003052,8605e6167221e47fa0557224bc1927e265a6e28f3338af958b9b66800e7606eb
2022-05-24,398.0,399.39,396.5,399.31,https://www.sge.com.cn/sjzx/mrhqsj/10003059,76f5ef265eef6f89dcb6fc25a31476716f9abd9833bed7669e4077de2eee4de9
2022-05-25,398.6,400.0,398.0,399.36,https://www.sge.com.cn/sjzx/mrhqsj/10003064,aac36121dd92d4be2cd612b3aed0b60520291843d065e37ab5fcc52ec0a9995c
2022-05-26,400.0,401.1,398.5,400.87,https://www.sge.com.cn/sjzx/mrhqsj/10003069,6478eb530d1a7c879899e2fdca185d63bcf80452b42341f55b4e12380f538735
2022-05-27,400.0,402.7,400.0,402.5,https://www.sge.com.cn/sjzx/mrhqsj/10003078,e7862f138d6a7fc7d5c3e7184eed27927150071f0ed680bf39f8a4babda3f786
2022-05-30,401.4,402.2,398.5,399.09,https://www.sge.com.cn/sjzx/mrhqsj/10003090,1b4176b136be175bd203fb29d3a52199f3d0fc13b158330a7f34ca9ea8452dda
2022-05-31,400.5,400.5,397.31,398.35,https://www.sge.com.cn/sjzx/mrhqsj/10003097,e4f8d7885c934e463618e7714509df0458b1c3770731cf956e2835233b828178
2022-06-01,400.0,400.0,394.8,395.62,https://www.sge.com.cn/sjzx/mrhqsj/10003103,b2140c14e13db08be90eb3e21791c0d61bcf136bf1f59324dd36fb7fa106706c
2022-06-02,395.5,398.8,394.8,398.22,https://www.sge.com.cn/sjzx/mrhqsj/10003111,1afc2a150594fd02cf82e5e438cd080ad8e66ed8ad6984446b52bc622941f7fe
2022-06-06,399.99,399.99,396.7,397.0,https://www.sge.com.cn/sjzx/mrhqsj/10003120,5f48179963473f9af5858ca8ffe81e5e7891a05a482698efe8f594a0008ef3c4
2022-06-07,398.75,398.75,394.8,396.31,https://www.sge.com.cn/sjzx/mrhqsj/10003126,66cf806e069e0435c6b34581b113e2c46226a44e28ae9e6a2e48f277fd505b5a
2022-06-08,398.0,398.49,395.0,397.0,https://www.sge.com.cn/sjzx/mrhqsj/10003134,08fe8e24ef519d6dc499bce35d46e929150ce90996d3f0a71fd759fdc76ac95a
2022-06-09,393.99,399.53,393.05,398.29,https://www.sge.com.cn/sjzx/mrhqsj/10003141,e67f699eb2a57534dc2d858260c20b29ea10abd517485996753f1d80287af56e
2022-06-10,397.0,398.3,396.66,397.19,https://www.sge.com.cn/sjzx/mrhqsj/10003147,77f0ba978718007981ac1d1a70ca7abec6828ebe2a2520f1c2157b588935d7a1
2022-06-13,396.5,404.6,394.7,403.02,https://www.sge.com.cn/sjzx/mrhqsj/10003153,c070613a012e6beccad646f45ff4207d8477601a7df629a473443f3d215d19eb
2022-06-14,403.0,403.0,395.5,396.48,https://www.sge.com.cn/sjzx/mrhqsj/10003161,b36217303cc79ed9ab20811499455164afae6dbff154760bcb3da1984584ad69
2022-06-15,397.8,397.8,393.01,394.34,https://www.sge.com.cn/sjzx/mrhqsj/10003167,8d1fc36eeb5bdd55437355e50cf86c5aa80e01ccfc4e847a77e32e5dd03d0aa8
2022-06-16,396.3,396.5,393.5,395.2,https://www.sge.com.cn/sjzx/mrhqsj/10003172,7a24bd95772a4a4053763f9301fdd554545fce775e335eb33e5cd2086b1b413c
2022-06-17,397.9,398.19,392.8,398.09,https://www.sge.com.cn/sjzx/mrhqsj/10003177,3e60eaa71c9b0f9ad5d637fc802dc26ab63564e682ad17924d34b5416fd94101
2022-06-20,399.0,399.0,396.2,396.69,https://www.sge.com.cn/sjzx/mrhqsj/10003182,7c0068b067eedce3cef59af225c31871a1df0a67e51ee036f1794c1a5dbf3649
2022-06-21,398.0,398.0,395.45,395.46,https://www.sge.com.cn/sjzx/mrhqsj/10003189,91ae8961de2aaf4bc3983b359a9c7e99dfcf45361cc5cf73f119a35a20f665d4
2022-06-22,396.8,396.99,394.8,395.91,https://www.sge.com.cn/sjzx/mrhqsj/10003196,a7ac66365aba74e5aa91c6b5bb7921f0834a64052d28cc3551f1b0f6d287705d
2022-06-23,398.0,398.2,395.9,396.08,https://www.sge.com.cn/sjzx/mrhqsj/10003199,e9c96b2e0412cea1d91a7a4a12341ea13df3c311b4cd606420e48c9db4e63fbd
2022-06-24,396.2,397.5,393.0,393.85,https://www.sge.com.cn/sjzx/mrhqsj/10003204,8ef6b330d0a9304dd6d9a6ac966d6e117119d5f9110eb4b4c3511befb01029ed
2022-06-27,396.0,396.8,392.8,396.11,https://www.sge.com.cn/sjzx/mrhqsj/10003216,c3bfd0c641d3d0a6dcfec7743ff96818f0e2d1fcbbeee31cc84a9093823c1e1d
2022-06-28,395.2,395.5,393.0,393.87,https://www.sge.com.cn/sjzx/mrhqsj/10003224,633adf282ddb50722357df155aea1440ef154612bc5be72ca7d413bb6cd27733
2022-06-29,394.99,395.64,392.51,392.68,https://www.sge.com.cn/sjzx/mrhqsj/10003229,2605fd7b0ac65793136a8c1b854cea0229727637d41a6162b75fbab4702b6464
2022-06-30,394.0,394.9,391.7,391.7,https://www.sge.com.cn/sjzx/mrhqsj/10003236,5ad6604ee8eb0b849430b66fed665418143c71178a5b2fc1375cb82c6e1ccc31
2022-07-01,393.0,394.0,387.71,388.42,https://www.sge.com.cn/sjzx/mrhqsj/10003242,f84f051ccb6040bdfeac796adf33eb113ab417cd485d73d638e419d1fe9ac3bc
2022-07-04,391.0,392.32,386.0,390.59,https://www.sge.com.cn/sjzx/mrhqsj/10003249,71df2d4ff59bd7e892baac0826bbd6b213fa892616dbfe433336988d00ecc35f
2022-07-05,391.3,391.3,389.5,390.01,https://www.sge.com.cn/sjzx/mrhqsj/10003256,1ba25b8a2968cec3ed3b174a03eb8ec788c0d4dc7d8dbe038eda4fbb2084e287
2022-07-06,390.0,390.0,381.3,382.64,https://www.sge.com.cn/sjzx/mrhqsj/10003261,c4d1942cd32a796eb681d1a5db8c5dc388a74d3374c483b52b1b9d16b7be7f53
2022-07-07,384.0,384.0,375.1,377.29,https://www.sge.com.cn/sjzx/mrhqsj/10003264,24cfb5ba600eb9a2d3d051cdefc4cd6d6362b1af60a2ee48d19eb6a10e81e1f4
2022-07-08,377.0,377.99,375.9,376.19,https://www.sge.com.cn/sjzx/mrhqsj/10003273,65dd389893909782688df4ece479e83b9a3e4d73be697079a39d10815f3c3344
2022-07-11,379.5,379.5,375.0,376.5,https://www.sge.com.cn/sjzx/mrhqsj/10003288,f593db07eafc7979c51b35b656f6d02fcc4757354b4bb1f2b56fb665a9c216c3
2022-07-12,376.0,378.99,374.6,377.27,https://www.sge.com.cn/sjzx/mrhqsj/10003294,38201acafb5c1864bccac4f3a418662db9a514c014eb0db61b2b8496728d8590
2022-07-13,378.5,378.5,374.0,374.7,https://www.sge.com.cn/sjzx/mrhqsj/10003300,7defe9a81e379adab8a8d32f552d353c70f84fc9ec97092c500a44326e927650
2022-07-14,377.2,378.47,372.0,374.29,https://www.sge.com.cn/sjzx/mrhqsj/10003306,7b036b28048071346abcdc5a46af66e5066bd744f79da6a611ce744d972d845c
2022-07-15,377.27,377.27,371.3,371.89,https://www.sge.com.cn/sjzx/mrhqsj/10003312,f009feb6e882244594de6b5cfc2e700487b984b04655a02599e2b23ae1653601
2022-07-18,372.8,374.0,371.2,374.0,https://www.sge.com.cn/sjzx/mrhqsj/10003323,df4ee4371dc4a9246a907f8f3a23240356ccf8b3fa7ae6e2eccc13402c1c96c2
2022-07-19,374.66,374.66,371.9,372.43,https://www.sge.com.cn/sjzx/mrhqsj/10003328,86e650cc4349faacd5d67300c8189911398ecc0708c4c4de47911d584a0dab80
2022-07-20,373.5,373.5,372.1,372.4,https://www.sge.com.cn/sjzx/mrhqsj/10003334,38b49e332c79905595d58c54c9a4e723312ed3b2235c5194b5e6493957fcc1ed
2022-07-21,373.5,373.87,368.11,369.57,https://www.sge.com.cn/sjzx/mrhqsj/10003339,095885985cd37c3448f175f915f2234fe7de7a0037f75156ab92673b10825e70
2022-07-22,369.79,375.7,369.1,375.68,https://www.sge.com.cn/sjzx/mrhqsj/10003345,67f981d2179dff625d188ba9bd3cfd73a1b8c310b10cbd076b003d24f3be636f
2022-07-25,375.98,378.0,375.4,377.08,https://www.sge.com.cn/sjzx/mrhqsj/10003352,9e914d244913c840d87422e0e1dff74bc2ee1835ecfc78ab34e193e7baa14472
2022-07-26,377.9,377.9,374.5,377.18,https://www.sge.com.cn/sjzx/mrhqsj/10003357,6233ed929546832f762fedb093a03751ea2ac1456ee7873c3f2f3ecd521b9910
2022-07-27,377.0,377.0,375.0,376.07,https://www.sge.com.cn/sjzx/mrhqsj/10003364,52334f2931890ce9c6256bd19a2f604f79e67bb69cf6163d2329b665b6deb058
2022-07-28,375.51,380.3,374.8,379.5,https://www.sge.com.cn/sjzx/mrhqsj/10003373,e23ea342f89c26fa9f28586266a122272876c41dc68cdfda2deb5004762e2329
2022-07-29,371.0,385.1,371.0,383.96,https://www.sge.com.cn/sjzx/mrhqsj/10003377,b302232b2074f597cab82a622a00199b3c4f3b0ad43abd1e11f5c82deba6c36f
2022-08-01,381.0,386.6,381.0,385.13,https://www.sge.com.cn/sjzx/mrhqsj/10003389,5c6db8e6a4349a377686ae93d81064071ea9f357ceeacf7083d9dd55d22f671d
2022-08-02,386.95,389.7,386.0,387.16,https://www.sge.com.cn/sjzx/mrhqsj/10003395,6e02f27818c1844dfc8a46f3270aa824615a36b21748c36f746c0f10da7a2a39
2022-08-03,388.8,389.96,383.62,385.58,https://www.sge.com.cn/sjzx/mrhqsj/10003400,1d3f7684cd059cacd3c92cc480331996435849eed04cc015e9e38a9460528783
2022-08-04,386.47,387.8,384.0,387.05,https://www.sge.com.cn/sjzx/mrhqsj/10003407,250ece551c0d3ff7768bab44144a85dd647dce3fdd06be64b7291172e897bf58
2022-08-05,389.0,390.38,386.8,390.19,https://www.sge.com.cn/sjzx/mrhqsj/10003414,d67ea5d21d64f34520d7b70f51b7f601b04778296eb32c776f6ca6c1db1c6d33
2022-08-08,387.0,389.7,385.95,388.02,https://www.sge.com.cn/sjzx/mrhqsj/10003421,131f7854597a74c94a89cda135b66b85f46befb4b0375a3d4efe6e528951c344
2022-08-09,389.0,390.0,388.35,389.32,https://www.sge.com.cn/sjzx/mrhqsj/10003428,26b4bc31d6d16b61c95fda6416c6aaa499a878917080616db21e6378a922f791
2022-08-10,390.2,391.8,387.0,390.27,https://www.sge.com.cn/sjzx/mrhqsj/10003433,287d37427a55ee2d038df1767a685bd870df9ae32e469df261be3542d94d6b0d
2022-08-11,387.09,392.45,336.2,388.7,https://www.sge.com.cn/sjzx/mrhqsj/10003438,6c6e60a76845515f49e90c8aacf5fce488e5956b879def6a510b5d300282c872
2022-08-12,391.0,391.0,389.0,390.17,https://www.sge.com.cn/sjzx/mrhqsj/10003444,88d9cf049434e86db4c728ab9e7528d7e2accc4bc7058334c86c4b7accb7d3e4
2022-08-15,390.0,392.0,388.5,390.64,https://www.sge.com.cn/sjzx/mrhqsj/10003451,ad19b770c567dff28824c2d91e96dacdc2b1bc4aa97d69899481937d33892a98
2022-08-16,388.51,390.97,388.2,390.27,https://www.sge.com.cn/sjzx/mrhqsj/10003457,45f482bfb57779844b58130a0095a80dcd0d35ad5b77821020aaf4367ba8ab1f
2022-08-17,391.3,391.3,388.61,388.72,https://www.sge.com.cn/sjzx/mrhqsj/10003462,f2e8e9d5b652ae9e6e8a86746f366740f576c7a40f84b3aca6a0adcecef8f410
2022-08-18,389.67,389.67,386.5,387.2,https://www.sge.com.cn/sjzx/mrhqsj/10003469,4e0fe1231f002d83e41e2e4f40318b6bd7dca82c6b2c97aa9d97b5a95616f138
2022-08-19,387.0,388.5,384.0,386.13,https://www.sge.com.cn/sjzx/mrhqsj/10003479,d8f9b03717c73930f81fa3496fcc178efe8f1e4c332a514118d0ee2a69873dfb
2022-08-22,387.2,387.5,385.0,385.07,https://www.sge.com.cn/sjzx/mrhqsj/10003489,2d2a0d6a88127befae3bd3aaf006b5cc1172e8ef8396b9b789eb3132f156e916
2022-08-23,384.6,387.39,384.4,387.33,https://www.sge.com.cn/sjzx/mrhqsj/10003495,c2973a253c9b89bace41678010ba60fac656a33acbcff2614598a29a77cdce84
2022-08-24,387.3,388.97,386.2,388.88,https://www.sge.com.cn/sjzx/mrhqsj/10003500,6a63e7e9ff41956724fba53b442fad3b17272d7ad71090e59d46a742efd9680a
2022-08-25,388.98,390.15,388.2,390.04,https://www.sge.com.cn/sjzx/mrhqsj/10003506,96b77f5898978b8ea4d4be8f54404f88216d53c43f3d55d3176690e0735578ef
2022-08-26,388.1,390.99,388.1,390.47,https://www.sge.com.cn/sjzx/mrhqsj/10003513,e2d01cfed1ed04c2d970a4761ff8988b9397c072734789a8eecd759172085c9f
2022-08-29,389.2,389.5,387.0,387.5,https://www.sge.com.cn/sjzx/mrhqsj/10003521,5ff42784412c3de5d88e71914a735bd2bc5c645bd687fa1f08550b472e9d8088
2022-08-30,388.5,390.1,388.05,388.9,https://www.sge.com.cn/sjzx/mrhqsj/10003528,13fd8b167fbdb3b7171e157b7401a87f31df4a12751c153e887144a478ad15b7
2022-08-31,388.6,388.6,386.4,386.83,https://www.sge.com.cn/sjzx/mrhqsj/10003533,67343ecd6be7700a0bfb385bee351e8f4b4da36ba1712c25b6f3c339af885954
2022-09-01,386.7,386.7,383.0,384.26,https://www.sge.com.cn/sjzx/mrhqsj/10003539,b1f815f79d222edfa997218188f77e2a81565076def3a7f7456537c68c78dc63
2022-09-02,383.0,384.89,381.01,384.34,https://www.sge.com.cn/sjzx/mrhqsj/10003545,c839dca0f8b0dd308fce9b2283bf459a199b2ef92d06301b21942186f016e7f0
2022-09-05,383.5,387.49,383.5,387.14,https://www.sge.com.cn/sjzx/mrhqsj/10003568,1a3e32dbbaa7b49aaeadce6c1efc21b0c1de4932498bde925f4e77cbe55b5a2a
2022-09-06,387.0,389.3,385.5,388.75,https://www.sge.com.cn/sjzx/mrhqsj/10003575,e461f90e244e19358b2d46a7dcb84bb074765661f20b03a7e06e6c6497afa51a
2022-09-07,389.0,389.0,385.51,387.39,https://www.sge.com.cn/sjzx/mrhqsj/10003582,6c33d071d905a4a599e36b53fbe5cc0a808f384140f81d54efd20ec1c116b016
2022-09-08,388.5,389.99,386.62,389.73,https://www.sge.com.cn/sjzx/mrhqsj/10003587,4e38ad84b9d16c77b5466d173dc3999a5f31304889809e28106263b357b7a846
2022-09-09,390.2,390.5,387.5,390.13,https://www.sge.com.cn/sjzx/mrhqsj/10003589,bd6b375abf48aae7533efa05a0f270dcf0013e4aeb36e07501e580416f4949e2
2022-09-13,389.5,390.0,389.0,389.37,https://www.sge.com.cn/sjzx/mrhqsj/10003610,0af0a5524ed38a0f79b12fb81f4c11c28b149e03e7de46ce59529eb63e403f9e
2022-09-14,390.5,390.5,386.5,386.66,https://www.sge.com.cn/sjzx/mrhqsj/10003617,0501d31ad27d51674e9cf87d021ec2395813384f8233415fbe0771561a57efe7
2022-09-15,387.6,387.85,384.81,385.36,https://www.sge.com.cn/sjzx/mrhqsj/10003629,4032e350179dbae4ee0c5519548685d5a78c3c61fc27403f933b72db552104b4
2022-09-16,386.0,386.0,383.0,384.64,https://www.sge.com.cn/sjzx/mrhqsj/10003635,bfeb0cd3b1b803e450f8149a19699b9e41c838e44439fde7e6dd30ec62457971
2022-09-19,384.8,385.97,384.0,384.3,https://www.sge.com.cn/sjzx/mrhqsj/10003641,f6959ab2dc15766c3510ee6da8763336b5fbf57ba3d5fd9368f4261f8f88b057
2022-09-20,384.8,386.7,384.15,385.58,https://www.sge.com.cn/sjzx/mrhqsj/10003647,849cb9c029c267da5eb95bd1d8393c7e54c92e3d870feef8617d24d65182a57e
2022-09-21,385.58,386.99,384.0,386.76,https://www.sge.com.cn/sjzx/mrhqsj/10003654,8b0a1feeb35919f931b39cb7edd759b113c717e65d95c39ccdf4d57f1ae74f67
2022-09-22,387.17,389.0,384.0,385.71,https://www.sge.com.cn/sjzx/mrhqsj/10003660,3e88890ef384fab6a5b4b6d8187648805ca383b1b408c42a287fd96f07ecc4cd
2022-09-23,387.0,388.1,386.51,387.96,https://www.sge.com.cn/sjzx/mrhqsj/10003670,4a2c0422b91880aa53dbf760d46a836e6e6c77e395f8456bc9a06431dcda38f6
2022-09-26,385.5,385.99,384.0,385.84,https://www.sge.com.cn/sjzx/mrhqsj/10003691,74b97d94fb888da9e1bf7dccfe7da21f01ad09b808d91438bbf6465ff0d1585e
2022-09-27,385.0,386.0,383.65,386.0,https://www.sge.com.cn/sjzx/mrhqsj/10003702,6e3aa517c1c3c7888ec9f766a147485aebbc95abe7271acc9fc2f36bdbb56e6c
2022-09-28,386.0,387.35,385.1,385.83,https://www.sge.com.cn/sjzx/mrhqsj/10003708,9d2ff854b5ef78ed899353b9f03a5917ca46f96151d993ff85e22943d415decf
2022-09-29,387.0,389.97,386.5,389.0,https://www.sge.com.cn/sjzx/mrhqsj/10003716,78bde1a18bd5a76d7f9bc196931a00436e8cb2ab42c2b6f71889a43b10b03d7f
2022-09-30,385.5,390.4,385.5,390.0,https://www.sge.com.cn/sjzx/mrhqsj/10003721,d5526dbc29ac3ea707a440ce59a3c5037e6c17f5df9a1cd7bd025018881aee0c
2022-10-10,390.0,396.1,390.0,392.49,https://www.sge.com.cn/sjzx/mrhqsj/10003730,93117cabe20c0275b479dfebda697e996e4beca20dd364cbdf37cdb779c944b8
2022-10-11,391.2,392.9,391.2,392.01,https://www.sge.com.cn/sjzx/mrhqsj/10003737,1f3d480e02e1d88b720ee7e12da23d0cdcbaf8649c22b6fbec8d20c434e57b4d
2022-10-12,392.01,393.0,391.8,392.57,https://www.sge.com.cn/sjzx/mrhqsj/10003742,a30d37295afb1dbe8591fc29101b3f8f5964440627c893fe00df66d70a38d876
2022-10-13,392.08,393.3,392.08,392.83,https://www.sge.com.cn/sjzx/mrhqsj/10003750,cc18f30d10ab80247368bfbe5473fdb1a5745414691237abbfdb3c390216f540
2022-10-14,394.0,394.0,390.5,392.45,https://www.sge.com.cn/sjzx/mrhqsj/10003755,59076b8d238f5cedc9697d68e6738c11bd1bdc7bc7506538c989c1ce4eae17eb
2022-10-17,390.2,392.0,390.0,390.97,https://www.sge.com.cn/sjzx/mrhqsj/10003776,95a33652d287bcb055f7fc28a112a10470d26e0a4aef1d2755320502c4f1fbb1
2022-10-18,391.0,392.01,390.45,390.8,https://www.sge.com.cn/sjzx/mrhqsj/10003784,33dca28674c27c00767fed245537e6697247bd441077aeeb77cf1923b73c1c50
2022-10-19,391.0,391.54,389.85,390.01,https://www.sge.com.cn/sjzx/mrhqsj/10003791,d344f81f0ddde0f46cbd5aeafb3b5fe29d4c5aec8b35074aafc06ba4217f1660
2022-10-20,390.0,390.05,388.3,388.6,https://www.sge.com.cn/sjzx/mrhqsj/10003796,6a081ad43170eefe0376a57effafe3380c8b9010ea7f2477900a58caf6fbaaf1
2022-10-21,390.0,390.0,388.01,388.93,https://www.sge.com.cn/sjzx/mrhqsj/10003804,1fb74e42ee71e8cf422a439f4c1c97851774c2dd742071c5b580a179c60dc5e6
2022-10-24,388.3,393.5,388.3,393.32,https://www.sge.com.cn/sjzx/mrhqsj/10003845,d90f64a33bea9162925ea811a53537f31e7f7b6f00d363a434952f1d01f41cc9
2022-10-25,393.4,394.88,393.05,393.68,https://www.sge.com.cn/sjzx/mrhqsj/10003851,447f86f1d9568eb9896195f3ae867711f63fe9de8d3581bbf50be334be1a7ade
2022-10-26,393.94,394.9,393.4,393.96,https://www.sge.com.cn/sjzx/mrhqsj/10003856,8f13f59d208f66086d01349094c5bb674079ccee3eb1e3dff670dca6efdcf6dc
2022-10-27,392.8,393.97,392.4,393.18,https://www.sge.com.cn/sjzx/mrhqsj/10003871,772de9a3e5a5a5c29667d5b86bdca39a5f37f18d99f8b5e363954d84ba9ddd79
2022-10-28,393.0,393.99,392.5,392.55,https://www.sge.com.cn/sjzx/mrhqsj/10003879,20ec4d1563fda1ba183753e85f4ed534c8cf81a04753c0ae00371ff4c4d1f375
2022-10-31,392.5,392.6,391.05,391.76,https://www.sge.com.cn/sjzx/mrhqsj/10003888,3c3dbcf645406a8ce444653fcb9c7f554c8a9cadd9cf6436be9319e5353fd7f0
2022-11-01,392.0,392.48,391.05,391.99,https://www.sge.com.cn/sjzx/mrhqsj/10003893,bb315badd6491fce4cf84d6db4acc514e44e21597060eb87b56b257cb35a6c9b
2022-11-02,392.97,393.39,391.56,392.6,https://www.sge.com.cn/sjzx/mrhqsj/10003908,75862558afcd7685b077a40aea24afd87be72d8583160c4b611834fc796aaa2b
2022-11-03,392.97,393.9,391.5,391.98,https://www.sge.com.cn/sjzx/mrhqsj/10003914,1e6b7f648d451273bb9ba0044d7e10efb8a0dc2fcc873e17c75c12bd874fee9b
2022-11-04,390.48,392.82,366.01,392.7,https://www.sge.com.cn/sjzx/mrhqsj/10003921,318e37ec01bf97414791112c84b19bfc2dd75c77a7a2535f293c1664cd9ed7a4
2022-11-07,391.4,395.0,391.4,394.5,https://www.sge.com.cn/sjzx/mrhqsj/10003931,39dd234e747050a43626e59482091af6558c3b29fe8b09c3b29c3a977487c9e2
2022-11-08,394.99,396.0,394.4,395.18,https://www.sge.com.cn/sjzx/mrhqsj/10003937,1db7c93a94d3324aae1f0118a3d38e09cf621931292fac666ed38bdd8c52174a
2022-11-09,395.99,403.8,395.5,403.56,https://www.sge.com.cn/sjzx/mrhqsj/10003942,9eae5373f63c6d00f0b569b554ba20e1fc23c2555325fbd78be696b55470e20c
2022-11-10,403.02,404.5,402.0,402.53,https://www.sge.com.cn/sjzx/mrhqsj/10003947,f1a444fcd3d24b939faef9ad941dc8c26f0127ee02c65ee5484ddd484fdadd53
2022-11-11,403.65,410.0,403.5,407.19,https://www.sge.com.cn/sjzx/mrhqsj/10003952,8bd525f9fdb15fe9e0cb13b7fcaa6575a3ad21ab4d51b237fd463ff47bc35d62
2022-11-14,410.0,412.51,400.0,402.47,https://www.sge.com.cn/sjzx/mrhqsj/10003960,6dcc9a6d6792c936aec83c57e4b79aa9f37a2d84f3453dd9ac2d4fb45bfef465
2022-11-15,403.6,406.3,403.6,404.99,https://www.sge.com.cn/sjzx/mrhqsj/10003966,25aec5ed3dd3c2f2afdc1ccbb3e583c9c7dbf621d1acacce6bbe82a56c64d440
2022-11-16,406.0,407.15,405.0,406.77,https://www.sge.com.cn/sjzx/mrhqsj/10003971,dd5a5129cacd205eaab619644451eba97028a96a8df85a51a07f538fc376633f
2022-11-17,407.5,408.3,406.78,407.31,https://www.sge.com.cn/sjzx/mrhqsj/10003977,c68fa17dbfb73b4fb2f882840f11d6de57b0700fb5decbf5f7a61bf3ccead1fe
2022-11-18,408.0,408.0,406.6,406.6,https://www.sge.com.cn/sjzx/mrhqsj/10003985,3a458c7387f63d8ae13cd7fe8b80379de36a8210b9f0b9a8686dfb2881cbf673
2022-11-21,406.3,406.5,404.01,404.71,https://www.sge.com.cn/sjzx/mrhqsj/10003990,d144a68c6c55e1237ffe95c03b3089aaf823fd2c0f5e92e870d1a317a5df6873
2022-11-22,406.9,406.9,404.0,404.93,https://www.sge.com.cn/sjzx/mrhqsj/10003996,44efcf440abe8d65c320aa39609accb0e6f5173c0d91a19179375b725c384cf2
2022-11-23,404.5,405.2,404.1,404.35,https://www.sge.com.cn/sjzx/mrhqsj/10004002,85a658bed273e334f619a09c88c441eb379041569803c4602da984527f41e7df
2022-11-24,404.3,406.8,404.0,405.9,https://www.sge.com.cn/sjzx/mrhqsj/10004007,95452478a3fcc61489e008a4f140c573bb25c120ab412cec5769f361bb2ead72
2022-11-25,407.89,407.89,405.25,406.3,https://www.sge.com.cn/sjzx/mrhqsj/10004013,419d7bded46d69e446ec9f25e134d378a9b385bdab84e775e322823e05503611
2022-11-28,407.5,408.94,406.7,406.87,https://www.sge.com.cn/sjzx/mrhqsj/10004019,a3fc2ee59e9f800ef0d0f1958c5bea1f1b03c198bdf443a328ee5c6419979fa1
2022-11-29,408.2,408.5,405.83,406.68,https://www.sge.com.cn/sjzx/mrhqsj/10004028,6ba29c58ea02b17ee063ddd8a5ae4ea71af008a5f1f0613c2833335e32f7cb3f
2022-11-30,407.0,407.0,405.0,405.76,https://www.sge.com.cn/sjzx/mrhqsj/10004033,f38101b81eae3ef6fed23beda9d317d22b1f3f4a7e43eac90eace6a8ecc3c3e2
2022-12-01,404.3,407.5,403.2,407.48,https://www.sge.com.cn/sjzx/mrhqsj/10004038,6188e8239d318e94d62b61aed26c377e5aa77cb50b0717d94e4b78cb1ade6a3b
2022-12-02,407.75,410.0,407.5,410.0,https://www.sge.com.cn/sjzx/mrhqsj/10004042,d111d2ccc11fe2a8f960da4d75fc05715fdc8bfc4d4e9dda1db42fe96b2772c9
2022-12-05,408.0,408.9,405.05,406.17,https://www.sge.com.cn/sjzx/mrhqsj/10004052,02a9f4ed2915bc707daf2520f6552b60a9cba51b2ae905ab68c77066c2a99a1b
2022-12-06,404.4,404.69,401.5,403.56,https://www.sge.com.cn/sjzx/mrhqsj/10004059,389833e8a6925f3bb1c1045cd13b7cfc4727bb15aae1d0a60d77de7b61ad3d98
2022-12-07,403.5,403.5,401.21,402.4,https://www.sge.com.cn/sjzx/mrhqsj/10004066,a7b5cc8da46b583e2808d8c8c1f4e5fe85cba63d50b34dd0ecffd2b3a2c4662e
2022-12-08,402.0,403.58,401.8,403.41,https://www.sge.com.cn/sjzx/mrhqsj/10004070,31cce081bcbfd2586534bf0f9b360b225a1cedc68a7a255283f871e7a44fdbb9
2022-12-09,403.0,405.0,403.0,404.72,https://www.sge.com.cn/sjzx/mrhqsj/10004076,c564c857574a0e6437678e5365c125946a3659d4081d73516ccba40a6aca524b
2022-12-12,405.5,406.5,402.6,403.69,https://www.sge.com.cn/sjzx/mrhqsj/10004091,b8a44f3a2b57a95dccef26509572f345094938e1a7b8f2ff44da4a9b834c6fb3
2022-12-13,404.0,405.0,403.2,405.0,https://www.sge.com.cn/sjzx/mrhqsj/10004097,e0243ed440401d9a02b01264fecc6bd933210a193b54821b8f69bbfcaea4ad29
2022-12-14,404.54,409.0,403.0,409.0,https://www.sge.com.cn/sjzx/mrhqsj/10004103,cafc5ed4083dc1376e07b6a64e3a5033b31ccfff1889ab300da25389ef726841
2022-12-15,407.0,408.0,404.38,404.38,https://www.sge.com.cn/sjzx/mrhqsj/10004109,e2696466ef61a4b8704de62ff878c7e5561cd73048a81b9b2117a0020a39fe83
2022-12-16,402.8,404.0,401.8,403.69,https://www.sge.com.cn/sjzx/mrhqsj/10004115,6ba74f259ba82db8db08c6f1c55a9886d9c77d99d746d9c7c95069fc1735bb96
2022-12-19,403.4,406.75,403.4,405.79,https://www.sge.com.cn/sjzx/mrhqsj/10004122,0d59e59286e29bba1692c43296327f5a388f465a8d3f6738d097034a6dd6a04b
2022-12-20,405.6,406.1,404.2,405.78,https://www.sge.com.cn/sjzx/mrhqsj/10004128,10788048f4c42433f19b68a525b44c33ba927bdb2d20b82edb6effc3cf7c3e79
2022-12-21,406.5,410.48,405.8,409.98,https://www.sge.com.cn/sjzx/mrhqsj/10004134,d440934d4422bc2af56e5f822d388dfdd526463ce98e15b9bc6eb476690fe9af
2022-12-22,408.6,410.8,408.3,409.94,https://www.sge.com.cn/sjzx/mrhqsj/10004140,9d5fcb9d1f08895a38a8672f5f74cace7213ad9770e7f48d298267082d659602
2022-12-23,409.94,410.98,406.0,409.03,https://www.sge.com.cn/sjzx/mrhqsj/10004148,2638321d3eae52117574fa93f400885c6a7959941dd5441faf62ec29584c0a45
2022-12-26,404.07,408.0,404.07,407.53,https://www.sge.com.cn/sjzx/mrhqsj/10004170,edee806f6f7b182a83b38288ecd4fe5d9165a67a9d3d9777f31c5d18bf976451
2022-12-27,407.2,408.0,406.59,407.98,https://www.sge.com.cn/sjzx/mrhqsj/10004175,7c600a0f4f40b2149bcb6259ecd256cb0959b29503701641af56ffb35439de8c
2022-12-28,408.5,410.0,407.5,408.99,https://www.sge.com.cn/sjzx/mrhqsj/10004180,a4140997b0aa725733d72f3e42bb71d5eec7260d6540dfe185c63fda734282ca
2022-12-29,408.5,409.1,407.0,407.19,https://www.sge.com.cn/sjzx/mrhqsj/10004185,871214f6d0a15b8f55fba0fa93e62e2f4ec3cd98f5fe04b06a2e3091fd1952a0
2022-12-30,408.0,411.23,408.0,410.49,https://www.sge.com.cn/sjzx/mrhqsj/10004194,a8e7931006d0042af7e84b732643f5d91c8a2def4924cef379858f12a9942544
2023-01-03,411.0,412.5,409.0,412.26,https://www.sge.com.cn/sjzx/mrhqsj/10004210,1c2d4b4370304b6db3c91a281a3916b4ed8637f949ba5c715aa0aebba0a505b0
2023-01-04,410.5,413.98,410.0,413.84,https://www.sge.com.cn/sjzx/mrhqsj/10004217,7b806da33dac4dd2c27498680da5d951590df3e3e79b5cca8bf41b22e1e6fa25
2023-01-05,413.4,414.2,412.3,412.73,https://www.sge.com.cn/sjzx/mrhqsj/10004222,e7bbe23f5bc0597cbd8f6f4fe456a175a7b7779cf4065f208d3d712ceb28bceb
2023-01-06,412.2,412.2,408.5,409.35,https://www.sge.com.cn/sjzx/mrhqsj/10004228,8e08c79fcf9dd8b112b4e13f92d54b10fcf5a9013ca78c0497f70e8f3f45378d
2023-01-09,407.0,414.49,407.0,413.42,https://www.sge.com.cn/sjzx/mrhqsj/10004237,3a981b046d5a4b88e86cfd3c28592960210c0a6e2907243e4307d44703bb5275
2023-01-10,414.0,414.2,412.2,414.13,https://www.sge.com.cn/sjzx/mrhqsj/10004243,7a43853609578526af9d36b0262aad49e696d162278e03eede4d3f55fbef6190
2023-01-11,414.0,415.0,413.58,415.0,https://www.sge.com.cn/sjzx/mrhqsj/10004248,9b23c4d7e9329759e5595ec91cbee3783676d2c30d44d1d256f4384b22c524df
2023-01-12,414.25,414.51,412.0,414.37,https://www.sge.com.cn/sjzx/mrhqsj/10004253,ff4cd82c2a1ef804403240e5b2a025e1ced99e6cf8ed3a2c4978abe9f07fc15c
2023-01-13,414.7,415.0,413.0,414.43,https://www.sge.com.cn/sjzx/mrhqsj/10004269,c9e78816d405c4ff3ccaaa01364c38cb4948c507f674b6baed7fe5028ba06acb
2023-01-16,415.0,418.4,413.3,417.21,https://www.sge.com.cn/sjzx/mrhqsj/10004277,a60e22419d3af9b7ea8fffdf643bb13f266edae5f0424868ac2b3144c011c66f
2023-01-17,418.0,418.89,417.5,418.19,https://www.sge.com.cn/sjzx/mrhqsj/10004282,580d63891b5c3496c7b789b58a80113c5ad03c080715f6ea9903204c72e8b70b
2023-01-18,419.5,419.5,416.39,418.23,https://www.sge.com.cn/sjzx/mrhqsj/10004288,58ce3a162663ffab77adce0ad04c5a7f55decd8b6d3a0d95c0656afc2c0aa9a3
2023-01-19,418.23,420.0,417.3,419.21,https://www.sge.com.cn/sjzx/mrhqsj/10004293,116b0e266bf91b00cb56daedf0046aa1c1ce0fac930e23589279493d943ae19a
2023-01-20,419.21,423.5,418.0,422.45,https://www.sge.com.cn/sjzx/mrhqsj/10004299,9236eda794badfbbe9cdc451b2204224e3ca724569c5e34dbe957189b426814b
2023-01-30,425.0,425.0,420.0,422.67,https://www.sge.com.cn/sjzx/mrhqsj/10004307,3c4ac309187f6a1a8dce8a3fccfb05929b086e905db65ac72075320a2cb5a1aa
2023-01-31,421.0,422.0,418.3,418.33,https://www.sge.com.cn/sjzx/mrhqsj/10004312,d2b3071052906094048da5e835c8ad90a32fb6346b40c363f93aa4e04aca451d
2023-02-01,416.0,423.0,416.0,421.67,https://www.sge.com.cn/sjzx/mrhqsj/10004319,808cb06a3c243e7f1a07abac19814658db9b447c11eb906d431838371fff7c7e
2023-02-02,421.5,425.9,420.5,425.85,https://www.sge.com.cn/sjzx/mrhqsj/10004324,bd8cb61d5da63d45ab97a8e81fba9e9f05f9c32d0ee706ce849961e0cf435915
2023-02-03,425.8,426.1,418.5,419.52,https://www.sge.com.cn/sjzx/mrhqsj/10004330,83a208007c0a055247581f09f58420ce844cb4cdcbc293561f417ef2f5e81809
2023-02-06,420.0,420.0,413.3,414.04,https://www.sge.com.cn/sjzx/mrhqsj/10004336,881b22e942ad3c07602cc0537fb9cc48d5882ae7e7c52db045053ffd1c4299a4
2023-02-07,414.5,415.0,412.55,413.0,https://www.sge.com.cn/sjzx/mrhqsj/10004342,fa84fbb9cff64059bea5c81099031a95d1c06f5da0da0a49fe7651e116ce6013
2023-02-08,413.6,414.0,412.0,413.45,https://www.sge.com.cn/sjzx/mrhqsj/10004347,8b0de3658744fb1baefdf4d0cf364b9e123563e5ae96bb5f1f0a2767448a2749
2023-02-09,414.8,414.8,412.5,414.54,https://www.sge.com.cn/sjzx/mrhqsj/10004352,14d6797899bbc38a56cfd6ff5eb53938add0f11a6bc19784743f5dfd704a730d
2023-02-10,414.25,415.0,410.4,412.65,https://www.sge.com.cn/sjzx/mrhqsj/10004358,7340ce85eac1a2bee8919705975309a05f9b22cb95029a3c038d45441c37288e
2023-02-13,412.2,414.1,412.0,413.83,https://www.sge.com.cn/sjzx/mrhqsj/10004366,3198018c3badd77a5d81afbd6f231e8ab2879e1559fc0f13196b58c6e721e9d6
2023-02-14,413.3,413.9,411.1,413.08,https://www.sge.com.cn/sjzx/mrhqsj/10004372,278cd9ba780c0595f1dbb30623fa53f2a0322552b96204c2f48c893d40b680f3
2023-02-15,413.0,414.15,411.95,412.4,https://www.sge.com.cn/sjzx/mrhqsj/10004377,8273352a19b8c7f173b1e554ddd808618b77cfe0be82fe5405c741b993352b22
2023-02-16,412.01,413.99,411.0,412.0,https://www.sge.com.cn/sjzx/mrhqsj/10004383,c76501d082c8cbac19aa820b3c431ff89c39950ebfb064f1c6aee6ac7349aae3
2023-02-17,412.0,412.7,411.0,411.35,https://www.sge.com.cn/sjzx/mrhqsj/10004388,b27aa3e431131f28e6ea8ffd39617432da50259f272edff6268337d6ccee354f
2023-02-20,412.5,414.17,411.8,413.15,https://www.sge.com.cn/sjzx/mrhqsj/10004394,c710353d51b4d83859eaa45b058a73dc5309e06a240300b8c937b0bca8b093d9
2023-02-21,414.0,414.0,411.6,411.8,https://www.sge.com.cn/sjzx/mrhqsj/10004399,ad3dc9c0d89def0eac241c92f58121f140e176a231529cb6a43dd4b929f9b77a
2023-02-22,412.7,414.0,412.21,414.0,https://www.sge.com.cn/sjzx/mrhqsj/10004404,3c8164c55532275f33ebbed5b53f5563550c4b445d1216c9d96a6344bee44399
2023-02-23,415.0,415.0,412.2,412.78,https://www.sge.com.cn/sjzx/mrhqsj/10004409,b7ddd9610970176f3a9f11fa10f3b558a956bba26b6a95c6b44d66ed3031f035
2023-02-24,412.78,414.7,411.9,414.01,https://www.sge.com.cn/sjzx/mrhqsj/10004415,95c532784b01603a6edafef4ed55f1c4cd6a4b39687c705a86ec98fa227b72ba
2023-02-27,414.5,414.5,412.82,413.04,https://www.sge.com.cn/sjzx/mrhqsj/10004424,edb92cd4be6249946573838722cb1bb1e59a5520d67a3d41f38d57aecd243887
2023-02-28,414.0,414.09,412.6,412.69,https://www.sge.com.cn/sjzx/mrhqsj/10004430,6041eb0ee11f18285b4e2341c9d334a8e118c84703120b5bc6dd841000eeab69
2023-03-01,413.3,416.9,412.5,414.75,https://www.sge.com.cn/sjzx/mrhqsj/10004436,01a0d79cda0212ac478966a0414b18d5be605e86e04e9d6266d7853e30c59e2e
2023-03-02,414.0,414.75,413.6,414.3,https://www.sge.com.cn/sjzx/mrhqsj/10004444,bc0d528d7f4ae8ab30a759bf25451b87ca6cf2c434cc00f21f28ffd90611fbc5
2023-03-03,415.0,416.49,414.2,416.21,https://www.sge.com.cn/sjzx/mrhqsj/10004449,e4898283ea305bc907b5b19364dfb95574236648ee44305ec4f53e1fcb12abde
2023-03-06,417.0,420.42,416.35,420.26,https://www.sge.com.cn/sjzx/mrhqsj/10004459,839e894b85266e1f32e587f8a0032cb18e3e2e7031ac488b1c7be5276cfd0f4b
2023-03-07,420.0,421.0,419.3,419.76,https://www.sge.com.cn/sjzx/mrhqsj/10004465,d9de490c9bc49fdf36380820d1aae0946ee894a079325c91838fcd2e26fb3d53
2023-03-08,418.6,418.6,414.8,415.22,https://www.sge.com.cn/sjzx/mrhqsj/10004471,018263c574f04ed3d87baf8a2de1188d2f0dd94a45e1e1cfc7745a25b93d83f3
2023-03-09,415.6,415.79,414.8,415.46,https://www.sge.com.cn/sjzx/mrhqsj/10004476,012e86936eef2203a240d639469f225e2da21bb478066c33adccd44233a561c0
2023-03-10,415.8,419.49,415.5,417.73,https://www.sge.com.cn/sjzx/mrhqsj/10004481,7654698db02b5c255d7d2bd1fe9ad107d9eadeecd739431484838eea1de64735
2023-03-13,417.5,424.18,417.4,421.45,https://www.sge.com.cn/sjzx/mrhqsj/10004488,a81213f7112e015006b54108bf55faf6b594c53031e7834d22f5da5eb120e3cb
2023-03-14,423.2,427.0,422.9,427.0,https://www.sge.com.cn/sjzx/mrhqsj/10004493,110e05e53e28c9e8f85bd1d4ee18a0185d2f0b67bbe2915158ca1d5766b71ac8
2023-03-15,426.5,427.0,425.0,426.56,https://www.sge.com.cn/sjzx/mrhqsj/10004498,e5d67dedfd8aff961e2a23bc8632218f182e58accc66bf0c0863447ba853b80a
2023-03-16,427.77,433.5,427.77,430.29,https://www.sge.com.cn/sjzx/mrhqsj/10004503,c3460a8b571bbe4e3495909bd41e278e791bedadb1e61c471d050b28350e8592
2023-03-17,432.0,433.0,430.0,432.42,https://www.sge.com.cn/sjzx/mrhqsj/10004508,0daa5fe32ff93dc1f6e53abb9e236431029ad7cb60c4db7cbd799de660bdb897
2023-03-20,433.0,466.72,433.0,449.23,https://www.sge.com.cn/sjzx/mrhqsj/10004517,c581efa13c67f6d569dcf673e5bfc5cc38e1fd33dcd4a13b64a95525ffd81edd
2023-03-21,449.0,449.0,424.09,441.36,https://www.sge.com.cn/sjzx/mrhqsj/10004528,743b4e2322dac6dbc0e45fca9a1f26dd5881378a4f6918cf7b3c6334c1ef2b00
2023-03-22,439.07,439.3,434.0,434.14,https://www.sge.com.cn/sjzx/mrhqsj/10004533,f84614519eec51e74be157a7048009d11cc22795853e71b88a8d2db663a68223
2023-03-23,434.0,439.09,433.3,438.2,https://www.sge.com.cn/sjzx/mrhqsj/10004541,29d9b59d05aae62bd22de938fa95015aba8780ca9cb03789d9973ac532b87c2b
2023-03-24,438.0,441.5,437.0,439.66,https://www.sge.com.cn/sjzx/mrhqsj/10004547,18778ff780f6773be10ad289bcb364119c93ff2a2542ecebee9285beb3020cae
2023-03-27,443.34,443.34,437.0,437.22,https://www.sge.com.cn/sjzx/mrhqsj/10004559,43e766d99adfa4586a1b91a086641950e3bbc1e08093020504700f5645d4f176
2023-03-28,435.3,438.29,433.9,435.81,https://www.sge.com.cn/sjzx/mrhqsj/10004565,24a9878cee85814f3d4b3bdbe27f948946e8c654351ea98117cb30c90cb6a61f
2023-03-29,435.8,438.87,435.8,437.01,https://www.sge.com.cn/sjzx/mrhqsj/10004572,6b05611a5d94d5a9a44f568b8d36b16fff72978e0aa759ef2fd3461e11bd3648
2023-03-30,437.5,439.49,436.51,437.19,https://www.sge.com.cn/sjzx/mrhqsj/10004579,ec4c08196f311fd53e3b50c7883915aaa6da344977b60a86bf456329346adcf2
2023-03-31,438.8,440.99,437.0,440.74,https://www.sge.com.cn/sjzx/mrhqsj/10004584,539f7e78444eab9d9f7c8a870d62a503934cb2baa3bd67ebab519dcaa3e8b987
2023-04-03,439.7,439.7,434.0,435.56,https://www.sge.com.cn/sjzx/mrhqsj/10004591,26dd9270b9f93f3ee991550464f7f3693e4fae7788e8f7afcc585f2c6b310990
2023-04-04,439.5,440.3,438.8,439.51,https://www.sge.com.cn/sjzx/mrhqsj/10004600,b3c92de4b60d71fc351db2c630556e34606bcf65c6cfd41c474829d9a19ec4f8
2023-04-06,446.0,446.9,445.6,446.69,https://www.sge.com.cn/sjzx/mrhqsj/10004611,be1bedf7fcd64dde74a0eebb677de1682faff91c0513fbd8cc3ed6bdf035a43e
2023-04-07,446.6,446.6,444.5,445.9,https://www.sge.com.cn/sjzx/mrhqsj/10004617,d33214ed9703599fc63d57b484e628a372cea56669bd7d95580dd3c4583ea467
2023-04-10,446.0,446.0,441.0,442.33,https://www.sge.com.cn/sjzx/mrhqsj/10004624,cde8f21c52e899b058b5f85c78b87140b4a63f56421713345c2fbad0707420e4
2023-04-11,442.0,444.2,441.0,444.19,https://www.sge.com.cn/sjzx/mrhqsj/10004629,3eb70bf85abde182126750c985cd04f24de5b63bedb012ebad65023fd88ab13d
2023-04-12,444.5,448.51,443.4,447.34,https://www.sge.com.cn/sjzx/mrhqsj/10004634,f5de281b9e47b439e7045f52b1c4afea1e95af5f695194712a01ba7f95c53726
2023-04-13,448.0,448.3,445.0,447.86,https://www.sge.com.cn/sjzx/mrhqsj/10004641,323400d796b730328845a5784b8109cc0af905ce1700eb38588419416dda0007
2023-04-14,449.68,451.65,449.0,449.35,https://www.sge.com.cn/sjzx/mrhqsj/10004646,d2396423e9757f6ce2e1fdd8a318e79fcc6608c6feaf8185855a71482c5b5be8
2023-04-17,449.5,449.5,442.5,445.44,https://www.sge.com.cn/sjzx/mrhqsj/10004653,76461a5e8145c680afe567225d7245368eeed5fc0ccd3684836818d5eba48545
2023-04-18,446.0,446.0,440.0,443.7,https://www.sge.com.cn/sjzx/mrhqsj/10004658,d22d6269f5446dfb9adce16ca87b01835a823ae20f981eaa12a8eaef112807be
2023-04-19,445.0,446.65,442.4,443.52,https://www.sge.com.cn/sjzx/mrhqsj/10004663,fada385953400e203d3a7b72c0dbdf0ffb7c82fe419b30a43e42efc14dc93477
2023-04-20,442.5,444.6,439.6,444.15,https://www.sge.com.cn/sjzx/mrhqsj/10004666,39c2ef578ef6bc87314ee987844e43de6eb4b9c0d8c827c09bf563deda3b8050
2023-04-21,444.15,445.69,441.5,442.44,https://www.sge.com.cn/sjzx/mrhqsj/10004674,0dda8994e5a8e3dcca2c88214d2e865b923d0def2206a6071af526feea61bf9c
2023-04-24,442.0,444.65,439.5,441.64,https://www.sge.com.cn/sjzx/mrhqsj/10004682,bde97b6a52a8f2c2ad3289cf69de0cd8da4c9c12a1b71fd5c2c68d0425b03a92
2023-04-25,441.5,445.7,440.0,445.44,https://www.sge.com.cn/sjzx/mrhqsj/10004688,bc63c55923bd965f04d8f0be57c7a415585828904d6e658ace9ba75827fc15e5
2023-04-26,447.18,447.18,442.3,445.93,https://www.sge.com.cn/sjzx/mrhqsj/10004697,a8c6d34b6bea4c064aa37da0b3c73e9b7d1ebed9111dbaa91c3bab1700e37d30
2023-04-27,446.2,447.0,444.5,446.72,https://www.sge.com.cn/sjzx/mrhqsj/10004702,b26a5b538fe02c7ef2868bacb87a0f79fa3b1af460b3e8cbce28e6eaad9dd623
2023-04-28,446.0,447.0,442.6,443.37,https://www.sge.com.cn/sjzx/mrhqsj/10004716,8568e6cea5d51d31481f8b949be39f4161006eaa1cd416c43068c80bafb33124
2023-05-04,447.49,457.0,447.49,452.79,https://www.sge.com.cn/sjzx/mrhqsj/10004726,4d2886ae8f51af7d5dd202287361e111de6017cebaea1ab9c812836c21d08c31
2023-05-05,453.7,456.7,452.95,454.92,https://www.sge.com.cn/sjzx/mrhqsj/10004731,e4aa4f257a375ed9d25db54c592f8b7f8cea30f6ab3e4ab07e26a623586f33ee
2023-05-08,453.0,453.0,446.2,450.3,https://www.sge.com.cn/sjzx/mrhqsj/10004738,e153265f0cf7108207b7a4cb2b27139346e67aa8b483f80cb8a2924e3059c1d1
2023-05-09,454.89,454.89,449.8,451.14,https://www.sge.com.cn/sjzx/mrhqsj/10004744,04456b81990912cda4668e7f7687bf3ce8006f621f55330c5bd0b83dec370b53
2023-05-10,453.5,453.5,451.3,452.6,https://www.sge.com.cn/sjzx/mrhqsj/10004750,f7161dbaf78276bb88eda8e1485be64d14d1cd1036cde21673687231099e355f
2023-05-11,452.6,455.19,452.0,452.86,https://www.sge.com.cn/sjzx/mrhqsj/10004756,25f7b42ea8a17688a099f3c65eab7a9e86f89c077e24289e0a654eb9fa8f669e
2023-05-12,454.5,454.5,449.1,450.41,https://www.sge.com.cn/sjzx/mrhqsj/10004761,0407aaacde3c2bcd6d483a142042415a3121fd9c65989c4690f04495489b7442
2023-05-15,450.0,453.49,450.0,452.13,https://www.sge.com.cn/sjzx/mrhqsj/10004771,1e1f5583ca2bd48690ebf2db12eebc78e92f8558f3fbdd3abe93f577fa38b22f
2023-05-16,455.49,455.49,450.0,450.96,https://www.sge.com.cn/sjzx/mrhqsj/10004774,19d562871f528238ac31edbb993971a5d929176f247afa639d4c13c28b5f56dd
2023-05-17,456.08,456.08,448.01,449.17,https://www.sge.com.cn/sjzx/mrhqsj/10004782,8e2178c0b6bb6cb327f887a14ae3372905282d7b0203c7678d76fc41cc7c0412
2023-05-18,456.04,456.04,447.0,448.5,https://www.sge.com.cn/sjzx/mrhqsj/10004786,26a793b1a4c5448c21e6d82c19d0abe649601e8e4c283af42d153bae25256434
2023-05-19,453.42,453.42,445.1,446.72,https://www.sge.com.cn/sjzx/mrhqsj/10004793,8af37caf813ed79f0c5c4b6213eb0519f17ad057e58cd1a13b8ef1190cdfd78f
2023-05-22,446.0,449.99,444.5,448.43,https://www.sge.com.cn/sjzx/mrhqsj/10004800,835684f1151d507158d9ce16a87a9933cbc87100aa23f4cd156cd7d658af997e
2023-05-23,448.3,448.55,446.0,446.0,https://www.sge.com.cn/sjzx/mrhqsj/10004807,691cdaf70c2bf2164fa9044c0dca1eac5a7a1e051ca3cbf74c48ef7bb24a0d6d
2023-05-24,452.71,452.71,446.49,448.87,https://www.sge.com.cn/sjzx/mrhqsj/10004813,afe09e2bc4c3cd31c1a1f1253f14ae30c73a78436e2a052df5729e4e61dfa655
2023-05-25,451.18,451.18,446.3,447.64,https://www.sge.com.cn/sjzx/mrhqsj/10004820,4ec6d2a1fa0cc605dde84c9e963068a054a7c1ea3705ddb0316a74654c52261b
2023-05-26,451.77,451.77,443.8,445.28,https://www.sge.com.cn/sjzx/mrhqsj/10004828,5348321cd094c310311e864dbe4af5930a1bbd84510eb23ca3556d1cfec5e53b
2023-05-29,446.99,446.99,443.4,444.56,https://www.sge.com.cn/sjzx/mrhqsj/10004835,dfb278477aa7af7ff4b47e35ad3d79fcb496b839f5ec6148918f91682f164678
2023-05-30,449.48,449.48,443.02,443.77,https://www.sge.com.cn/sjzx/mrhqsj/10004843,5ed25834f01a9d29dc3a5f5d6d8ab2cc79298c4ae1832c458b905c727848888d
2023-05-31,449.8,450.1,446.6,449.62,https://www.sge.com.cn/sjzx/mrhqsj/10004849,6c519d767dd8a68bb22cbd67d32afde8d8643c6a9b126c1e84e4a88c2cbbaa75
2023-06-01,479.94,479.94,449.15,449.23,https://www.sge.com.cn/sjzx/mrhqsj/10004854,2a154aaa8a7e1c5c6e16616afc908f447fb8de4974dfe0f4738a3ec27755f7a6
2023-06-02,455.71,455.71,450.0,451.11,https://www.sge.com.cn/sjzx/mrhqsj/10004860,c150af9ff78369304f0186a642a094419bd8aad68f884e01e43c5dd17f5ad545
2023-06-05,455.84,455.84,445.53,446.31,https://www.sge.com.cn/sjzx/mrhqsj/10004866,146b8c21e84d8bd6b7e49662cf011d71c182af0035d0f0773d091325a8fac959
2023-06-06,448.0,449.94,445.3,449.02,https://www.sge.com.cn/sjzx/mrhqsj/10004873,4eb94dd577c65f3877b68f18cd765c6891baf96d797020c5524f190e57ec895a
2023-06-07,453.79,453.79,448.0,449.29,https://www.sge.com.cn/sjzx/mrhqsj/10004878,da6d70a8bd9dcbb910ce2c55d55a1773b697476101acf277ea0e03f411217429
2023-06-08,454.86,454.86,447.15,447.59,https://www.sge.com.cn/sjzx/mrhqsj/10004881,898947a28ca38c4a7ac133c72f2f686328487bf09a4f3992a814d97c789c8ae9
2023-06-09,450.5,451.2,447.5,450.88,https://www.sge.com.cn/sjzx/mrhqsj/10004890,d00bb5789e300ee7261e35027e684bd102e9354b4932df8fada9206a5e69981f
2023-06-12,455.51,455.51,450.0,451.45,https://www.sge.com.cn/sjzx/mrhqsj/10004898,a11dc9b11c5f9d0271936c409c9c95e51d801a3770d255061d2448e036cd9c65
2023-06-13,454.0,454.0,449.7,453.21,https://www.sge.com.cn/sjzx/mrhqsj/10004903,274dae6baf8e27c1a1f889db35c08d0372aeaa277efca697269fb06c2b8d877e
2023-06-14,456.0,456.0,449.2,450.2,https://www.sge.com.cn/sjzx/mrhqsj/10004906,8e0b551deeca6e22ebe0c7ffa52effeec7ea2a2bdd85b49a580f630d89a5d916
2023-06-15,450.1,451.0,445.72,446.32,https://www.sge.com.cn/sjzx/mrhqsj/10004914,f79dc3873c4156bee0fc8cfbe0945dd295a0732767ef0343c7c2ef9e06261d1f
2023-06-16,451.0,451.0,446.0,450.07,https://www.sge.com.cn/sjzx/mrhqsj/10004922,41ba09014caff10636bd68a02fc52ca2b9590ff4e015695a4bb4d32b109b1a9a
2023-06-19,451.0,451.01,449.5,450.33,https://www.sge.com.cn/sjzx/mrhqsj/10004929,caf41ff6ba9c3e56e223eeff5cf46804aa09faee30ebd5d32da8f6a33469fe27
2023-06-20,452.0,452.0,449.8,451.13,https://www.sge.com.cn/sjzx/mrhqsj/10004932,db4d69528abdbc4a845330bbbf5122880302a0808538f5a62d9a56d74d77aebf
2023-06-21,452.3,452.3,447.4,449.97,https://www.sge.com.cn/sjzx/mrhqsj/10004943,3f378c31c01534bdfc02704c470093627b5b8c5d28026728919ca01aa10095f9
2023-06-26,449.9,449.9,448.0,449.3,https://www.sge.com.cn/sjzx/mrhqsj/10004950,9784edecf80de538c9483c1338d6694d383478a1e658cfde799e6cebe73b75fc
2023-06-27,453.34,453.34,447.9,449.25,https://www.sge.com.cn/sjzx/mrhqsj/10004956,386bc9b8bc06b5ba7db95ebd5d88e270d794f9b3f8b1e9d956c0e90bb81308fa
2023-06-28,454.38,454.38,446.0,446.8,https://www.sge.com.cn/sjzx/mrhqsj/10004963,a3bb285d2c4138d222559cf960047bef86757037b2fcafcf1a6062e1cfda089b
2023-06-29,448.5,448.5,447.0,447.09,https://www.sge.com.cn/sjzx/mrhqsj/10004965,1e9e5986e45248514c17d0a0096968e03012a7b6c4760650cc37681e12328da2
2023-06-30,450.0,450.0,446.0,448.47,https://www.sge.com.cn/sjzx/mrhqsj/10004980,b6bb907b7aa718e2e8e420345cb921fd83a709b1270d10fecd846094b2442a46
2023-07-03,449.0,450.99,448.9,449.5,https://www.sge.com.cn/sjzx/mrhqsj/10004987,e4a49ed7e15bb83294a2f7124c7165db992148548c5babf48394f0fd8a81f265
2023-07-04,453.0,453.0,449.5,450.0,https://www.sge.com.cn/sjzx/mrhqsj/10004992,ea34db7a314b337ba2d86296ab0d43b6580259c15505a9e9b5ff7bd32c9a901e
2023-07-05,451.0,451.0,450.0,450.74,https://www.sge.com.cn/sjzx/mrhqsj/10004998,7477fb5e47e7b31c9320b495fa6de16797651cb5dcdce39ccbca514690c681f5
2023-07-06,452.0,452.0,450.01,450.41,https://www.sge.com.cn/sjzx/mrhqsj/10005006,b80a44bf225f8cc48755d7560f564c2c8c89d17fa2a6d925704ca08d9ef6a369
2023-07-07,452.89,452.89,447.21,449.92,https://www.sge.com.cn/sjzx/mrhqsj/10005011,3ba89c9260d7f6ddbbf7dd8920c1cb99cd50d586166a0e382d06e8ec01f059d5
2023-07-10,453.9,453.9,449.0,451.35,https://www.sge.com.cn/sjzx/mrhqsj/10005017,85997948d36f5c6338b2e31010695b54a46cc570a7dc78812985f30b4fbd1253
2023-07-11,453.9,453.9,449.1,450.29,https://www.sge.com.cn/sjzx/mrhqsj/10005023,5861d00f548acfb8d2900b7bb29dc3903630ac1ed8898197352e94e8d7123376
2023-07-12,453.97,453.97,450.56,451.26,https://www.sge.com.cn/sjzx/mrhqsj/10005029,a7b87dd7354601c654a2a57aae664cd374a7195fe305e5981822bfb87b225c53
2023-07-13,453.6,455.39,451.5,454.9,https://www.sge.com.cn/sjzx/mrhqsj/10005034,bde72a5a66fec5f1a9721f04faf13d5c6f02e25e6778f4f9be185398ac87ef51
2023-07-14,455.0,455.0,452.3,452.5,https://www.sge.com.cn/sjzx/mrhqsj/10005039,6498a78e15f719884e2e6bef270ae69d0dc28fd105661ddcb3acb492784cfada
2023-07-17,456.59,456.59,453.2,454.15,https://www.sge.com.cn/sjzx/mrhqsj/10005045,5c85acf0003d1dd8c2918e887f29423b26e5702bb50d5ddb888787e091feb867
2023-07-18,456.0,456.35,453.5,456.34,https://www.sge.com.cn/sjzx/mrhqsj/10005053,da93f6b0b5075d4bd4998dd6dd6cfc583315918dbcf85e12bf56e5b0eecc506a
2023-07-19,458.6,462.2,456.45,462.17,https://www.sge.com.cn/sjzx/mrhqsj/10005059,f3865d973be471fbab0dc9c0f91906513f71567b4abc8a2c94117bae4234db64
2023-07-20,457.88,462.3,457.88,460.94,https://www.sge.com.cn/sjzx/mrhqsj/10005064,a2505fbe09161f4d19628efaf1e03f1f1ddaf994e4e657465462fb05958d27c2
2023-07-21,462.0,462.0,457.8,458.33,https://www.sge.com.cn/sjzx/mrhqsj/10005069,6f7ad11c4f479a359333f3dade39be7489447f2386b4bbed6e98dbd275946c83
2023-07-24,460.0,461.89,456.78,458.63,https://www.sge.com.cn/sjzx/mrhqsj/10005077,e04acc2be25787c0d02d0822cbc0a5da9c67dc430eda60036e2249a7679dfb20
2023-07-25,462.0,462.0,455.5,455.58,https://www.sge.com.cn/sjzx/mrhqsj/10005084,9de010f86952b7413316cac25921aa5b8dc79d2c3fe0800eec292df3775ed25f
2023-07-26,460.0,460.0,455.0,457.99,https://www.sge.com.cn/sjzx/mrhqsj/10005089,0e7df0aa3ccc8a42bd2e4356f3ee9971845e1efaeb91bafc843f82050743c115
2023-07-27,463.0,463.0,456.8,458.85,https://www.sge.com.cn/sjzx/mrhqsj/10005094,a7469a3c3e6d8c4caba9d2621974b46267c980b88c2f823e3f5f998b571b4bb7
2023-07-28,463.0,463.0,454.5,455.68,https://www.sge.com.cn/sjzx/mrhqsj/10005099,9dfdde5293aebb2e16b3c7657263fe318be234d0a0f94e8120cb9045c04d9249
2023-07-31,463.0,463.0,454.9,455.35,https://www.sge.com.cn/sjzx/mrhqsj/10005107,4c432fa29bae61223ddd441eb1c4f0a9bd4f5a29169d0be3ee03c4db2abc535e
2023-08-01,457.3,457.69,456.0,456.44,https://www.sge.com.cn/sjzx/mrhqsj/10005111,c823bba529fdbf38e7db6595a57ff7b1623219c3d56ccf3713093ffc16cf2a81
2023-08-02,457.5,457.5,454.5,456.81,https://www.sge.com.cn/sjzx/mrhqsj/10005116,0fbc7020a3e9cf0ae93b7b82a694381dcb9e7ce17ca081119963cb4c9d4ea727
2023-08-03,458.0,458.0,454.2,454.7,https://www.sge.com.cn/sjzx/mrhqsj/10005127,79660d7767f5d79bf90b55465d55a73bd3a0874f66fb0806ef896e9561fd3535
2023-08-04,454.5,460.0,453.2,454.02,https://www.sge.com.cn/sjzx/mrhqsj/10005132,799d7749c1ee790368b9642b332450ee4d65cc853650e5840bc9d095081e59b4
2023-08-07,494.3,494.3,454.0,454.89,https://www.sge.com.cn/sjzx/mrhqsj/10005139,bb61821c463b19a6be4accd50ffd13c356f671e3692d60f36ad967b2f3fd0e46
2023-08-08,459.0,459.0,453.5,454.84,https://www.sge.com.cn/sjzx/mrhqsj/10005145,a685b9de57dc20043056d719750d68c887bce03ad81989fc60e82c515950e073
2023-08-09,458.0,458.0,454.3,455.05,https://www.sge.com.cn/sjzx/mrhqsj/10005150,54747884325745dfe2301359de2144e989747a90ea7f2a3de0de11d30e28a6d4
2023-08-10,455.0,455.0,452.8,453.62,https://www.sge.com.cn/sjzx/mrhqsj/10005156,20c83875572327a2ca686838384e7bb7c26335b5dadcaa24182d4fd39ca2cf72
2023-08-11,455.0,456.0,453.9,455.25,https://www.sge.com.cn/sjzx/mrhqsj/10005161,d84e8d7aa53dac2e2ba75808a9a22a8c7de529058ee8833a3e16f92f64935415
2023-08-14,456.5,456.5,455.0,455.95,https://www.sge.com.cn/sjzx/mrhqsj/10005167,63b57c927b69356c600cd5c3e3800d4d330fd22addd96b991b4e0889598de559
2023-08-15,456.0,456.1,454.8,456.0,https://www.sge.com.cn/sjzx/mrhqsj/10005173,962281209255e7010d3337d06c8d341325edb3e4250b3f7f25f747e91aa95bf4
2023-08-16,465.0,465.0,456.2,456.79,https://www.sge.com.cn/sjzx/mrhqsj/10005178,d1f8b6f9a410cf07938198812edfcb83a872ed17058fb2291e921bb0a74be1d1
2023-08-17,465.0,465.0,455.8,456.7,https://www.sge.com.cn/sjzx/mrhqsj/10005184,38e22d95fba9f4d26d720fcb9e56b05b5b57f08fc3627ef3864ac9a6ab67e3c5
2023-08-18,465.0,465.0,455.6,456.1,https://www.sge.com.cn/sjzx/mrhqsj/10005189,f8cbc22f29fb84877d2d7fb5bad64d61f0c581a25dbb09869a2e2d6e129be439
2023-08-21,465.0,465.0,455.5,457.92,https://www.sge.com.cn/sjzx/mrhqsj/10005196,e3fe19bf9d83bd86482322a63910ea5f1426566a5752ea14646c0b98a7a9c567
2023-08-22,465.0,465.0,456.7,457.82,https://www.sge.com.cn/sjzx/mrhqsj/10005202,72b912554bf27adf21f09d172a1efc3608bf47b6b3671129175f9c2a716d92b1
2023-08-23,465.0,475.0,456.8,458.32,https://www.sge.com.cn/sjzx/mrhqsj/10005205,701b65a2099a2ad687827eb0f6d9af15513139bcdc5a129cefcf043a97afbdb3
2023-08-24,463.9,463.9,458.5,459.7,https://www.sge.com.cn/sjzx/mrhqsj/10005213,0caa0148a65b8769cd7dd7a7da5d1efb63f49d81681d6102adc8576640f6b09f
2023-08-25,468.0,468.0,458.6,459.0,https://www.sge.com.cn/sjzx/mrhqsj/10005221,7a846a7eb285092a4fb7229d1a250c629ccccf78a5f8830296a361a6dec76eea
2023-08-28,464.0,464.0,458.18,459.14,https://www.sge.com.cn/sjzx/mrhqsj/10005228,6e55305ac76bee7c375814620fb7785342a153ffd0b3e7ad6ec49acd6b3fb161
2023-08-29,469.0,469.0,459.6,460.35,https://www.sge.com.cn/sjzx/mrhqsj/10005234,2c8eba577cc8fcc0e9481d812a2a281b97dd3671941a89abfdab5ef8c53637b2
2023-08-30,470.0,470.0,460.35,461.96,https://www.sge.com.cn/sjzx/mrhqsj/10005239,6eb56ae8508becf34169fa0c28f7bea9b0554bef1ca01585913ad55b085cce59
2023-08-31,470.0,470.1,462.01,464.16,https://www.sge.com.cn/sjzx/mrhqsj/10005245,773267c6eff88d6b0b1f6bd30a9e68773781a4100f8f8806c12d8edfe2381a59
2023-09-01,475.0,475.0,461.5,463.79,https://www.sge.com.cn/sjzx/mrhqsj/10005250,7f41290d74ea3e945521057607fe015c7677d6d48be491911c43d54ea71616eb
2023-09-04,465.0,466.01,462.5,465.5,https://www.sge.com.cn/sjzx/mrhqsj/10005256,b2a6cd27f489656983693052a956bd0803df2a41d658505a8d6bccedef3a224e
2023-09-05,465.0,465.95,463.8,465.85,https://www.sge.com.cn/sjzx/mrhqsj/10005264,9b2253635e88586ad67ef2876c8f40107c3b23de1930f1cff4dd63fe69fa40ad
2023-09-06,466.0,466.0,464.12,464.13,https://www.sge.com.cn/sjzx/mrhqsj/10005267,d922387fa8a60abb4d320320bddc1432a05ab249545a5ca88aae892585b5766c
2023-09-07,465.0,465.7,464.25,464.38,https://www.sge.com.cn/sjzx/mrhqsj/10005275,1e1ddb0518d7e7e91b2a21ef71466c0607cd6eaf97c8f0092f15720ff8f78c48
2023-09-08,466.0,467.75,465.2,467.68,https://www.sge.com.cn/sjzx/mrhqsj/10005280,06680652e2efc5f2d1cae489eaffed9d8248498f7c1ec9b1a7323b1bf27933a3
2023-09-11,467.5,468.8,467.21,468.09,https://www.sge.com.cn/sjzx/mrhqsj/10005287,124421f5d22a352d234d11adeeed4c87a7fd388df10c80dfa664412b7e627059
2023-09-12,468.0,469.5,467.9,469.4,https://www.sge.com.cn/sjzx/mrhqsj/10005294,c50a659c36392fa3fdbea33c2bb2373a88fc379c5ab72ed663a57d735696b6fd
2023-09-13,469.0,470.9,468.0,470.21,https://www.sge.com.cn/sjzx/mrhqsj/10005299,55e1cb3edefb5bc0e44e533b033244ccb9909371269177ba264d99d98d81bb45
2023-09-14,475.0,475.0,470.1,474.7,https://www.sge.com.cn/sjzx/mrhqsj/10005306,b4bfdeb8534687acb67b7246f7eabfd06cfc5434150e959b91c7c4dc36fa8690
2023-09-15,476.0,480.4,467.05,469.6,https://www.sge.com.cn/sjzx/mrhqsj/10005313,41b37e03be71c477643ba0a17caa690ca5b1dd9564b37cd70accf2d8f4a19537
2023-09-18,477.99,477.99,467.0,469.18,https://www.sge.com.cn/sjzx/mrhqsj/10005320,197be1a5ea0edab6de4509a7abc478e94ef83251f3d9a958431ec67b690e886f
2023-09-19,469.5,471.7,468.0,471.26,https://www.sge.com.cn/sjzx/mrhqsj/10005325,3f0ee2e31ed8cbdd483cb118823c9a33c67764a9a5f861c1e86226ee291c2eec
2023-09-20,472.0,474.7,471.3,472.0,https://www.sge.com.cn/sjzx/mrhqsj/10005330,df331008b0934ae84ba49bd123011918468cb40634a59ac24a08d1c34be7df47
2023-09-21,474.2,476.0,472.2,472.83,https://www.sge.com.cn/sjzx/mrhqsj/10005336,6588a9bd288430ef2a98a3761b4fabe2b43e3bc3f7d48f42b41bded84dd74313
2023-09-22,471.0,473.6,469.4,471.72,https://www.sge.com.cn/sjzx/mrhqsj/10005344,8979ba55a57a9c599f0fa152796c707a27281dd6b4e530408d5db45deef95dd7
2023-09-25,470.0,475.75,470.0,475.73,https://www.sge.com.cn/sjzx/mrhqsj/10005352,4ef8aa793bb3e3dddefb7c05897bae5c282c71adde377bbe7504870d338494fa
2023-09-26,475.0,475.8,473.0,474.04,https://www.sge.com.cn/sjzx/mrhqsj/10005358,43b7a3f37b5daed58d1964c0c1bd91c8932626c7f3c7b2eb590ff87b88594325
2023-09-27,474.5,474.5,462.0,462.68,https://www.sge.com.cn/sjzx/mrhqsj/10005363,38b9381a2975741f35a049170d2d56cd0c55783379da38c16a1f027ddcb09b32
2023-09-28,467.0,467.0,445.5,447.1,https://www.sge.com.cn/sjzx/mrhqsj/10005372,2ca89154225839fd0aac3507680f2bdadc51538b1a188334cc345ed60e0547f2
2023-10-09,446.0,459.0,438.0,438.0,https://www.sge.com.cn/sjzx/mrhqsj/10005382,f65e1f9bfc571b1019b98c02fe7912384129ec0dcf2be0728211c7ca1b5391b6
2023-10-10,446.0,452.0,446.0,449.88,https://www.sge.com.cn/sjzx/mrhqsj/10005388,27f0e4d6136a5749b5a91714f29dd807800a0da95522997fa8a838721ece82a3
2023-10-11,435.5,451.5,435.5,450.42,https://www.sge.com.cn/sjzx/mrhqsj/10005397,376fc0c2b137b5264a2c8ab7c30df70869d55d7ee4be31c977af5bf3781baa82
2023-10-12,451.0,453.7,446.5,451.05,https://www.sge.com.cn/sjzx/mrhqsj/10005402,ad94596a9b66125d9c2e1538b69e1bca8ff78f40196b2ac3cbc8433cf6d4d144
2023-10-13,452.0,454.77,452.0,453.99,https://www.sge.com.cn/sjzx/mrhqsj/10005407,4bfd071d4a92ff71b27e78b97f2a1a8e7427ffeb94027c02520c19cba872ad27
2023-10-16,451.01,465.31,451.01,460.24,https://www.sge.com.cn/sjzx/mrhqsj/10005414,df40fb726fcd991c54aaae9553b82a39d2aa24d165e0f19843aeb80d2a7ec567
2023-10-17,460.1,463.5,460.0,462.61,https://www.sge.com.cn/sjzx/mrhqsj/10005418,6fb224e88369bcf98332c6bcc1740901d4e10d0bb15523572a03ebd2d06a7f00
2023-10-18,462.55,467.4,461.52,466.0,https://www.sge.com.cn/sjzx/mrhqsj/10005425,d2f810420227c67d18cf93f5ef3e0fcd6fab9c9b086d86742bfcdb30b96f25c3
2023-10-19,466.4,469.85,466.4,468.95,https://www.sge.com.cn/sjzx/mrhqsj/10005430,8f28cc4f8d86030489b015f524ed6da8fa358bddd72b0ba19595c900033101f1
2023-10-20,468.5,476.8,468.5,474.84,https://www.sge.com.cn/sjzx/mrhqsj/10005436,7c142fb2d4befd44827d4caf5dec3166eefb070ae870b168aa1e4b9b0dd57160
2023-10-23,465.31,475.97,465.31,472.47,https://www.sge.com.cn/sjzx/mrhqsj/10005443,299cb62f8087ce33e218d37fef64540185f04aa8dccbf1d2765755941a7facb9
2023-10-24,471.11,473.95,471.11,473.31,https://www.sge.com.cn/sjzx/mrhqsj/10005449,385d2509d09217d749d2ca0f539e39f42862a8588a1828eec4d502269e6e2026
2023-10-25,476.0,476.0,470.0,471.0,https://www.sge.com.cn/sjzx/mrhqsj/10005454,c45e85990eeb31bdbc28da4557f1924e125ede2fe9aa13e390ebf929fd954bc3
2023-10-26,470.01,474.5,469.6,474.17,https://www.sge.com.cn/sjzx/mrhqsj/10005459,8cc74a693dd7c234f43c19b459af02bfee63a7a99d3ec4e16290bb08ae67eaa5
2023-10-27,473.2,475.98,472.2,475.8,https://www.sge.com.cn/sjzx/mrhqsj/10005465,914129f0a88066d684e017a211ac12a5e78c3e5c6de944a156af9080ccfd279b
2023-10-30,474.5,488.0,473.68,476.9,https://www.sge.com.cn/sjzx/mrhqsj/10005471,e7749c32dd066aaf7cd7cd36beaac98a0b1100f5497f498adfffa7c3cfa83a12
2023-10-31,476.5,478.0,475.9,476.86,https://www.sge.com.cn/sjzx/mrhqsj/10005478,9a6fe2cbb9fb215b3b315ec257835312dc91aa72182d93f148cc6ab730c57d0d
2023-11-01,477.0,478.48,474.8,475.4,https://www.sge.com.cn/sjzx/mrhqsj/10005483,fc8bedc06988e47521d4418dee803ddba9d2d1f301fad9b18671a000322916c4
2023-11-02,474.67,477.15,474.0,476.32,https://www.sge.com.cn/sjzx/mrhqsj/10005488,7564e65e6997e999ced33bea45492b3840ac04e4cbb396f0537fd2950313de46
2023-11-03,476.0,477.0,474.61,476.99,https://www.sge.com.cn/sjzx/mrhqsj/10005493,31cb7ba760d05efd2a58060c6407dcbc931748a1fe7e2bc689630be64c552655
2023-11-06,476.0,479.0,474.02,474.63,https://www.sge.com.cn/sjzx/mrhqsj/10005500,83804ffaf566c407a231eb7b5e3dd4da5cc2c7654416058eba84aa7350694123
2023-11-07,473.0,475.0,471.0,471.44,https://www.sge.com.cn/sjzx/mrhqsj/10005510,4b934803745358e7436eafa5ee47dacd5a8dc77213522de9726fe5b17316d18f
2023-11-08,469.92,471.83,468.0,470.5,https://www.sge.com.cn/sjzx/mrhqsj/10005513,6e74dcf9ee26dbe76381d5a53b533fea205862aac888975498d8f07df56f2e29
2023-11-09,470.0,470.0,467.0,467.73,https://www.sge.com.cn/sjzx/mrhqsj/10005522,130ba460c9e83db2f8acefa508e1240c7a54acde227d907773611300406882af
2023-11-10,466.5,470.5,465.1,469.46,https://www.sge.com.cn/sjzx/mrhqsj/10005529,e89e5aad5d337456e51fe6174a5cd452472534e7162eacf6bc058a5380481622
2023-11-13,466.5,469.7,464.1,468.94,https://www.sge.com.cn/sjzx/mrhqsj/10005542,d0360762c3a04c4e85fb471a0d3dd0e1b0afb22e4b4a7fabe37a5b2084d97dd3
2023-11-14,467.7,470.8,465.0,470.78,https://www.sge.com.cn/sjzx/mrhqsj/10005549,8e4191c819f2282e885aa5e8dcc68cba28bdfb982adc6adda658c73fa63b9c1d
2023-11-15,468.11,472.4,468.11,471.55,https://www.sge.com.cn/sjzx/mrhqsj/10005554,7f144971faab2101650338107fa57ee5d55ad7ddee3282df0babeaa7b8cb48ea
2023-11-16,471.55,471.79,469.5,470.88,https://www.sge.com.cn/sjzx/mrhqsj/10005559,8dd258a7184f0ce06d8e697e9a288a99adb90864c924324a9cd3eec721e1bdc5
2023-11-17,469.3,473.0,469.3,471.65,https://www.sge.com.cn/sjzx/mrhqsj/10005567,b65d66e27c86108dcca080b808839af9314d68f3c2286d55a05e05a20224b3b1
2023-11-20,470.2,470.8,466.0,466.35,https://www.sge.com.cn/sjzx/mrhqsj/10005577,9a27bd5440516e7a712575fe15d2e28a92ca6775fa9e9247c246d1cac4c19a42
2023-11-21,464.0,467.0,463.1,466.79,https://www.sge.com.cn/sjzx/mrhqsj/10005583,c181ca556bac6309a4d1487f4ddb650e94019a6ddade76471335813a7b44061c
2023-11-22,464.5,469.0,464.4,465.69,https://www.sge.com.cn/sjzx/mrhqsj/10005588,896e2d2121ab2148dd7ae792c021eb0bea75ae7bf0df91a7cf35dd00255803f7
2023-11-23,463.2,467.0,463.2,465.0,https://www.sge.com.cn/sjzx/mrhqsj/10005592,ec548a80b02db7a2166fd3f809f0c77057d63121526d4b591f6b390bc3733add
2023-11-24,463.0,465.79,463.0,465.02,https://www.sge.com.cn/sjzx/mrhqsj/10005597,b0dc29741a859ac5e93dbf848096c2f82f5406856f5044bf32821db3c333d33e
2023-11-27,464.11,469.95,464.11,469.83,https://www.sge.com.cn/sjzx/mrhqsj/10005603,f7e85e4180ee7cf586ba5d4b5ae982f2ffadcd73011c0364d73c08447a78b2c0
2023-11-28,470.0,471.6,470.0,471.31,https://www.sge.com.cn/sjzx/mrhqsj/10005609,c341220b1ae2ce6041cf190e5284ac1ac1dfed7a319722db4a3139ac38205f01
2023-11-29,470.0,475.7,470.0,474.22,https://www.sge.com.cn/sjzx/mrhqsj/10005614,0939240d1ea6ae7a007ed8b862bcb9c7b6f146f30de1c1bb3921a907e9f9cd87
2023-11-30,473.5,475.2,473.5,474.04,https://www.sge.com.cn/sjzx/mrhqsj/10005617,3ff8d0b56268149d8a11acd39bbbdfd0b8009c7a639ce6c42752f6165fd6183c
2023-12-01,472.5,475.3,472.5,474.32,https://www.sge.com.cn/sjzx/mrhqsj/10005625,75f357c3f4cfcb07cb32cd99da6eb41311e638884c69c78ce35e9b06c3e10258
2023-12-04,475.0,487.0,475.0,480.45,https://www.sge.com.cn/sjzx/mrhqsj/10005633,758972b12004fea52b949d5c0620cca99c22cdda9642e6f600708cfe52890aa7
2023-12-05,479.5,480.5,471.5,473.93,https://www.sge.com.cn/sjzx/mrhqsj/10005639,38ca3c692c70f68517cd1f09b736e1d99f26a43c45b5d53b12355001ad53f9f2
2023-12-06,472.0,473.8,470.8,473.7,https://www.sge.com.cn/sjzx/mrhqsj/10005644,d0e32b1e09132631dae4996a22bb4ea596704ac3cf53519999e5b30984f1c58c
2023-12-07,471.9,474.79,471.9,474.45,https://www.sge.com.cn/sjzx/mrhqsj/10005651,b5bd7534fb2e0affd354485ff74695d5e6c3b71ac9422edd8cf88959b379a823
2023-12-08,473.3,474.9,472.8,474.1,https://www.sge.com.cn/sjzx/mrhqsj/10005656,62a25db2b55b3a348e014c8eac1eab92aa20545a183eb51d4f826953aea537bd
2023-12-11,474.6,474.6,468.2,469.34,https://www.sge.com.cn/sjzx/mrhqsj/10005663,01959cbf0669b27c2eccdef843348e9de207cdad742db6712584b009375521dd
2023-12-12,468.5,470.39,466.3,467.76,https://www.sge.com.cn/sjzx/mrhqsj/10005670,e3b5df3f7626b6901b0314e719c5efc21481c3cdfe7777a3493da84257c27f37
2023-12-13,472.0,472.0,465.0,466.01,https://www.sge.com.cn/sjzx/mrhqsj/10005677,6a67e92ad46a08031b6b49e6b049f6d04394f3ace090aec8854dd3e42c6f9682
2023-12-14,467.5,498.0,466.8,475.03,https://www.sge.com.cn/sjzx/mrhqsj/10005683,163af2867804642df5839290dfd98ae5528841cd3dfb04034c85918cbed1be60
2023-12-15,474.0,475.0,473.0,474.0,https://www.sge.com.cn/sjzx/mrhqsj/10005691,a41b45cca597584d8688972fc90a82a2b54f3f1fefc4ac7829d628575b293ecf
2023-12-18,480.0,480.0,470.1,473.82,https://www.sge.com.cn/sjzx/mrhqsj/10005700,8de267f339f987087cf51ec21bbea6196047c8ca6356b8cf0cbde9b891f48757
2023-12-19,473.82,474.7,471.8,473.99,https://www.sge.com.cn/sjzx/mrhqsj/10005704,998c3d0204e5c545529701326dab81a72036125ba10b5ca9d4f74b45e6d589d0
2023-12-20,478.0,478.0,473.0,476.6,https://www.sge.com.cn/sjzx/mrhqsj/10005712,e14580736a3d9db70d83c29d9cf376aa7c6cd37543726a8d2063371af69aeab6
2023-12-21,476.5,476.99,474.0,475.54,https://www.sge.com.cn/sjzx/mrhqsj/10005720,1bd730200da24fbacd19784d0253ad88d87bb0fe0598ea42b3bdde2564378874
2023-12-22,474.0,480.2,474.0,478.66,https://www.sge.com.cn/sjzx/mrhqsj/10005727,e5710c06748ff474f0406833a414912f60025833830d8743bae871cb27c6c2ea
2023-12-25,480.0,481.5,477.2,479.0,https://www.sge.com.cn/sjzx/mrhqsj/10005734,6c63009d4ad100b6b43cf0fa852ed7aec9771c3a69bb9c999e416095cb63b73f
2023-12-26,479.0,480.6,479.0,480.49,https://www.sge.com.cn/sjzx/mrhqsj/10005740,a33608f712f517022f930aee477c0cb7539b732cccbef25d36b7ee1265054915
2023-12-27,480.0,482.7,479.3,482.17,https://www.sge.com.cn/sjzx/mrhqsj/10005747,3ac9e4d35faa3f19004d98888c523748828265fc747db5bc851765fbd175dbf9
2023-12-28,481.6,484.5,481.6,482.19,https://www.sge.com.cn/sjzx/mrhqsj/10005752,560372f3bca19d73047dddb18a7a16c7e58b21e4924ef1347ddcf6ced1401583
2023-12-29,480.5,486.0,471.9,479.59,https://www.sge.com.cn/sjzx/mrhqsj/10005759,f164a3ab0d3d38d50c29b22430800ca00b7599e639c7bc12dc39f07adc23cfa2
